NAME,LGFE,LE,SITE_NR,POCKET_NR,POSE
1,-5.2,-0.8666666666666667,3,,./report/pdb_by_site/site_all_3_1_1.sdf
1,-5.13,-0.855,2,,./report/pdb_by_site/site_all_2_1_1.sdf
1,-4.856,-0.8093333333333333,2,,./report/pdb_by_site/site_all_2_1_2.sdf
1,-4.74,-0.79,10,,./report/pdb_by_site/site_all_10_1_1.sdf
1,-4.45,-0.7416666666666667,5,,./report/pdb_by_site/site_all_5_1_1.sdf
1,-4.28,-0.7133333333333334,11,,./report/pdb_by_site/site_all_11_1_1.sdf
1,-3.93,-0.655,9,,./report/pdb_by_site/site_all_9_1_1.sdf
1,-3.77,-0.6283333333333333,10,,./report/pdb_by_site/site_all_10_1_2.sdf
1,-3.7300000000000004,-0.6216666666666667,21,,./report/pdb_by_site/site_all_21_1_1.sdf
1,-3.6900000000000004,-0.6150000000000001,15,,./report/pdb_by_site/site_all_15_1_1.sdf
1,-3.67,-0.6116666666666667,24,,./report/pdb_by_site/site_all_24_1_1.sdf
1,-3.62,-0.6033333333333334,25,,./report/pdb_by_site/site_all_25_1_1.sdf
1,-3.55,-0.5916666666666667,53,,./report/pdb_by_site/site_all_53_1_1.sdf
1,-3.52,-0.5866666666666667,5,,./report/pdb_by_site/site_all_5_1_2.sdf
1,-3.5069999999999997,-0.5844999999999999,10,,./report/pdb_by_site/site_all_10_1_3.sdf
1,-3.363,-0.5605,22,,./report/pdb_by_site/site_all_22_1_1.sdf
1,-3.34,-0.5566666666666666,27,,./report/pdb_by_site/site_all_27_1_1.sdf
1,-3.3200000000000003,-0.5533333333333333,57,,./report/pdb_by_site/site_all_57_1_1.sdf
1,-3.2200000000000006,-0.5366666666666667,3,,./report/pdb_by_site/site_all_3_1_2.sdf
1,-3.141,-0.5235,11,,./report/pdb_by_site/site_all_11_1_2.sdf
1,-3.14,-0.5233333333333333,17,,./report/pdb_by_site/site_all_17_1_1.sdf
1,-3.12,-0.52,44,,./report/pdb_by_site/site_all_44_1_1.sdf
1,-3.0100000000000002,-0.5016666666666667,34,,./report/pdb_by_site/site_all_34_1_1.sdf
1,-2.96,-0.49333333333333335,30,,./report/pdb_by_site/site_all_30_1_1.sdf
1,-2.9360000000000004,-0.4893333333333334,20,,./report/pdb_by_site/site_all_20_1_1.sdf
1,-2.9000000000000004,-0.4833333333333334,18,,./report/pdb_by_site/site_all_18_1_1.sdf
1,-2.87,-0.47833333333333333,41,,./report/pdb_by_site/site_all_41_1_1.sdf
1,-2.861,-0.4768333333333334,19,,./report/pdb_by_site/site_all_19_1_1.sdf
1,-2.8329999999999997,-0.4721666666666666,19,,./report/pdb_by_site/site_all_19_1_2.sdf
1,-2.782,-0.46366666666666667,20,,./report/pdb_by_site/site_all_20_1_2.sdf
1,-2.7799999999999994,-0.4633333333333332,3,,./report/pdb_by_site/site_all_3_1_3.sdf
1,-2.75,-0.4583333333333333,35,,./report/pdb_by_site/site_all_35_1_1.sdf
1,-2.7489999999999997,-0.4581666666666666,26,,./report/pdb_by_site/site_all_26_1_1.sdf
1,-2.7399999999999998,-0.4566666666666666,30,,./report/pdb_by_site/site_all_30_1_2.sdf
1,-2.7273,-0.45455,12,,./report/pdb_by_site/site_all_12_1_1.sdf
1,-2.7,-0.45,41,,./report/pdb_by_site/site_all_41_1_2.sdf
1,-2.682,-0.447,74,,./report/pdb_by_site/site_all_74_1_1.sdf
1,-2.67,-0.445,10,,./report/pdb_by_site/site_all_10_1_4.sdf
1,-2.66,-0.44333333333333336,24,,./report/pdb_by_site/site_all_24_1_2.sdf
1,-2.5999999999999996,-0.4333333333333333,9,,./report/pdb_by_site/site_all_9_1_2.sdf
1,-2.551,-0.4251666666666667,74,,./report/pdb_by_site/site_all_74_1_2.sdf
1,-2.549,-0.42483333333333334,24,,./report/pdb_by_site/site_all_24_1_3.sdf
1,-2.525,-0.42083333333333334,3,,./report/pdb_by_site/site_all_3_1_4.sdf
1,-2.52,-0.42,41,,./report/pdb_by_site/site_all_41_1_3.sdf
1,-2.511,-0.41850000000000004,79,,./report/pdb_by_site/site_all_79_1_1.sdf
1,-2.471,-0.41183333333333333,101,,./report/pdb_by_site/site_all_101_1_1.sdf
1,-2.456,-0.4093333333333333,85,,./report/pdb_by_site/site_all_85_1_1.sdf
1,-2.439,-0.40650000000000003,58,,./report/pdb_by_site/site_all_58_1_1.sdf
1,-2.39,-0.3983333333333334,56,,./report/pdb_by_site/site_all_56_1_1.sdf
1,-2.3480000000000003,-0.39133333333333337,57,,./report/pdb_by_site/site_all_57_1_2.sdf
1,-2.33,-0.38833333333333336,77,,./report/pdb_by_site/site_all_77_1_1.sdf
1,-2.33,-0.38833333333333336,80,,./report/pdb_by_site/site_all_80_1_1.sdf
1,-2.325,-0.3875,75,,./report/pdb_by_site/site_all_75_1_1.sdf
1,-2.3089999999999997,-0.3848333333333333,75,,./report/pdb_by_site/site_all_75_1_2.sdf
1,-2.3000000000000003,-0.38333333333333336,36,,./report/pdb_by_site/site_all_36_1_1.sdf
1,-2.3,-0.3833333333333333,25,,./report/pdb_by_site/site_all_25_1_2.sdf
1,-2.28,-0.37999999999999995,57,,./report/pdb_by_site/site_all_57_1_3.sdf
1,-2.26,-0.37666666666666665,81,,./report/pdb_by_site/site_all_81_1_1.sdf
1,-2.251,-0.37516666666666665,58,,./report/pdb_by_site/site_all_58_1_2.sdf
1,-2.2359999999999998,-0.37266666666666665,36,,./report/pdb_by_site/site_all_36_1_2.sdf
1,-2.23,-0.37166666666666665,111,,./report/pdb_by_site/site_all_111_1_1.sdf
1,-2.2137,-0.36894999999999994,27,,./report/pdb_by_site/site_all_27_1_2.sdf
1,-2.192,-0.36533333333333334,38,,./report/pdb_by_site/site_all_38_1_1.sdf
1,-2.1893,-0.3648833333333333,51,,./report/pdb_by_site/site_all_51_1_1.sdf
1,-2.172,-0.36200000000000004,22,,./report/pdb_by_site/site_all_22_1_2.sdf
1,-2.15,-0.35833333333333334,75,,./report/pdb_by_site/site_all_75_1_3.sdf
1,-2.148,-0.35800000000000004,56,,./report/pdb_by_site/site_all_56_1_2.sdf
1,-2.1140000000000003,-0.3523333333333334,50,,./report/pdb_by_site/site_all_50_1_1.sdf
1,-2.113,-0.3521666666666667,56,,./report/pdb_by_site/site_all_56_1_3.sdf
1,-2.1,-0.35000000000000003,115,,./report/pdb_by_site/site_all_115_1_1.sdf
1,-2.1,-0.35000000000000003,111,,./report/pdb_by_site/site_all_111_1_2.sdf
1,-2.09,-0.34833333333333333,57,,./report/pdb_by_site/site_all_57_1_4.sdf
1,-2.063,-0.3438333333333334,36,,./report/pdb_by_site/site_all_36_1_3.sdf
2_1,-5.42,-0.9033333333333333,3,,./report/pdb_by_site/site_all_3_2_1_1.sdf
2_1,-4.890000000000001,-0.8150000000000001,9,,./report/pdb_by_site/site_all_9_2_1_1.sdf
2_1,-4.540000000000001,-0.7566666666666668,11,,./report/pdb_by_site/site_all_11_2_1_1.sdf
2_1,-4.46,-0.7433333333333333,2,,./report/pdb_by_site/site_all_2_2_1_1.sdf
2_1,-4.46,-0.7433333333333333,17,,./report/pdb_by_site/site_all_17_2_1_1.sdf
2_1,-4.37,-0.7283333333333334,2,,./report/pdb_by_site/site_all_2_2_1_2.sdf
2_1,-4.15,-0.6916666666666668,12,,./report/pdb_by_site/site_all_12_2_1_1.sdf
2_1,-3.92,-0.6533333333333333,21,,./report/pdb_by_site/site_all_21_2_1_1.sdf
2_1,-3.83,-0.6383333333333333,5,,./report/pdb_by_site/site_all_5_2_1_1.sdf
2_1,-3.75,-0.625,22,,./report/pdb_by_site/site_all_22_2_1_1.sdf
2_1,-3.7199999999999998,-0.62,19,,./report/pdb_by_site/site_all_19_2_1_1.sdf
2_1,-3.66,-0.61,9,,./report/pdb_by_site/site_all_9_2_1_2.sdf
2_1,-3.65,-0.6083333333333333,25,,./report/pdb_by_site/site_all_25_2_1_1.sdf
2_1,-3.63,-0.605,5,,./report/pdb_by_site/site_all_5_2_1_2.sdf
2_1,-3.62,-0.6033333333333334,10,,./report/pdb_by_site/site_all_10_2_1_1.sdf
2_1,-3.584,-0.5973333333333334,4,,./report/pdb_by_site/site_all_4_2_1_1.sdf
2_1,-3.57,-0.595,27,,./report/pdb_by_site/site_all_27_2_1_1.sdf
2_1,-3.55,-0.5916666666666667,41,,./report/pdb_by_site/site_all_41_2_1_1.sdf
2_1,-3.5100000000000002,-0.5850000000000001,18,,./report/pdb_by_site/site_all_18_2_1_1.sdf
2_1,-3.4779999999999998,-0.5796666666666667,10,,./report/pdb_by_site/site_all_10_2_1_2.sdf
2_1,-3.46,-0.5766666666666667,26,,./report/pdb_by_site/site_all_26_2_1_1.sdf
2_1,-3.45,-0.5750000000000001,5,,./report/pdb_by_site/site_all_5_2_1_3.sdf
2_1,-3.4400000000000004,-0.5733333333333334,20,,./report/pdb_by_site/site_all_20_2_1_1.sdf
2_1,-3.44,-0.5733333333333334,57,,./report/pdb_by_site/site_all_57_2_1_1.sdf
2_1,-3.415,-0.5691666666666667,41,,./report/pdb_by_site/site_all_41_2_1_2.sdf
2_1,-3.4000000000000004,-0.5666666666666668,3,,./report/pdb_by_site/site_all_3_2_1_2.sdf
2_1,-3.22,-0.5366666666666667,21,,./report/pdb_by_site/site_all_21_2_1_2.sdf
2_1,-3.2150000000000003,-0.5358333333333334,10,,./report/pdb_by_site/site_all_10_2_1_3.sdf
2_1,-3.2100000000000004,-0.535,24,,./report/pdb_by_site/site_all_24_2_1_1.sdf
2_1,-3.1100000000000003,-0.5183333333333334,58,,./report/pdb_by_site/site_all_58_2_1_1.sdf
2_1,-3.09,-0.515,5,,./report/pdb_by_site/site_all_5_2_1_4.sdf
2_1,-3.0,-0.5,49,,./report/pdb_by_site/site_all_49_2_1_1.sdf
2_1,-2.969,-0.4948333333333333,15,,./report/pdb_by_site/site_all_15_2_1_1.sdf
2_1,-2.96,-0.49333333333333335,56,,./report/pdb_by_site/site_all_56_2_1_1.sdf
2_1,-2.9299999999999997,-0.4883333333333333,30,,./report/pdb_by_site/site_all_30_2_1_1.sdf
2_1,-2.8699999999999997,-0.4783333333333333,70,,./report/pdb_by_site/site_all_70_2_1_1.sdf
2_1,-2.84,-0.47333333333333333,27,,./report/pdb_by_site/site_all_27_2_1_2.sdf
2_1,-2.84,-0.47333333333333333,80,,./report/pdb_by_site/site_all_80_2_1_1.sdf
2_1,-2.8,-0.4666666666666666,78,,./report/pdb_by_site/site_all_78_2_1_1.sdf
2_1,-2.76,-0.45999999999999996,11,,./report/pdb_by_site/site_all_11_2_1_2.sdf
2_1,-2.74,-0.4566666666666667,19,,./report/pdb_by_site/site_all_19_2_1_2.sdf
2_1,-2.73,-0.455,56,,./report/pdb_by_site/site_all_56_2_1_2.sdf
2_1,-2.7200000000000006,-0.4533333333333334,27,,./report/pdb_by_site/site_all_27_2_1_3.sdf
2_1,-2.7199999999999998,-0.4533333333333333,36,,./report/pdb_by_site/site_all_36_2_1_1.sdf
2_1,-2.7,-0.45,44,,./report/pdb_by_site/site_all_44_2_1_1.sdf
2_1,-2.6500000000000004,-0.4416666666666667,36,,./report/pdb_by_site/site_all_36_2_1_2.sdf
2_1,-2.645,-0.44083333333333335,20,,./report/pdb_by_site/site_all_20_2_1_2.sdf
2_1,-2.63,-0.4383333333333333,49,,./report/pdb_by_site/site_all_49_2_1_2.sdf
2_1,-2.62,-0.4366666666666667,30,,./report/pdb_by_site/site_all_30_2_1_2.sdf
2_1,-2.612,-0.43533333333333335,29,,./report/pdb_by_site/site_all_29_2_1_1.sdf
2_1,-2.6,-0.43333333333333335,77,,./report/pdb_by_site/site_all_77_2_1_1.sdf
2_1,-2.5900000000000003,-0.4316666666666667,53,,./report/pdb_by_site/site_all_53_2_1_1.sdf
2_1,-2.5699999999999994,-0.42833333333333323,80,,./report/pdb_by_site/site_all_80_2_1_2.sdf
2_1,-2.5620000000000003,-0.42700000000000005,3,,./report/pdb_by_site/site_all_3_2_1_3.sdf
2_1,-2.52,-0.42,85,,./report/pdb_by_site/site_all_85_2_1_1.sdf
2_1,-2.5,-0.4166666666666667,67,,./report/pdb_by_site/site_all_67_2_1_1.sdf
2_1,-2.49,-0.41500000000000004,77,,./report/pdb_by_site/site_all_77_2_1_2.sdf
2_1,-2.48,-0.41333333333333333,27,,./report/pdb_by_site/site_all_27_2_1_4.sdf
2_1,-2.45,-0.4083333333333334,96,,./report/pdb_by_site/site_all_96_2_1_1.sdf
2_1,-2.4000000000000004,-0.4000000000000001,79,,./report/pdb_by_site/site_all_79_2_1_1.sdf
2_1,-2.4000000000000004,-0.4000000000000001,75,,./report/pdb_by_site/site_all_75_2_1_1.sdf
2_1,-2.37,-0.395,103,,./report/pdb_by_site/site_all_103_2_1_1.sdf
2_1,-2.3600000000000003,-0.39333333333333337,58,,./report/pdb_by_site/site_all_58_2_1_2.sdf
2_1,-2.36,-0.3933333333333333,24,,./report/pdb_by_site/site_all_24_2_1_2.sdf
2_1,-2.35,-0.39166666666666666,57,,./report/pdb_by_site/site_all_57_2_1_2.sdf
2_1,-2.34,-0.38999999999999996,70,,./report/pdb_by_site/site_all_70_2_1_2.sdf
2_1,-2.29,-0.38166666666666665,108,,./report/pdb_by_site/site_all_108_2_1_1.sdf
2_1,-2.2899999999999996,-0.3816666666666666,9,,./report/pdb_by_site/site_all_9_2_1_3.sdf
2_1,-2.278,-0.37966666666666665,99,,./report/pdb_by_site/site_all_99_2_1_1.sdf
2_1,-2.26,-0.37666666666666665,10,,./report/pdb_by_site/site_all_10_2_1_4.sdf
2_1,-2.23,-0.37166666666666665,121,,./report/pdb_by_site/site_all_121_2_1_1.sdf
2_1,-2.2199999999999998,-0.36999999999999994,81,,./report/pdb_by_site/site_all_81_2_1_1.sdf
2_1,-2.18,-0.36333333333333334,85,,./report/pdb_by_site/site_all_85_2_1_2.sdf
2_1,-2.17,-0.36166666666666664,80,,./report/pdb_by_site/site_all_80_2_1_3.sdf
2_1,-2.1500000000000004,-0.3583333333333334,67,,./report/pdb_by_site/site_all_67_2_1_2.sdf
2_1,-2.14,-0.3566666666666667,116,,./report/pdb_by_site/site_all_116_2_1_1.sdf
2_1,-2.14,-0.3566666666666667,24,,./report/pdb_by_site/site_all_24_2_1_3.sdf
2_1,-2.1300000000000003,-0.35500000000000004,80,,./report/pdb_by_site/site_all_80_2_1_4.sdf
2_1,-2.12,-0.35333333333333333,22,,./report/pdb_by_site/site_all_22_2_1_2.sdf
2_1,-2.12,-0.35333333333333333,69,,./report/pdb_by_site/site_all_69_2_1_1.sdf
2_1,-2.1,-0.35000000000000003,98,,./report/pdb_by_site/site_all_98_2_1_1.sdf
2_1,-2.097,-0.3495,3,,./report/pdb_by_site/site_all_3_2_1_4.sdf
2_1,-2.08,-0.3466666666666667,26,,./report/pdb_by_site/site_all_26_2_1_2.sdf
2_1,-2.08,-0.3466666666666667,41,,./report/pdb_by_site/site_all_41_2_1_3.sdf
2_1,-2.07,-0.345,67,,./report/pdb_by_site/site_all_67_2_1_3.sdf
2_1,-2.06,-0.3433333333333333,11,,./report/pdb_by_site/site_all_11_2_1_3.sdf
2_1,-2.06,-0.3433333333333333,24,,./report/pdb_by_site/site_all_24_2_1_4.sdf
2_2,-4.640000000000001,-0.7733333333333334,36,,./report/pdb_by_site/site_all_36_2_2_1.sdf
2_2,-4.47,-0.745,3,,./report/pdb_by_site/site_all_3_2_2_1.sdf
2_2,-4.35,-0.725,2,,./report/pdb_by_site/site_all_2_2_2_1.sdf
2_2,-4.2700000000000005,-0.7116666666666668,5,,./report/pdb_by_site/site_all_5_2_2_1.sdf
2_2,-4.26,-0.71,12,,./report/pdb_by_site/site_all_12_2_2_1.sdf
2_2,-4.19,-0.6983333333333334,2,,./report/pdb_by_site/site_all_2_2_2_2.sdf
2_2,-4.19,-0.6983333333333334,17,,./report/pdb_by_site/site_all_17_2_2_1.sdf
2_2,-4.17,-0.695,5,,./report/pdb_by_site/site_all_5_2_2_2.sdf
2_2,-3.97,-0.6616666666666667,22,,./report/pdb_by_site/site_all_22_2_2_1.sdf
2_2,-3.82,-0.6366666666666666,11,,./report/pdb_by_site/site_all_11_2_2_1.sdf
2_2,-3.791,-0.6318333333333334,14,,./report/pdb_by_site/site_all_14_2_2_1.sdf
2_2,-3.79,-0.6316666666666667,26,,./report/pdb_by_site/site_all_26_2_2_1.sdf
2_2,-3.6799999999999997,-0.6133333333333333,18,,./report/pdb_by_site/site_all_18_2_2_1.sdf
2_2,-3.63,-0.605,58,,./report/pdb_by_site/site_all_58_2_2_1.sdf
2_2,-3.596,-0.5993333333333334,36,,./report/pdb_by_site/site_all_36_2_2_2.sdf
2_2,-3.54,-0.59,3,,./report/pdb_by_site/site_all_3_2_2_2.sdf
2_2,-3.54,-0.59,31,,./report/pdb_by_site/site_all_31_2_2_1.sdf
2_2,-3.5389999999999997,-0.5898333333333333,13,,./report/pdb_by_site/site_all_13_2_2_1.sdf
2_2,-3.4799999999999995,-0.58,9,,./report/pdb_by_site/site_all_9_2_2_1.sdf
2_2,-3.474,-0.5790000000000001,4,,./report/pdb_by_site/site_all_4_2_2_1.sdf
2_2,-3.4499999999999997,-0.575,21,,./report/pdb_by_site/site_all_21_2_2_1.sdf
2_2,-3.4399999999999995,-0.5733333333333333,5,,./report/pdb_by_site/site_all_5_2_2_3.sdf
2_2,-3.4299999999999997,-0.5716666666666667,25,,./report/pdb_by_site/site_all_25_2_2_1.sdf
2_2,-3.4,-0.5666666666666667,10,,./report/pdb_by_site/site_all_10_2_2_1.sdf
2_2,-3.391,-0.5651666666666667,15,,./report/pdb_by_site/site_all_15_2_2_1.sdf
2_2,-3.3200000000000003,-0.5533333333333333,36,,./report/pdb_by_site/site_all_36_2_2_3.sdf
2_2,-3.1100000000000003,-0.5183333333333334,49,,./report/pdb_by_site/site_all_49_2_2_1.sdf
2_2,-3.108,-0.518,31,,./report/pdb_by_site/site_all_31_2_2_2.sdf
2_2,-3.0799999999999996,-0.5133333333333333,21,,./report/pdb_by_site/site_all_21_2_2_2.sdf
2_2,-3.01,-0.5016666666666666,75,,./report/pdb_by_site/site_all_75_2_2_1.sdf
2_2,-2.95,-0.4916666666666667,38,,./report/pdb_by_site/site_all_38_2_2_1.sdf
2_2,-2.9499999999999997,-0.49166666666666664,30,,./report/pdb_by_site/site_all_30_2_2_1.sdf
2_2,-2.94,-0.49,9,,./report/pdb_by_site/site_all_9_2_2_2.sdf
2_2,-2.92,-0.48666666666666664,27,,./report/pdb_by_site/site_all_27_2_2_1.sdf
2_2,-2.92,-0.48666666666666664,76,,./report/pdb_by_site/site_all_76_2_2_1.sdf
2_2,-2.9,-0.48333333333333334,44,,./report/pdb_by_site/site_all_44_2_2_1.sdf
2_2,-2.8200000000000003,-0.47000000000000003,57,,./report/pdb_by_site/site_all_57_2_2_1.sdf
2_2,-2.7700000000000005,-0.4616666666666667,58,,./report/pdb_by_site/site_all_58_2_2_2.sdf
2_2,-2.7569999999999997,-0.45949999999999996,9,,./report/pdb_by_site/site_all_9_2_2_3.sdf
2_2,-2.75,-0.4583333333333333,96,,./report/pdb_by_site/site_all_96_2_2_1.sdf
2_2,-2.75,-0.4583333333333333,21,,./report/pdb_by_site/site_all_21_2_2_3.sdf
2_2,-2.75,-0.4583333333333333,19,,./report/pdb_by_site/site_all_19_2_2_1.sdf
2_2,-2.717,-0.45283333333333337,38,,./report/pdb_by_site/site_all_38_2_2_2.sdf
2_2,-2.69,-0.4483333333333333,5,,./report/pdb_by_site/site_all_5_2_2_4.sdf
2_2,-2.68,-0.4466666666666667,9,,./report/pdb_by_site/site_all_9_2_2_4.sdf
2_2,-2.67,-0.445,69,,./report/pdb_by_site/site_all_69_2_2_1.sdf
2_2,-2.669,-0.44483333333333336,40,,./report/pdb_by_site/site_all_40_2_2_1.sdf
2_2,-2.6600000000000006,-0.4433333333333334,41,,./report/pdb_by_site/site_all_41_2_2_1.sdf
2_2,-2.6500000000000004,-0.4416666666666667,25,,./report/pdb_by_site/site_all_25_2_2_2.sdf
2_2,-2.6200000000000006,-0.43666666666666676,27,,./report/pdb_by_site/site_all_27_2_2_2.sdf
2_2,-2.5999999999999996,-0.4333333333333333,70,,./report/pdb_by_site/site_all_70_2_2_1.sdf
2_2,-2.5700000000000003,-0.4283333333333334,30,,./report/pdb_by_site/site_all_30_2_2_2.sdf
2_2,-2.5500000000000007,-0.4250000000000001,10,,./report/pdb_by_site/site_all_10_2_2_2.sdf
2_2,-2.5389999999999997,-0.42316666666666664,4,,./report/pdb_by_site/site_all_4_2_2_2.sdf
2_2,-2.52,-0.42,41,,./report/pdb_by_site/site_all_41_2_2_2.sdf
2_2,-2.4859999999999998,-0.4143333333333333,27,,./report/pdb_by_site/site_all_27_2_2_3.sdf
2_2,-2.47,-0.4116666666666667,80,,./report/pdb_by_site/site_all_80_2_2_1.sdf
2_2,-2.4699999999999998,-0.4116666666666666,24,,./report/pdb_by_site/site_all_24_2_2_1.sdf
2_2,-2.466,-0.41100000000000003,31,,./report/pdb_by_site/site_all_31_2_2_3.sdf
2_2,-2.416,-0.4026666666666667,109,,./report/pdb_by_site/site_all_109_2_2_1.sdf
2_2,-2.414,-0.4023333333333334,15,,./report/pdb_by_site/site_all_15_2_2_2.sdf
2_2,-2.3850000000000002,-0.3975,65,,./report/pdb_by_site/site_all_65_2_2_1.sdf
2_2,-2.3699999999999997,-0.39499999999999996,20,,./report/pdb_by_site/site_all_20_2_2_1.sdf
2_2,-2.36,-0.3933333333333333,30,,./report/pdb_by_site/site_all_30_2_2_3.sdf
2_2,-2.3413,-0.39021666666666666,78,,./report/pdb_by_site/site_all_78_2_2_1.sdf
2_2,-2.295,-0.3825,60,,./report/pdb_by_site/site_all_60_2_2_1.sdf
2_2,-2.2899999999999996,-0.3816666666666666,27,,./report/pdb_by_site/site_all_27_2_2_4.sdf
2_2,-2.286,-0.381,58,,./report/pdb_by_site/site_all_58_2_2_3.sdf
2_2,-2.2800000000000002,-0.38000000000000006,79,,./report/pdb_by_site/site_all_79_2_2_1.sdf
2_2,-2.26,-0.37666666666666665,36,,./report/pdb_by_site/site_all_36_2_2_4.sdf
2_2,-2.247,-0.3745,38,,./report/pdb_by_site/site_all_38_2_2_3.sdf
2_2,-2.245,-0.3741666666666667,24,,./report/pdb_by_site/site_all_24_2_2_2.sdf
2_2,-2.233,-0.3721666666666667,100,,./report/pdb_by_site/site_all_100_2_2_1.sdf
2_2,-2.211,-0.3685,118,,./report/pdb_by_site/site_all_118_2_2_1.sdf
2_2,-2.1799999999999997,-0.3633333333333333,57,,./report/pdb_by_site/site_all_57_2_2_2.sdf
2_2,-2.16,-0.36000000000000004,53,,./report/pdb_by_site/site_all_53_2_2_1.sdf
2_2,-2.145,-0.3575,22,,./report/pdb_by_site/site_all_22_2_2_2.sdf
2_2,-2.139,-0.3565,38,,./report/pdb_by_site/site_all_38_2_2_4.sdf
2_2,-2.132,-0.35533333333333333,81,,./report/pdb_by_site/site_all_81_2_2_1.sdf
2_2,-2.12,-0.35333333333333333,36,,./report/pdb_by_site/site_all_36_2_2_5.sdf
2_2,-2.11,-0.3516666666666666,92,,./report/pdb_by_site/site_all_92_2_2_1.sdf
2_2,-2.092,-0.3486666666666667,90,,./report/pdb_by_site/site_all_90_2_2_1.sdf
2_2,-2.08,-0.3466666666666667,10,,./report/pdb_by_site/site_all_10_2_2_3.sdf
2_2,-2.0799999999999996,-0.3466666666666666,2,,./report/pdb_by_site/site_all_2_2_2_3.sdf
2_2,-2.045,-0.3408333333333333,69,,./report/pdb_by_site/site_all_69_2_2_2.sdf
2_2,-2.02,-0.33666666666666667,53,,./report/pdb_by_site/site_all_53_2_2_2.sdf
2_2,-2.013,-0.33549999999999996,39,,./report/pdb_by_site/site_all_39_2_2_1.sdf
2_2,-2.0100000000000002,-0.335,57,,./report/pdb_by_site/site_all_57_2_2_3.sdf
3,-4.7299999999999995,-0.946,3,,./report/pdb_by_site/site_all_3_3_1.sdf
3,-4.05,-0.8099999999999999,10,,./report/pdb_by_site/site_all_10_3_1.sdf
3,-3.88,-0.776,21,,./report/pdb_by_site/site_all_21_3_1.sdf
3,-3.79,-0.758,11,,./report/pdb_by_site/site_all_11_3_1.sdf
3,-3.7500000000000004,-0.7500000000000001,9,,./report/pdb_by_site/site_all_9_3_1.sdf
3,-3.7199999999999998,-0.744,5,,./report/pdb_by_site/site_all_5_3_1.sdf
3,-3.5500000000000003,-0.7100000000000001,15,,./report/pdb_by_site/site_all_15_3_1.sdf
3,-3.21,-0.642,10,,./report/pdb_by_site/site_all_10_3_2.sdf
3,-3.19,-0.638,2,,./report/pdb_by_site/site_all_2_3_1.sdf
3,-3.18,-0.636,5,,./report/pdb_by_site/site_all_5_3_2.sdf
3,-3.1799999999999997,-0.6359999999999999,24,,./report/pdb_by_site/site_all_24_3_1.sdf
3,-3.108,-0.6216,10,,./report/pdb_by_site/site_all_10_3_3.sdf
3,-3.0000000000000004,-0.6000000000000001,2,,./report/pdb_by_site/site_all_2_3_2.sdf
3,-2.93,-0.5860000000000001,22,,./report/pdb_by_site/site_all_22_3_1.sdf
3,-2.8800000000000003,-0.5760000000000001,27,,./report/pdb_by_site/site_all_27_3_1.sdf
3,-2.84,-0.568,20,,./report/pdb_by_site/site_all_20_3_1.sdf
3,-2.83,-0.5660000000000001,17,,./report/pdb_by_site/site_all_17_3_1.sdf
3,-2.74,-0.548,34,,./report/pdb_by_site/site_all_34_3_1.sdf
3,-2.669,-0.5338,27,,./report/pdb_by_site/site_all_27_3_2.sdf
3,-2.66,-0.532,38,,./report/pdb_by_site/site_all_38_3_1.sdf
3,-2.66,-0.532,18,,./report/pdb_by_site/site_all_18_3_1.sdf
3,-2.6500000000000004,-0.53,3,,./report/pdb_by_site/site_all_3_3_2.sdf
3,-2.62,-0.524,12,,./report/pdb_by_site/site_all_12_3_1.sdf
3,-2.5999999999999996,-0.5199999999999999,5,,./report/pdb_by_site/site_all_5_3_3.sdf
3,-2.593,-0.5186,2,,./report/pdb_by_site/site_all_2_3_3.sdf
3,-2.584,-0.5168,19,,./report/pdb_by_site/site_all_19_3_1.sdf
3,-2.58,-0.516,3,,./report/pdb_by_site/site_all_3_3_3.sdf
3,-2.575,-0.515,2,,./report/pdb_by_site/site_all_2_3_4.sdf
3,-2.574,-0.5147999999999999,20,,./report/pdb_by_site/site_all_20_3_2.sdf
3,-2.5500000000000003,-0.51,25,,./report/pdb_by_site/site_all_25_3_1.sdf
3,-2.55,-0.51,3,,./report/pdb_by_site/site_all_3_3_4.sdf
3,-2.4400000000000004,-0.4880000000000001,44,,./report/pdb_by_site/site_all_44_3_1.sdf
3,-2.431,-0.4862,9,,./report/pdb_by_site/site_all_9_3_2.sdf
3,-2.41,-0.48200000000000004,30,,./report/pdb_by_site/site_all_30_3_1.sdf
3,-2.38,-0.476,57,,./report/pdb_by_site/site_all_57_3_1.sdf
3,-2.36,-0.472,10,,./report/pdb_by_site/site_all_10_3_4.sdf
3,-2.328,-0.46559999999999996,17,,./report/pdb_by_site/site_all_17_3_2.sdf
3,-2.25,-0.45,30,,./report/pdb_by_site/site_all_30_3_2.sdf
3,-2.24,-0.44800000000000006,5,,./report/pdb_by_site/site_all_5_3_4.sdf
3,-2.2199999999999998,-0.44399999999999995,36,,./report/pdb_by_site/site_all_36_3_1.sdf
3,-2.2,-0.44000000000000006,30,,./report/pdb_by_site/site_all_30_3_3.sdf
3,-2.1799999999999997,-0.43599999999999994,2,,./report/pdb_by_site/site_all_2_3_5.sdf
3,-2.1650000000000005,-0.4330000000000001,53,,./report/pdb_by_site/site_all_53_3_1.sdf
3,-2.12,-0.42400000000000004,41,,./report/pdb_by_site/site_all_41_3_1.sdf
3,-2.0999999999999996,-0.41999999999999993,4,,./report/pdb_by_site/site_all_4_3_1.sdf
3,-2.08,-0.41600000000000004,74,,./report/pdb_by_site/site_all_74_3_1.sdf
3,-2.063,-0.4126,53,,./report/pdb_by_site/site_all_53_3_2.sdf
3,-2.0500000000000003,-0.41000000000000003,56,,./report/pdb_by_site/site_all_56_3_1.sdf
3,-2.05,-0.41,10,,./report/pdb_by_site/site_all_10_3_5.sdf
3,-2.05,-0.41,56,,./report/pdb_by_site/site_all_56_3_2.sdf
3,-2.038,-0.40759999999999996,26,,./report/pdb_by_site/site_all_26_3_1.sdf
3,-2.0100000000000002,-0.402,61,,./report/pdb_by_site/site_all_61_3_1.sdf
4,-3.85,-0.77,9,,./report/pdb_by_site/site_all_9_4_1.sdf
4,-3.79,-0.758,3,,./report/pdb_by_site/site_all_3_4_1.sdf
4,-3.4400000000000004,-0.6880000000000001,2,,./report/pdb_by_site/site_all_2_4_1.sdf
4,-3.37,-0.674,17,,./report/pdb_by_site/site_all_17_4_1.sdf
4,-3.3100000000000005,-0.6620000000000001,4,,./report/pdb_by_site/site_all_4_4_1.sdf
4,-3.1900000000000004,-0.6380000000000001,11,,./report/pdb_by_site/site_all_11_4_1.sdf
4,-3.13,-0.626,41,,./report/pdb_by_site/site_all_41_4_1.sdf
4,-3.09,-0.618,2,,./report/pdb_by_site/site_all_2_4_2.sdf
4,-3.0,-0.6,10,,./report/pdb_by_site/site_all_10_4_1.sdf
4,-2.9400000000000004,-0.5880000000000001,30,,./report/pdb_by_site/site_all_30_4_1.sdf
4,-2.92,-0.584,26,,./report/pdb_by_site/site_all_26_4_1.sdf
4,-2.893,-0.5786,22,,./report/pdb_by_site/site_all_22_4_1.sdf
4,-2.88,-0.576,12,,./report/pdb_by_site/site_all_12_4_1.sdf
4,-2.8200000000000003,-0.5640000000000001,19,,./report/pdb_by_site/site_all_19_4_1.sdf
4,-2.8200000000000003,-0.5640000000000001,25,,./report/pdb_by_site/site_all_25_4_1.sdf
4,-2.78,-0.5559999999999999,20,,./report/pdb_by_site/site_all_20_4_1.sdf
4,-2.7500000000000004,-0.55,5,,./report/pdb_by_site/site_all_5_4_1.sdf
4,-2.72,-0.544,24,,./report/pdb_by_site/site_all_24_4_1.sdf
4,-2.69,-0.538,21,,./report/pdb_by_site/site_all_21_4_1.sdf
4,-2.6799999999999997,-0.5359999999999999,50,,./report/pdb_by_site/site_all_50_4_1.sdf
4,-2.67,-0.534,56,,./report/pdb_by_site/site_all_56_4_1.sdf
4,-2.66,-0.532,3,,./report/pdb_by_site/site_all_3_4_2.sdf
4,-2.63,-0.526,57,,./report/pdb_by_site/site_all_57_4_1.sdf
4,-2.62,-0.524,70,,./report/pdb_by_site/site_all_70_4_1.sdf
4,-2.6,-0.52,18,,./report/pdb_by_site/site_all_18_4_1.sdf
4,-2.58,-0.516,50,,./report/pdb_by_site/site_all_50_4_2.sdf
4,-2.51,-0.502,36,,./report/pdb_by_site/site_all_36_4_1.sdf
4,-2.39,-0.47800000000000004,26,,./report/pdb_by_site/site_all_26_4_2.sdf
4,-2.29,-0.458,80,,./report/pdb_by_site/site_all_80_4_1.sdf
4,-2.25,-0.45,98,,./report/pdb_by_site/site_all_98_4_1.sdf
4,-2.22,-0.44400000000000006,5,,./report/pdb_by_site/site_all_5_4_2.sdf
4,-2.17,-0.434,67,,./report/pdb_by_site/site_all_67_4_1.sdf
4,-2.16,-0.43200000000000005,58,,./report/pdb_by_site/site_all_58_4_1.sdf
4,-2.1599999999999997,-0.43199999999999994,15,,./report/pdb_by_site/site_all_15_4_1.sdf
4,-2.1500000000000004,-0.43000000000000005,77,,./report/pdb_by_site/site_all_77_4_1.sdf
4,-2.11,-0.422,49,,./report/pdb_by_site/site_all_49_4_1.sdf
4,-2.1,-0.42000000000000004,49,,./report/pdb_by_site/site_all_49_4_2.sdf
4,-2.1,-0.42000000000000004,58,,./report/pdb_by_site/site_all_58_4_2.sdf
4,-2.0599999999999996,-0.4119999999999999,96,,./report/pdb_by_site/site_all_96_4_1.sdf
4,-2.0300000000000002,-0.406,20,,./report/pdb_by_site/site_all_20_4_2.sdf
5,-4.25,-0.85,3,,./report/pdb_by_site/site_all_3_5_1.sdf
5,-4.02,-0.8039999999999999,2,,./report/pdb_by_site/site_all_2_5_1.sdf
5,-3.9899999999999998,-0.7979999999999999,9,,./report/pdb_by_site/site_all_9_5_1.sdf
5,-3.81,-0.762,17,,./report/pdb_by_site/site_all_17_5_1.sdf
5,-3.6700000000000004,-0.7340000000000001,11,,./report/pdb_by_site/site_all_11_5_1.sdf
5,-3.62,-0.724,2,,./report/pdb_by_site/site_all_2_5_2.sdf
5,-3.5700000000000003,-0.7140000000000001,41,,./report/pdb_by_site/site_all_41_5_1.sdf
5,-3.38,-0.6759999999999999,2,,./report/pdb_by_site/site_all_2_5_3.sdf
5,-3.34,-0.6679999999999999,18,,./report/pdb_by_site/site_all_18_5_1.sdf
5,-3.1900000000000004,-0.6380000000000001,12,,./report/pdb_by_site/site_all_12_5_1.sdf
5,-3.16,-0.632,41,,./report/pdb_by_site/site_all_41_5_2.sdf
5,-3.02,-0.604,5,,./report/pdb_by_site/site_all_5_5_1.sdf
5,-3.0100000000000002,-0.6020000000000001,10,,./report/pdb_by_site/site_all_10_5_1.sdf
5,-2.9699999999999998,-0.594,25,,./report/pdb_by_site/site_all_25_5_1.sdf
5,-2.92,-0.584,10,,./report/pdb_by_site/site_all_10_5_2.sdf
5,-2.8899999999999997,-0.578,26,,./report/pdb_by_site/site_all_26_5_1.sdf
5,-2.87,-0.5740000000000001,50,,./report/pdb_by_site/site_all_50_5_1.sdf
5,-2.8600000000000003,-0.5720000000000001,3,,./report/pdb_by_site/site_all_3_5_2.sdf
5,-2.86,-0.572,50,,./report/pdb_by_site/site_all_50_5_2.sdf
5,-2.85,-0.5700000000000001,19,,./report/pdb_by_site/site_all_19_5_1.sdf
5,-2.85,-0.5700000000000001,30,,./report/pdb_by_site/site_all_30_5_1.sdf
5,-2.7800000000000002,-0.556,10,,./report/pdb_by_site/site_all_10_5_3.sdf
5,-2.78,-0.5559999999999999,10,,./report/pdb_by_site/site_all_10_5_4.sdf
5,-2.77,-0.554,22,,./report/pdb_by_site/site_all_22_5_1.sdf
5,-2.76,-0.5519999999999999,5,,./report/pdb_by_site/site_all_5_5_2.sdf
5,-2.75,-0.55,57,,./report/pdb_by_site/site_all_57_5_1.sdf
5,-2.7399999999999998,-0.5479999999999999,5,,./report/pdb_by_site/site_all_5_5_3.sdf
5,-2.7399999999999998,-0.5479999999999999,19,,./report/pdb_by_site/site_all_19_5_2.sdf
5,-2.69,-0.538,20,,./report/pdb_by_site/site_all_20_5_1.sdf
5,-2.66,-0.532,3,,./report/pdb_by_site/site_all_3_5_3.sdf
5,-2.56,-0.512,58,,./report/pdb_by_site/site_all_58_5_1.sdf
5,-2.56,-0.512,4,,./report/pdb_by_site/site_all_4_5_1.sdf
5,-2.55,-0.51,21,,./report/pdb_by_site/site_all_21_5_1.sdf
5,-2.52,-0.504,24,,./report/pdb_by_site/site_all_24_5_1.sdf
5,-2.42,-0.484,80,,./report/pdb_by_site/site_all_80_5_1.sdf
5,-2.41,-0.48200000000000004,5,,./report/pdb_by_site/site_all_5_5_4.sdf
5,-2.4099999999999997,-0.48199999999999993,49,,./report/pdb_by_site/site_all_49_5_1.sdf
5,-2.38,-0.476,56,,./report/pdb_by_site/site_all_56_5_1.sdf
5,-2.38,-0.476,49,,./report/pdb_by_site/site_all_49_5_2.sdf
5,-2.37,-0.47400000000000003,98,,./report/pdb_by_site/site_all_98_5_1.sdf
5,-2.3699999999999997,-0.4739999999999999,21,,./report/pdb_by_site/site_all_21_5_2.sdf
5,-2.32,-0.46399999999999997,67,,./report/pdb_by_site/site_all_67_5_1.sdf
5,-2.32,-0.46399999999999997,44,,./report/pdb_by_site/site_all_44_5_1.sdf
5,-2.3,-0.45999999999999996,5,,./report/pdb_by_site/site_all_5_5_5.sdf
5,-2.27,-0.454,27,,./report/pdb_by_site/site_all_27_5_1.sdf
5,-2.25,-0.45,96,,./report/pdb_by_site/site_all_96_5_1.sdf
5,-2.25,-0.45,24,,./report/pdb_by_site/site_all_24_5_2.sdf
5,-2.19,-0.438,77,,./report/pdb_by_site/site_all_77_5_1.sdf
5,-2.17,-0.434,30,,./report/pdb_by_site/site_all_30_5_2.sdf
5,-2.15,-0.43,70,,./report/pdb_by_site/site_all_70_5_1.sdf
5,-2.14,-0.42800000000000005,17,,./report/pdb_by_site/site_all_17_5_2.sdf
5,-2.13,-0.426,3,,./report/pdb_by_site/site_all_3_5_4.sdf
5,-2.13,-0.426,36,,./report/pdb_by_site/site_all_36_5_1.sdf
5,-2.13,-0.426,15,,./report/pdb_by_site/site_all_15_5_1.sdf
5,-2.1,-0.42000000000000004,30,,./report/pdb_by_site/site_all_30_5_3.sdf
5,-2.1,-0.42000000000000004,53,,./report/pdb_by_site/site_all_53_5_1.sdf
5,-2.09,-0.418,67,,./report/pdb_by_site/site_all_67_5_2.sdf
5,-2.08,-0.41600000000000004,77,,./report/pdb_by_site/site_all_77_5_2.sdf
5,-2.06,-0.41200000000000003,26,,./report/pdb_by_site/site_all_26_5_2.sdf
5,-2.06,-0.41200000000000003,58,,./report/pdb_by_site/site_all_58_5_2.sdf
5,-2.04,-0.40800000000000003,80,,./report/pdb_by_site/site_all_80_5_2.sdf
5,-2.04,-0.40800000000000003,57,,./report/pdb_by_site/site_all_57_5_2.sdf
6,-6.63,-1.105,3,,./report/pdb_by_site/site_all_3_6_1.sdf
6,-6.029999999999999,-1.005,4,,./report/pdb_by_site/site_all_4_6_1.sdf
6,-5.15,-0.8583333333333334,11,,./report/pdb_by_site/site_all_11_6_1.sdf
6,-5.01,-0.835,9,,./report/pdb_by_site/site_all_9_6_1.sdf
6,-4.930000000000001,-0.8216666666666668,21,,./report/pdb_by_site/site_all_21_6_1.sdf
6,-4.8100000000000005,-0.8016666666666667,10,,./report/pdb_by_site/site_all_10_6_1.sdf
6,-4.8,-0.7999999999999999,2,,./report/pdb_by_site/site_all_2_6_1.sdf
6,-4.7,-0.7833333333333333,11,,./report/pdb_by_site/site_all_11_6_2.sdf
6,-4.699999999999999,-0.7833333333333332,10,,./report/pdb_by_site/site_all_10_6_2.sdf
6,-4.62,-0.77,5,,./report/pdb_by_site/site_all_5_6_1.sdf
6,-4.43,-0.7383333333333333,27,,./report/pdb_by_site/site_all_27_6_1.sdf
6,-4.388999999999999,-0.7314999999999999,15,,./report/pdb_by_site/site_all_15_6_1.sdf
6,-4.333,-0.7221666666666667,20,,./report/pdb_by_site/site_all_20_6_1.sdf
6,-4.32,-0.7200000000000001,5,,./report/pdb_by_site/site_all_5_6_2.sdf
6,-4.25,-0.7083333333333334,24,,./report/pdb_by_site/site_all_24_6_1.sdf
6,-4.04,-0.6733333333333333,20,,./report/pdb_by_site/site_all_20_6_2.sdf
6,-3.9400000000000004,-0.6566666666666667,19,,./report/pdb_by_site/site_all_19_6_1.sdf
6,-3.938,-0.6563333333333333,19,,./report/pdb_by_site/site_all_19_6_2.sdf
6,-3.846,-0.641,3,,./report/pdb_by_site/site_all_3_6_2.sdf
6,-3.8259999999999996,-0.6376666666666666,2,,./report/pdb_by_site/site_all_2_6_2.sdf
6,-3.8000000000000003,-0.6333333333333334,5,,./report/pdb_by_site/site_all_5_6_3.sdf
6,-3.69,-0.615,18,,./report/pdb_by_site/site_all_18_6_1.sdf
6,-3.6590000000000003,-0.6098333333333333,12,,./report/pdb_by_site/site_all_12_6_1.sdf
6,-3.6399999999999997,-0.6066666666666666,2,,./report/pdb_by_site/site_all_2_6_3.sdf
6,-3.58,-0.5966666666666667,17,,./report/pdb_by_site/site_all_17_6_1.sdf
6,-3.5669999999999997,-0.5944999999999999,26,,./report/pdb_by_site/site_all_26_6_1.sdf
6,-3.52,-0.5866666666666667,53,,./report/pdb_by_site/site_all_53_6_1.sdf
6,-3.505,-0.5841666666666666,3,,./report/pdb_by_site/site_all_3_6_3.sdf
6,-3.46,-0.5766666666666667,24,,./report/pdb_by_site/site_all_24_6_2.sdf
6,-3.44,-0.5733333333333334,22,,./report/pdb_by_site/site_all_22_6_1.sdf
6,-3.4193000000000002,-0.5698833333333334,12,,./report/pdb_by_site/site_all_12_6_2.sdf
6,-3.38,-0.5633333333333334,38,,./report/pdb_by_site/site_all_38_6_1.sdf
6,-3.37,-0.5616666666666666,10,,./report/pdb_by_site/site_all_10_6_3.sdf
6,-3.33,-0.555,35,,./report/pdb_by_site/site_all_35_6_1.sdf
6,-3.286,-0.5476666666666666,25,,./report/pdb_by_site/site_all_25_6_1.sdf
6,-3.25,-0.5416666666666666,34,,./report/pdb_by_site/site_all_34_6_1.sdf
6,-3.2,-0.5333333333333333,74,,./report/pdb_by_site/site_all_74_6_1.sdf
6,-3.1700000000000004,-0.5283333333333334,41,,./report/pdb_by_site/site_all_41_6_1.sdf
6,-3.13,-0.5216666666666666,36,,./report/pdb_by_site/site_all_36_6_1.sdf
6,-3.0909999999999997,-0.5151666666666667,44,,./report/pdb_by_site/site_all_44_6_1.sdf
6,-3.09,-0.515,30,,./report/pdb_by_site/site_all_30_6_1.sdf
6,-3.067,-0.5111666666666667,27,,./report/pdb_by_site/site_all_27_6_2.sdf
6,-3.0599999999999996,-0.5099999999999999,41,,./report/pdb_by_site/site_all_41_6_2.sdf
6,-3.049,-0.5081666666666667,17,,./report/pdb_by_site/site_all_17_6_2.sdf
6,-3.0420000000000003,-0.507,14,,./report/pdb_by_site/site_all_14_6_1.sdf
6,-3.0120000000000005,-0.5020000000000001,3,,./report/pdb_by_site/site_all_3_6_4.sdf
6,-2.9877000000000002,-0.49795000000000006,27,,./report/pdb_by_site/site_all_27_6_3.sdf
6,-2.956,-0.49266666666666664,26,,./report/pdb_by_site/site_all_26_6_2.sdf
6,-2.9099999999999997,-0.48499999999999993,22,,./report/pdb_by_site/site_all_22_6_2.sdf
6,-2.8999999999999995,-0.4833333333333332,17,,./report/pdb_by_site/site_all_17_6_3.sdf
6,-2.899,-0.4831666666666667,9,,./report/pdb_by_site/site_all_9_6_2.sdf
6,-2.7800000000000002,-0.4633333333333334,10,,./report/pdb_by_site/site_all_10_6_4.sdf
6,-2.77,-0.46166666666666667,10,,./report/pdb_by_site/site_all_10_6_5.sdf
6,-2.76,-0.45999999999999996,30,,./report/pdb_by_site/site_all_30_6_2.sdf
6,-2.755,-0.45916666666666667,34,,./report/pdb_by_site/site_all_34_6_2.sdf
6,-2.73,-0.455,30,,./report/pdb_by_site/site_all_30_6_3.sdf
6,-2.72,-0.45333333333333337,80,,./report/pdb_by_site/site_all_80_6_1.sdf
6,-2.67,-0.445,80,,./report/pdb_by_site/site_all_80_6_2.sdf
6,-2.65,-0.44166666666666665,25,,./report/pdb_by_site/site_all_25_6_2.sdf
6,-2.63,-0.4383333333333333,56,,./report/pdb_by_site/site_all_56_6_1.sdf
6,-2.61,-0.435,77,,./report/pdb_by_site/site_all_77_6_1.sdf
6,-2.5500000000000003,-0.42500000000000004,85,,./report/pdb_by_site/site_all_85_6_1.sdf
6,-2.5380000000000003,-0.42300000000000004,56,,./report/pdb_by_site/site_all_56_6_2.sdf
6,-2.51,-0.4183333333333333,58,,./report/pdb_by_site/site_all_58_6_1.sdf
6,-2.498,-0.4163333333333334,96,,./report/pdb_by_site/site_all_96_6_1.sdf
6,-2.491,-0.4151666666666667,14,,./report/pdb_by_site/site_all_14_6_2.sdf
6,-2.49,-0.41500000000000004,41,,./report/pdb_by_site/site_all_41_6_3.sdf
6,-2.488,-0.4146666666666667,58,,./report/pdb_by_site/site_all_58_6_2.sdf
6,-2.478,-0.41300000000000003,101,,./report/pdb_by_site/site_all_101_6_1.sdf
6,-2.435,-0.4058333333333333,102,,./report/pdb_by_site/site_all_102_6_1.sdf
6,-2.43,-0.405,70,,./report/pdb_by_site/site_all_70_6_1.sdf
6,-2.43,-0.405,41,,./report/pdb_by_site/site_all_41_6_4.sdf
6,-2.388,-0.39799999999999996,50,,./report/pdb_by_site/site_all_50_6_1.sdf
6,-2.37,-0.395,70,,./report/pdb_by_site/site_all_70_6_2.sdf
6,-2.354,-0.39233333333333337,17,,./report/pdb_by_site/site_all_17_6_4.sdf
6,-2.33,-0.38833333333333336,79,,./report/pdb_by_site/site_all_79_6_1.sdf
6,-2.33,-0.38833333333333336,56,,./report/pdb_by_site/site_all_56_6_3.sdf
6,-2.327,-0.3878333333333333,34,,./report/pdb_by_site/site_all_34_6_3.sdf
6,-2.293,-0.3821666666666667,36,,./report/pdb_by_site/site_all_36_6_2.sdf
6,-2.287,-0.38116666666666665,67,,./report/pdb_by_site/site_all_67_6_1.sdf
6,-2.25,-0.375,81,,./report/pdb_by_site/site_all_81_6_1.sdf
6,-2.2199999999999998,-0.36999999999999994,81,,./report/pdb_by_site/site_all_81_6_2.sdf
6,-2.2199999999999998,-0.36999999999999994,11,,./report/pdb_by_site/site_all_11_6_3.sdf
6,-2.199,-0.3665,108,,./report/pdb_by_site/site_all_108_6_1.sdf
6,-2.1857,-0.36428333333333335,79,,./report/pdb_by_site/site_all_79_6_2.sdf
6,-2.16,-0.36000000000000004,11,,./report/pdb_by_site/site_all_11_6_4.sdf
6,-2.1599999999999997,-0.35999999999999993,80,,./report/pdb_by_site/site_all_80_6_3.sdf
6,-2.14,-0.3566666666666667,108,,./report/pdb_by_site/site_all_108_6_2.sdf
6,-2.13,-0.355,115,,./report/pdb_by_site/site_all_115_6_1.sdf
6,-2.13,-0.355,36,,./report/pdb_by_site/site_all_36_6_3.sdf
6,-2.12,-0.35333333333333333,111,,./report/pdb_by_site/site_all_111_6_1.sdf
6,-2.119,-0.3531666666666667,78,,./report/pdb_by_site/site_all_78_6_1.sdf
6,-2.1,-0.35000000000000003,77,,./report/pdb_by_site/site_all_77_6_2.sdf
6,-2.1,-0.35000000000000003,36,,./report/pdb_by_site/site_all_36_6_4.sdf
6,-2.0857,-0.3476166666666667,53,,./report/pdb_by_site/site_all_53_6_2.sdf
6,-2.034,-0.33899999999999997,17,,./report/pdb_by_site/site_all_17_6_5.sdf
6,-2.031,-0.3385,44,,./report/pdb_by_site/site_all_44_6_2.sdf
6,-2.026,-0.3376666666666666,109,,./report/pdb_by_site/site_all_109_6_1.sdf
6,-2.0100000000000002,-0.335,75,,./report/pdb_by_site/site_all_75_6_1.sdf
6,-2.004,-0.334,17,,./report/pdb_by_site/site_all_17_6_6.sdf
7_1,-5.77,-0.8242857142857142,3,,./report/pdb_by_site/site_all_3_7_1_1.sdf
7_1,-5.750000000000001,-0.8214285714285715,9,,./report/pdb_by_site/site_all_9_7_1_1.sdf
7_1,-5.199999999999999,-0.7428571428571428,4,,./report/pdb_by_site/site_all_4_7_1_1.sdf
7_1,-4.73,-0.6757142857142858,2,,./report/pdb_by_site/site_all_2_7_1_1.sdf
7_1,-4.67,-0.6671428571428571,11,,./report/pdb_by_site/site_all_11_7_1_1.sdf
7_1,-4.470000000000001,-0.6385714285714287,19,,./report/pdb_by_site/site_all_19_7_1_1.sdf
7_1,-4.38,-0.6257142857142857,10,,./report/pdb_by_site/site_all_10_7_1_1.sdf
7_1,-4.37,-0.6242857142857143,24,,./report/pdb_by_site/site_all_24_7_1_1.sdf
7_1,-4.26,-0.6085714285714285,2,,./report/pdb_by_site/site_all_2_7_1_2.sdf
7_1,-4.15,-0.5928571428571429,10,,./report/pdb_by_site/site_all_10_7_1_2.sdf
7_1,-4.0969999999999995,-0.5852857142857142,15,,./report/pdb_by_site/site_all_15_7_1_1.sdf
7_1,-3.98,-0.5685714285714286,25,,./report/pdb_by_site/site_all_25_7_1_1.sdf
7_1,-3.9799999999999995,-0.5685714285714285,17,,./report/pdb_by_site/site_all_17_7_1_1.sdf
7_1,-3.9600000000000004,-0.5657142857142857,27,,./report/pdb_by_site/site_all_27_7_1_1.sdf
7_1,-3.9000000000000004,-0.5571428571428572,5,,./report/pdb_by_site/site_all_5_7_1_1.sdf
7_1,-3.86,-0.5514285714285714,26,,./report/pdb_by_site/site_all_26_7_1_1.sdf
7_1,-3.6900000000000004,-0.5271428571428572,3,,./report/pdb_by_site/site_all_3_7_1_2.sdf
7_1,-3.65,-0.5214285714285715,5,,./report/pdb_by_site/site_all_5_7_1_2.sdf
7_1,-3.6099999999999994,-0.5157142857142857,12,,./report/pdb_by_site/site_all_12_7_1_1.sdf
7_1,-3.589,-0.5127142857142857,27,,./report/pdb_by_site/site_all_27_7_1_2.sdf
7_1,-3.54,-0.5057142857142857,41,,./report/pdb_by_site/site_all_41_7_1_1.sdf
7_1,-3.5100000000000007,-0.5014285714285716,20,,./report/pdb_by_site/site_all_20_7_1_1.sdf
7_1,-3.5,-0.5,18,,./report/pdb_by_site/site_all_18_7_1_1.sdf
7_1,-3.45,-0.4928571428571429,57,,./report/pdb_by_site/site_all_57_7_1_1.sdf
7_1,-3.44,-0.49142857142857144,56,,./report/pdb_by_site/site_all_56_7_1_1.sdf
7_1,-3.4330000000000007,-0.49042857142857155,3,,./report/pdb_by_site/site_all_3_7_1_3.sdf
7_1,-3.422,-0.4888571428571429,20,,./report/pdb_by_site/site_all_20_7_1_2.sdf
7_1,-3.4000000000000004,-0.48571428571428577,44,,./report/pdb_by_site/site_all_44_7_1_1.sdf
7_1,-3.3800000000000003,-0.48285714285714293,22,,./report/pdb_by_site/site_all_22_7_1_1.sdf
7_1,-3.37,-0.48142857142857143,21,,./report/pdb_by_site/site_all_21_7_1_1.sdf
7_1,-3.3600000000000003,-0.48000000000000004,53,,./report/pdb_by_site/site_all_53_7_1_1.sdf
7_1,-3.33,-0.4757142857142857,3,,./report/pdb_by_site/site_all_3_7_1_4.sdf
7_1,-3.33,-0.4757142857142857,24,,./report/pdb_by_site/site_all_24_7_1_2.sdf
7_1,-3.25,-0.4642857142857143,30,,./report/pdb_by_site/site_all_30_7_1_1.sdf
7_1,-3.24,-0.4628571428571429,24,,./report/pdb_by_site/site_all_24_7_1_3.sdf
7_1,-3.2199999999999998,-0.45999999999999996,85,,./report/pdb_by_site/site_all_85_7_1_1.sdf
7_1,-3.12,-0.44571428571428573,27,,./report/pdb_by_site/site_all_27_7_1_3.sdf
7_1,-3.11,-0.4442857142857143,24,,./report/pdb_by_site/site_all_24_7_1_4.sdf
7_1,-3.0500000000000003,-0.4357142857142858,67,,./report/pdb_by_site/site_all_67_7_1_1.sdf
7_1,-2.9299999999999997,-0.41857142857142854,36,,./report/pdb_by_site/site_all_36_7_1_1.sdf
7_1,-2.9250000000000003,-0.41785714285714287,34,,./report/pdb_by_site/site_all_34_7_1_1.sdf
7_1,-2.88,-0.4114285714285714,22,,./report/pdb_by_site/site_all_22_7_1_2.sdf
7_1,-2.86,-0.40857142857142853,30,,./report/pdb_by_site/site_all_30_7_1_2.sdf
7_1,-2.82,-0.40285714285714286,58,,./report/pdb_by_site/site_all_58_7_1_1.sdf
7_1,-2.7700000000000005,-0.3957142857142858,57,,./report/pdb_by_site/site_all_57_7_1_2.sdf
7_1,-2.753,-0.3932857142857143,17,,./report/pdb_by_site/site_all_17_7_1_2.sdf
7_1,-2.7,-0.38571428571428573,75,,./report/pdb_by_site/site_all_75_7_1_1.sdf
7_1,-2.6922999999999995,-0.38461428571428563,85,,./report/pdb_by_site/site_all_85_7_1_2.sdf
7_1,-2.69,-0.3842857142857143,58,,./report/pdb_by_site/site_all_58_7_1_2.sdf
7_1,-2.67,-0.3814285714285714,80,,./report/pdb_by_site/site_all_80_7_1_1.sdf
7_1,-2.58,-0.3685714285714286,79,,./report/pdb_by_site/site_all_79_7_1_1.sdf
7_1,-2.5500000000000003,-0.3642857142857143,111,,./report/pdb_by_site/site_all_111_7_1_1.sdf
7_1,-2.5200000000000005,-0.36000000000000004,10,,./report/pdb_by_site/site_all_10_7_1_3.sdf
7_1,-2.51,-0.35857142857142854,74,,./report/pdb_by_site/site_all_74_7_1_1.sdf
7_1,-2.4899999999999998,-0.3557142857142857,67,,./report/pdb_by_site/site_all_67_7_1_2.sdf
7_1,-2.46,-0.3514285714285714,81,,./report/pdb_by_site/site_all_81_7_1_1.sdf
7_1,-2.422,-0.34600000000000003,53,,./report/pdb_by_site/site_all_53_7_1_2.sdf
7_1,-2.4099999999999997,-0.34428571428571425,77,,./report/pdb_by_site/site_all_77_7_1_1.sdf
7_1,-2.3800000000000003,-0.34,57,,./report/pdb_by_site/site_all_57_7_1_3.sdf
7_1,-2.3800000000000003,-0.34,57,,./report/pdb_by_site/site_all_57_7_1_4.sdf
7_1,-2.38,-0.33999999999999997,116,,./report/pdb_by_site/site_all_116_7_1_1.sdf
7_1,-2.36,-0.33714285714285713,30,,./report/pdb_by_site/site_all_30_7_1_3.sdf
7_1,-2.36,-0.33714285714285713,94,,./report/pdb_by_site/site_all_94_7_1_1.sdf
7_1,-2.3197,-0.3313857142857143,53,,./report/pdb_by_site/site_all_53_7_1_3.sdf
7_1,-2.31333,-0.3304757142857143,38,,./report/pdb_by_site/site_all_38_7_1_1.sdf
7_1,-2.291,-0.3272857142857143,120,,./report/pdb_by_site/site_all_120_7_1_1.sdf
7_1,-2.269,-0.3241428571428572,51,,./report/pdb_by_site/site_all_51_7_1_1.sdf
7_1,-2.2600000000000002,-0.3228571428571429,75,,./report/pdb_by_site/site_all_75_7_1_2.sdf
7_1,-2.25,-0.32142857142857145,38,,./report/pdb_by_site/site_all_38_7_1_2.sdf
7_1,-2.24,-0.32,85,,./report/pdb_by_site/site_all_85_7_1_3.sdf
7_1,-2.2399999999999998,-0.31999999999999995,87,,./report/pdb_by_site/site_all_87_7_1_1.sdf
7_1,-2.21,-0.3157142857142857,109,,./report/pdb_by_site/site_all_109_7_1_1.sdf
7_1,-2.17,-0.31,11,,./report/pdb_by_site/site_all_11_7_1_2.sdf
7_1,-2.14,-0.3057142857142857,81,,./report/pdb_by_site/site_all_81_7_1_2.sdf
7_1,-2.131,-0.3044285714285714,115,,./report/pdb_by_site/site_all_115_7_1_1.sdf
7_1,-2.13,-0.30428571428571427,56,,./report/pdb_by_site/site_all_56_7_1_2.sdf
7_1,-2.12,-0.3028571428571429,108,,./report/pdb_by_site/site_all_108_7_1_1.sdf
7_1,-2.12,-0.3028571428571429,91,,./report/pdb_by_site/site_all_91_7_1_1.sdf
7_1,-2.104,-0.3005714285714286,21,,./report/pdb_by_site/site_all_21_7_1_2.sdf
7_1,-2.09,-0.29857142857142854,80,,./report/pdb_by_site/site_all_80_7_1_2.sdf
7_1,-2.09,-0.29857142857142854,78,,./report/pdb_by_site/site_all_78_7_1_1.sdf
7_1,-2.085,-0.2978571428571429,102,,./report/pdb_by_site/site_all_102_7_1_1.sdf
7_1,-2.0770000000000004,-0.29671428571428576,41,,./report/pdb_by_site/site_all_41_7_1_2.sdf
7_1,-2.06,-0.2942857142857143,96,,./report/pdb_by_site/site_all_96_7_1_1.sdf
7_1,-2.0599999999999996,-0.2942857142857142,4,,./report/pdb_by_site/site_all_4_7_1_2.sdf
7_1,-2.05,-0.2928571428571428,41,,./report/pdb_by_site/site_all_41_7_1_3.sdf
7_1,-2.02,-0.2885714285714286,121,,./report/pdb_by_site/site_all_121_7_1_1.sdf
7_1,-2.016,-0.288,74,,./report/pdb_by_site/site_all_74_7_1_2.sdf
7_2,-4.09,-0.5842857142857143,36,,./report/pdb_by_site/site_all_36_7_2_1.sdf
7_2,-4.0600000000000005,-0.5800000000000001,67,,./report/pdb_by_site/site_all_67_7_2_1.sdf
7_2,-3.4800000000000004,-0.4971428571428572,34,,./report/pdb_by_site/site_all_34_7_2_1.sdf
7_2,-3.4699999999999998,-0.49571428571428566,3,,./report/pdb_by_site/site_all_3_7_2_1.sdf
7_2,-3.4499999999999997,-0.4928571428571428,17,,./report/pdb_by_site/site_all_17_7_2_1.sdf
7_2,-3.2,-0.4571428571428572,67,,./report/pdb_by_site/site_all_67_7_2_2.sdf
7_2,-3.2,-0.4571428571428572,75,,./report/pdb_by_site/site_all_75_7_2_1.sdf
7_2,-3.2,-0.4571428571428572,75,,./report/pdb_by_site/site_all_75_7_2_2.sdf
7_2,-3.04,-0.4342857142857143,5,,./report/pdb_by_site/site_all_5_7_2_1.sdf
7_2,-2.768,-0.3954285714285714,15,,./report/pdb_by_site/site_all_15_7_2_1.sdf
7_2,-2.69,-0.3842857142857143,2,,./report/pdb_by_site/site_all_2_7_2_1.sdf
7_2,-2.5700000000000003,-0.36714285714285716,11,,./report/pdb_by_site/site_all_11_7_2_1.sdf
7_2,-2.5,-0.35714285714285715,3,,./report/pdb_by_site/site_all_3_7_2_2.sdf
7_2,-2.4699999999999998,-0.3528571428571428,19,,./report/pdb_by_site/site_all_19_7_2_1.sdf
7_2,-2.46,-0.3514285714285714,25,,./report/pdb_by_site/site_all_25_7_2_1.sdf
7_2,-2.4499999999999997,-0.35,21,,./report/pdb_by_site/site_all_21_7_2_1.sdf
7_2,-2.43,-0.34714285714285714,40,,./report/pdb_by_site/site_all_40_7_2_1.sdf
7_2,-2.34,-0.33428571428571424,22,,./report/pdb_by_site/site_all_22_7_2_1.sdf
7_2,-2.3369999999999997,-0.3338571428571428,102,,./report/pdb_by_site/site_all_102_7_2_1.sdf
7_2,-2.3,-0.32857142857142857,19,,./report/pdb_by_site/site_all_19_7_2_2.sdf
7_2,-2.288,-0.32685714285714285,35,,./report/pdb_by_site/site_all_35_7_2_1.sdf
7_2,-2.26,-0.32285714285714284,114,,./report/pdb_by_site/site_all_114_7_2_1.sdf
7_2,-2.25,-0.32142857142857145,87,,./report/pdb_by_site/site_all_87_7_2_1.sdf
7_2,-2.2399999999999998,-0.31999999999999995,85,,./report/pdb_by_site/site_all_85_7_2_1.sdf
7_2,-2.1910000000000003,-0.31300000000000006,87,,./report/pdb_by_site/site_all_87_7_2_2.sdf
7_2,-2.16,-0.3085714285714286,77,,./report/pdb_by_site/site_all_77_7_2_1.sdf
7_2,-2.1390000000000002,-0.3055714285714286,114,,./report/pdb_by_site/site_all_114_7_2_2.sdf
7_2,-2.127,-0.3038571428571428,5,,./report/pdb_by_site/site_all_5_7_2_2.sdf
7_2,-2.11,-0.30142857142857143,33,,./report/pdb_by_site/site_all_33_7_2_1.sdf
7_2,-2.0999999999999996,-0.29999999999999993,21,,./report/pdb_by_site/site_all_21_7_2_2.sdf
7_2,-2.099,-0.2998571428571429,43,,./report/pdb_by_site/site_all_43_7_2_1.sdf
7_2,-2.0973,-0.2996142857142857,9,,./report/pdb_by_site/site_all_9_7_2_1.sdf
7_2,-2.088,-0.2982857142857143,85,,./report/pdb_by_site/site_all_85_7_2_2.sdf
7_2,-2.04,-0.2914285714285714,44,,./report/pdb_by_site/site_all_44_7_2_1.sdf
8,-5.959999999999999,-0.8514285714285713,2,,./report/pdb_by_site/site_all_2_8_1.sdf
8,-5.8,-0.8285714285714285,3,,./report/pdb_by_site/site_all_3_8_1.sdf
8,-5.41,-0.7728571428571429,10,,./report/pdb_by_site/site_all_10_8_1.sdf
8,-5.210000000000001,-0.7442857142857144,2,,./report/pdb_by_site/site_all_2_8_2.sdf
8,-4.64,-0.6628571428571428,9,,./report/pdb_by_site/site_all_9_8_1.sdf
8,-4.5600000000000005,-0.6514285714285715,10,,./report/pdb_by_site/site_all_10_8_2.sdf
8,-4.5600000000000005,-0.6514285714285715,10,,./report/pdb_by_site/site_all_10_8_3.sdf
8,-4.346,-0.6208571428571429,61,,./report/pdb_by_site/site_all_61_8_1.sdf
8,-4.32,-0.6171428571428572,11,,./report/pdb_by_site/site_all_11_8_1.sdf
8,-4.25,-0.6071428571428571,5,,./report/pdb_by_site/site_all_5_8_1.sdf
8,-4.09,-0.5842857142857143,10,,./report/pdb_by_site/site_all_10_8_4.sdf
8,-4.058,-0.5797142857142857,27,,./report/pdb_by_site/site_all_27_8_1.sdf
8,-3.91,-0.5585714285714286,20,,./report/pdb_by_site/site_all_20_8_1.sdf
8,-3.8700000000000006,-0.5528571428571429,5,,./report/pdb_by_site/site_all_5_8_2.sdf
8,-3.8600000000000003,-0.5514285714285715,24,,./report/pdb_by_site/site_all_24_8_1.sdf
8,-3.825,-0.5464285714285715,20,,./report/pdb_by_site/site_all_20_8_2.sdf
8,-3.8200000000000003,-0.5457142857142857,3,,./report/pdb_by_site/site_all_3_8_2.sdf
8,-3.7300000000000004,-0.5328571428571429,53,,./report/pdb_by_site/site_all_53_8_1.sdf
8,-3.69,-0.5271428571428571,25,,./report/pdb_by_site/site_all_25_8_1.sdf
8,-3.69,-0.5271428571428571,5,,./report/pdb_by_site/site_all_5_8_3.sdf
8,-3.6399999999999997,-0.5199999999999999,11,,./report/pdb_by_site/site_all_11_8_2.sdf
8,-3.54,-0.5057142857142857,15,,./report/pdb_by_site/site_all_15_8_1.sdf
8,-3.54,-0.5057142857142857,15,,./report/pdb_by_site/site_all_15_8_2.sdf
8,-3.5300000000000002,-0.5042857142857143,17,,./report/pdb_by_site/site_all_17_8_1.sdf
8,-3.5300000000000002,-0.5042857142857143,41,,./report/pdb_by_site/site_all_41_8_1.sdf
8,-3.52,-0.5028571428571429,57,,./report/pdb_by_site/site_all_57_8_1.sdf
8,-3.4800000000000004,-0.4971428571428572,21,,./report/pdb_by_site/site_all_21_8_1.sdf
8,-3.46,-0.4942857142857143,22,,./report/pdb_by_site/site_all_22_8_1.sdf
8,-3.45,-0.4928571428571429,18,,./report/pdb_by_site/site_all_18_8_1.sdf
8,-3.42,-0.48857142857142855,19,,./report/pdb_by_site/site_all_19_8_1.sdf
8,-3.4099999999999997,-0.4871428571428571,3,,./report/pdb_by_site/site_all_3_8_3.sdf
8,-3.254,-0.46485714285714286,26,,./report/pdb_by_site/site_all_26_8_1.sdf
8,-3.1,-0.4428571428571429,74,,./report/pdb_by_site/site_all_74_8_1.sdf
8,-3.088,-0.44114285714285717,3,,./report/pdb_by_site/site_all_3_8_4.sdf
8,-3.069,-0.43842857142857145,12,,./report/pdb_by_site/site_all_12_8_1.sdf
8,-3.05,-0.43571428571428567,41,,./report/pdb_by_site/site_all_41_8_2.sdf
8,-2.98,-0.4257142857142857,30,,./report/pdb_by_site/site_all_30_8_1.sdf
8,-2.9699999999999998,-0.42428571428571427,41,,./report/pdb_by_site/site_all_41_8_3.sdf
8,-2.955,-0.42214285714285715,75,,./report/pdb_by_site/site_all_75_8_1.sdf
8,-2.94,-0.42,27,,./report/pdb_by_site/site_all_27_8_2.sdf
8,-2.92,-0.41714285714285715,34,,./report/pdb_by_site/site_all_34_8_1.sdf
8,-2.87,-0.41000000000000003,30,,./report/pdb_by_site/site_all_30_8_2.sdf
8,-2.862,-0.40885714285714286,51,,./report/pdb_by_site/site_all_51_8_1.sdf
8,-2.82,-0.40285714285714286,38,,./report/pdb_by_site/site_all_38_8_1.sdf
8,-2.7399999999999998,-0.3914285714285714,24,,./report/pdb_by_site/site_all_24_8_2.sdf
8,-2.7300000000000004,-0.39000000000000007,10,,./report/pdb_by_site/site_all_10_8_5.sdf
8,-2.708,-0.3868571428571429,25,,./report/pdb_by_site/site_all_25_8_2.sdf
8,-2.69,-0.3842857142857143,80,,./report/pdb_by_site/site_all_80_8_1.sdf
8,-2.675,-0.3821428571428571,27,,./report/pdb_by_site/site_all_27_8_3.sdf
8,-2.57,-0.3671428571428571,41,,./report/pdb_by_site/site_all_41_8_4.sdf
8,-2.542,-0.3631428571428571,57,,./report/pdb_by_site/site_all_57_8_2.sdf
8,-2.54,-0.3628571428571429,58,,./report/pdb_by_site/site_all_58_8_1.sdf
8,-2.4979999999999998,-0.3568571428571428,58,,./report/pdb_by_site/site_all_58_8_2.sdf
8,-2.427,-0.3467142857142857,27,,./report/pdb_by_site/site_all_27_8_4.sdf
8,-2.4207,-0.34581428571428574,79,,./report/pdb_by_site/site_all_79_8_1.sdf
8,-2.4200000000000004,-0.34571428571428575,96,,./report/pdb_by_site/site_all_96_8_1.sdf
8,-2.4047,-0.34352857142857146,78,,./report/pdb_by_site/site_all_78_8_1.sdf
8,-2.3970000000000002,-0.34242857142857147,85,,./report/pdb_by_site/site_all_85_8_1.sdf
8,-2.38,-0.33999999999999997,80,,./report/pdb_by_site/site_all_80_8_2.sdf
8,-2.37,-0.3385714285714286,41,,./report/pdb_by_site/site_all_41_8_5.sdf
8,-2.3579999999999997,-0.3368571428571428,44,,./report/pdb_by_site/site_all_44_8_1.sdf
8,-2.316,-0.33085714285714285,102,,./report/pdb_by_site/site_all_102_8_1.sdf
8,-2.241,-0.3201428571428572,36,,./report/pdb_by_site/site_all_36_8_1.sdf
8,-2.226,-0.318,94,,./report/pdb_by_site/site_all_94_8_1.sdf
8,-2.216,-0.3165714285714286,122,,./report/pdb_by_site/site_all_122_8_1.sdf
8,-2.216,-0.3165714285714286,12,,./report/pdb_by_site/site_all_12_8_2.sdf
8,-2.18,-0.31142857142857144,57,,./report/pdb_by_site/site_all_57_8_3.sdf
8,-2.132,-0.3045714285714286,108,,./report/pdb_by_site/site_all_108_8_1.sdf
8,-2.13,-0.30428571428571427,74,,./report/pdb_by_site/site_all_74_8_2.sdf
8,-2.127,-0.3038571428571428,56,,./report/pdb_by_site/site_all_56_8_1.sdf
8,-2.08,-0.29714285714285715,77,,./report/pdb_by_site/site_all_77_8_1.sdf
8,-2.0603,-0.2943285714285714,21,,./report/pdb_by_site/site_all_21_8_2.sdf
8,-2.05,-0.2928571428571428,38,,./report/pdb_by_site/site_all_38_8_2.sdf
8,-2.049,-0.2927142857142857,56,,./report/pdb_by_site/site_all_56_8_2.sdf
8,-2.038,-0.2911428571428571,83,,./report/pdb_by_site/site_all_83_8_1.sdf
8,-2.0130000000000003,-0.28757142857142864,24,,./report/pdb_by_site/site_all_24_8_3.sdf
8,-2.013,-0.28757142857142853,67,,./report/pdb_by_site/site_all_67_8_1.sdf
8,-2.003,-0.28614285714285714,100,,./report/pdb_by_site/site_all_100_8_1.sdf
9_1,-4.53,-0.906,3,,./report/pdb_by_site/site_all_3_9_1_1.sdf
9_1,-4.36,-0.8720000000000001,9,,./report/pdb_by_site/site_all_9_9_1_1.sdf
9_1,-3.8600000000000003,-0.772,11,,./report/pdb_by_site/site_all_11_9_1_1.sdf
9_1,-3.79,-0.758,4,,./report/pdb_by_site/site_all_4_9_1_1.sdf
9_1,-3.67,-0.734,2,,./report/pdb_by_site/site_all_2_9_1_1.sdf
9_1,-3.63,-0.726,17,,./report/pdb_by_site/site_all_17_9_1_1.sdf
9_1,-3.54,-0.708,22,,./report/pdb_by_site/site_all_22_9_1_1.sdf
9_1,-3.5,-0.7,18,,./report/pdb_by_site/site_all_18_9_1_1.sdf
9_1,-3.49,-0.6980000000000001,2,,./report/pdb_by_site/site_all_2_9_1_2.sdf
9_1,-3.41,-0.682,12,,./report/pdb_by_site/site_all_12_9_1_1.sdf
9_1,-3.19,-0.638,10,,./report/pdb_by_site/site_all_10_9_1_1.sdf
9_1,-3.17,-0.634,2,,./report/pdb_by_site/site_all_2_9_1_3.sdf
9_1,-3.17,-0.634,25,,./report/pdb_by_site/site_all_25_9_1_1.sdf
9_1,-3.05,-0.61,21,,./report/pdb_by_site/site_all_21_9_1_1.sdf
9_1,-3.0499999999999994,-0.6099999999999999,15,,./report/pdb_by_site/site_all_15_9_1_1.sdf
9_1,-3.0300000000000002,-0.6060000000000001,5,,./report/pdb_by_site/site_all_5_9_1_1.sdf
9_1,-2.9899999999999998,-0.598,10,,./report/pdb_by_site/site_all_10_9_1_2.sdf
9_1,-2.96,-0.592,24,,./report/pdb_by_site/site_all_24_9_1_1.sdf
9_1,-2.95,-0.5900000000000001,30,,./report/pdb_by_site/site_all_30_9_1_1.sdf
9_1,-2.95,-0.5900000000000001,5,,./report/pdb_by_site/site_all_5_9_1_2.sdf
9_1,-2.93,-0.5860000000000001,5,,./report/pdb_by_site/site_all_5_9_1_3.sdf
9_1,-2.93,-0.5860000000000001,41,,./report/pdb_by_site/site_all_41_9_1_1.sdf
9_1,-2.8699999999999997,-0.574,10,,./report/pdb_by_site/site_all_10_9_1_3.sdf
9_1,-2.85,-0.5700000000000001,41,,./report/pdb_by_site/site_all_41_9_1_2.sdf
9_1,-2.85,-0.5700000000000001,20,,./report/pdb_by_site/site_all_20_9_1_1.sdf
9_1,-2.82,-0.564,27,,./report/pdb_by_site/site_all_27_9_1_1.sdf
9_1,-2.8000000000000003,-0.56,56,,./report/pdb_by_site/site_all_56_9_1_1.sdf
9_1,-2.79,-0.558,26,,./report/pdb_by_site/site_all_26_9_1_1.sdf
9_1,-2.76,-0.5519999999999999,57,,./report/pdb_by_site/site_all_57_9_1_1.sdf
9_1,-2.5600000000000005,-0.5120000000000001,10,,./report/pdb_by_site/site_all_10_9_1_4.sdf
9_1,-2.56,-0.512,9,,./report/pdb_by_site/site_all_9_9_1_2.sdf
9_1,-2.5100000000000002,-0.502,19,,./report/pdb_by_site/site_all_19_9_1_1.sdf
9_1,-2.51,-0.502,41,,./report/pdb_by_site/site_all_41_9_1_3.sdf
9_1,-2.5,-0.5,77,,./report/pdb_by_site/site_all_77_9_1_1.sdf
9_1,-2.48,-0.496,2,,./report/pdb_by_site/site_all_2_9_1_4.sdf
9_1,-2.44,-0.488,78,,./report/pdb_by_site/site_all_78_9_1_1.sdf
9_1,-2.39,-0.47800000000000004,79,,./report/pdb_by_site/site_all_79_9_1_1.sdf
9_1,-2.3699999999999997,-0.4739999999999999,58,,./report/pdb_by_site/site_all_58_9_1_1.sdf
9_1,-2.36,-0.472,5,,./report/pdb_by_site/site_all_5_9_1_4.sdf
9_1,-2.3299999999999996,-0.4659999999999999,94,,./report/pdb_by_site/site_all_94_9_1_1.sdf
9_1,-2.3000000000000003,-0.4600000000000001,21,,./report/pdb_by_site/site_all_21_9_1_2.sdf
9_1,-2.2800000000000002,-0.45600000000000007,30,,./report/pdb_by_site/site_all_30_9_1_2.sdf
9_1,-2.2700000000000005,-0.45400000000000007,3,,./report/pdb_by_site/site_all_3_9_1_2.sdf
9_1,-2.27,-0.454,5,,./report/pdb_by_site/site_all_5_9_1_5.sdf
9_1,-2.2600000000000002,-0.45200000000000007,56,,./report/pdb_by_site/site_all_56_9_1_2.sdf
9_1,-2.2600000000000002,-0.45200000000000007,53,,./report/pdb_by_site/site_all_53_9_1_1.sdf
9_1,-2.26,-0.45199999999999996,3,,./report/pdb_by_site/site_all_3_9_1_3.sdf
9_1,-2.25,-0.45,58,,./report/pdb_by_site/site_all_58_9_1_2.sdf
9_1,-2.24,-0.44800000000000006,80,,./report/pdb_by_site/site_all_80_9_1_1.sdf
9_1,-2.2140000000000004,-0.4428000000000001,38,,./report/pdb_by_site/site_all_38_9_1_1.sdf
9_1,-2.1999999999999997,-0.43999999999999995,44,,./report/pdb_by_site/site_all_44_9_1_1.sdf
9_1,-2.1500000000000004,-0.43000000000000005,67,,./report/pdb_by_site/site_all_67_9_1_1.sdf
9_1,-2.146,-0.42919999999999997,36,,./report/pdb_by_site/site_all_36_9_1_1.sdf
9_1,-2.13,-0.426,27,,./report/pdb_by_site/site_all_27_9_1_2.sdf
9_1,-2.12,-0.42400000000000004,75,,./report/pdb_by_site/site_all_75_9_1_1.sdf
9_1,-2.12,-0.42400000000000004,77,,./report/pdb_by_site/site_all_77_9_1_2.sdf
9_1,-2.1199999999999997,-0.42399999999999993,36,,./report/pdb_by_site/site_all_36_9_1_2.sdf
9_1,-2.09,-0.418,10,,./report/pdb_by_site/site_all_10_9_1_5.sdf
9_1,-2.08,-0.41600000000000004,67,,./report/pdb_by_site/site_all_67_9_1_2.sdf
9_1,-2.06,-0.41200000000000003,85,,./report/pdb_by_site/site_all_85_9_1_1.sdf
9_1,-2.06,-0.41200000000000003,30,,./report/pdb_by_site/site_all_30_9_1_3.sdf
9_1,-2.03,-0.40599999999999997,22,,./report/pdb_by_site/site_all_22_9_1_2.sdf
9_2,-4.831,-0.9662000000000001,4,,./report/pdb_by_site/site_all_4_9_2_1.sdf
9_2,-4.67,-0.9339999999999999,36,,./report/pdb_by_site/site_all_36_9_2_1.sdf
9_2,-4.04,-0.808,2,,./report/pdb_by_site/site_all_2_9_2_1.sdf
9_2,-3.91,-0.782,14,,./report/pdb_by_site/site_all_14_9_2_1.sdf
9_2,-3.8,-0.76,22,,./report/pdb_by_site/site_all_22_9_2_1.sdf
9_2,-3.6799999999999997,-0.736,12,,./report/pdb_by_site/site_all_12_9_2_1.sdf
9_2,-3.62,-0.724,5,,./report/pdb_by_site/site_all_5_9_2_1.sdf
9_2,-3.5999999999999996,-0.72,5,,./report/pdb_by_site/site_all_5_9_2_2.sdf
9_2,-3.5199999999999996,-0.704,3,,./report/pdb_by_site/site_all_3_9_2_1.sdf
9_2,-3.51,-0.702,17,,./report/pdb_by_site/site_all_17_9_2_1.sdf
9_2,-3.4737,-0.69474,38,,./report/pdb_by_site/site_all_38_9_2_1.sdf
9_2,-3.412,-0.6824,15,,./report/pdb_by_site/site_all_15_9_2_1.sdf
9_2,-3.31,-0.662,22,,./report/pdb_by_site/site_all_22_9_2_2.sdf
9_2,-3.2800000000000002,-0.656,31,,./report/pdb_by_site/site_all_31_9_2_1.sdf
9_2,-3.1999999999999997,-0.6399999999999999,4,,./report/pdb_by_site/site_all_4_9_2_2.sdf
9_2,-3.1900000000000004,-0.6380000000000001,21,,./report/pdb_by_site/site_all_21_9_2_1.sdf
9_2,-3.18,-0.636,29,,./report/pdb_by_site/site_all_29_9_2_1.sdf
9_2,-3.11,-0.622,39,,./report/pdb_by_site/site_all_39_9_2_1.sdf
9_2,-3.0500000000000003,-0.6100000000000001,18,,./report/pdb_by_site/site_all_18_9_2_1.sdf
9_2,-3.04,-0.608,11,,./report/pdb_by_site/site_all_11_9_2_1.sdf
9_2,-2.9999999999999996,-0.5999999999999999,5,,./report/pdb_by_site/site_all_5_9_2_3.sdf
9_2,-2.99,-0.5980000000000001,49,,./report/pdb_by_site/site_all_49_9_2_1.sdf
9_2,-2.99,-0.5980000000000001,9,,./report/pdb_by_site/site_all_9_9_2_1.sdf
9_2,-2.9730000000000003,-0.5946,38,,./report/pdb_by_site/site_all_38_9_2_2.sdf
9_2,-2.95,-0.5900000000000001,58,,./report/pdb_by_site/site_all_58_9_2_1.sdf
9_2,-2.95,-0.5900000000000001,25,,./report/pdb_by_site/site_all_25_9_2_1.sdf
9_2,-2.94,-0.588,3,,./report/pdb_by_site/site_all_3_9_2_2.sdf
9_2,-2.906,-0.5812,36,,./report/pdb_by_site/site_all_36_9_2_2.sdf
9_2,-2.903,-0.5806,40,,./report/pdb_by_site/site_all_40_9_2_1.sdf
9_2,-2.84,-0.568,75,,./report/pdb_by_site/site_all_75_9_2_1.sdf
9_2,-2.83,-0.5660000000000001,26,,./report/pdb_by_site/site_all_26_9_2_1.sdf
9_2,-2.81,-0.562,27,,./report/pdb_by_site/site_all_27_9_2_1.sdf
9_2,-2.79,-0.558,25,,./report/pdb_by_site/site_all_25_9_2_2.sdf
9_2,-2.79,-0.558,2,,./report/pdb_by_site/site_all_2_9_2_2.sdf
9_2,-2.7899999999999996,-0.5579999999999999,10,,./report/pdb_by_site/site_all_10_9_2_1.sdf
9_2,-2.78,-0.5559999999999999,5,,./report/pdb_by_site/site_all_5_9_2_4.sdf
9_2,-2.768,-0.5536,31,,./report/pdb_by_site/site_all_31_9_2_2.sdf
9_2,-2.7600000000000002,-0.552,21,,./report/pdb_by_site/site_all_21_9_2_2.sdf
9_2,-2.63,-0.526,58,,./report/pdb_by_site/site_all_58_9_2_2.sdf
9_2,-2.601,-0.5202,19,,./report/pdb_by_site/site_all_19_9_2_1.sdf
9_2,-2.6,-0.52,24,,./report/pdb_by_site/site_all_24_9_2_1.sdf
9_2,-2.5420000000000003,-0.5084000000000001,9,,./report/pdb_by_site/site_all_9_9_2_2.sdf
9_2,-2.5227,-0.50454,48,,./report/pdb_by_site/site_all_48_9_2_1.sdf
9_2,-2.52,-0.504,4,,./report/pdb_by_site/site_all_4_9_2_3.sdf
9_2,-2.511,-0.5022,12,,./report/pdb_by_site/site_all_12_9_2_2.sdf
9_2,-2.51,-0.502,69,,./report/pdb_by_site/site_all_69_9_2_1.sdf
9_2,-2.49,-0.49800000000000005,22,,./report/pdb_by_site/site_all_22_9_2_3.sdf
9_2,-2.47,-0.49400000000000005,21,,./report/pdb_by_site/site_all_21_9_2_3.sdf
9_2,-2.4699999999999998,-0.49399999999999994,44,,./report/pdb_by_site/site_all_44_9_2_1.sdf
9_2,-2.4379999999999997,-0.4875999999999999,30,,./report/pdb_by_site/site_all_30_9_2_1.sdf
9_2,-2.4250000000000003,-0.48500000000000004,13,,./report/pdb_by_site/site_all_13_9_2_1.sdf
9_2,-2.4,-0.48,57,,./report/pdb_by_site/site_all_57_9_2_1.sdf
9_2,-2.3813,-0.47626,78,,./report/pdb_by_site/site_all_78_9_2_1.sdf
9_2,-2.377,-0.47539999999999993,81,,./report/pdb_by_site/site_all_81_9_2_1.sdf
9_2,-2.37,-0.47400000000000003,9,,./report/pdb_by_site/site_all_9_9_2_3.sdf
9_2,-2.3510000000000004,-0.47020000000000006,15,,./report/pdb_by_site/site_all_15_9_2_2.sdf
9_2,-2.3299999999999996,-0.4659999999999999,75,,./report/pdb_by_site/site_all_75_9_2_2.sdf
9_2,-2.299,-0.4598,65,,./report/pdb_by_site/site_all_65_9_2_1.sdf
9_2,-2.298,-0.4596,27,,./report/pdb_by_site/site_all_27_9_2_2.sdf
9_2,-2.24,-0.44800000000000006,10,,./report/pdb_by_site/site_all_10_9_2_2.sdf
9_2,-2.22,-0.44400000000000006,41,,./report/pdb_by_site/site_all_41_9_2_1.sdf
9_2,-2.22,-0.44400000000000006,96,,./report/pdb_by_site/site_all_96_9_2_1.sdf
9_2,-2.18,-0.43600000000000005,14,,./report/pdb_by_site/site_all_14_9_2_2.sdf
9_2,-2.166,-0.4332,39,,./report/pdb_by_site/site_all_39_9_2_2.sdf
9_2,-2.152,-0.4304,27,,./report/pdb_by_site/site_all_27_9_2_3.sdf
9_2,-2.1500000000000004,-0.43000000000000005,53,,./report/pdb_by_site/site_all_53_9_2_1.sdf
9_2,-2.129,-0.4258,20,,./report/pdb_by_site/site_all_20_9_2_1.sdf
9_2,-2.112,-0.4224,97,,./report/pdb_by_site/site_all_97_9_2_1.sdf
9_2,-2.106,-0.42119999999999996,44,,./report/pdb_by_site/site_all_44_9_2_2.sdf
9_2,-2.1,-0.42000000000000004,26,,./report/pdb_by_site/site_all_26_9_2_2.sdf
9_2,-2.09,-0.418,30,,./report/pdb_by_site/site_all_30_9_2_2.sdf
9_2,-2.075,-0.41500000000000004,31,,./report/pdb_by_site/site_all_31_9_2_3.sdf
9_2,-2.06,-0.41200000000000003,22,,./report/pdb_by_site/site_all_22_9_2_4.sdf
9_2,-2.05933,-0.411866,5,,./report/pdb_by_site/site_all_5_9_2_5.sdf
9_2,-2.0457,-0.40914,15,,./report/pdb_by_site/site_all_15_9_2_3.sdf
9_2,-2.0300000000000002,-0.406,15,,./report/pdb_by_site/site_all_15_9_2_4.sdf
9_2,-2.0090000000000003,-0.40180000000000005,27,,./report/pdb_by_site/site_all_27_9_2_4.sdf
10_1,-5.29,-1.058,9,,./report/pdb_by_site/site_all_9_10_1_1.sdf
10_1,-5.15,-1.03,4,,./report/pdb_by_site/site_all_4_10_1_1.sdf
10_1,-5.1,-1.02,3,,./report/pdb_by_site/site_all_3_10_1_1.sdf
10_1,-4.13,-0.826,2,,./report/pdb_by_site/site_all_2_10_1_1.sdf
10_1,-4.039999999999999,-0.8079999999999998,10,,./report/pdb_by_site/site_all_10_10_1_1.sdf
10_1,-4.03,-0.806,19,,./report/pdb_by_site/site_all_19_10_1_1.sdf
10_1,-3.97,-0.794,11,,./report/pdb_by_site/site_all_11_10_1_1.sdf
10_1,-3.8000000000000007,-0.7600000000000001,2,,./report/pdb_by_site/site_all_2_10_1_2.sdf
10_1,-3.7100000000000004,-0.7420000000000001,10,,./report/pdb_by_site/site_all_10_10_1_2.sdf
10_1,-3.55,-0.71,4,,./report/pdb_by_site/site_all_4_10_1_2.sdf
10_1,-3.53,-0.706,22,,./report/pdb_by_site/site_all_22_10_1_1.sdf
10_1,-3.42,-0.6839999999999999,24,,./report/pdb_by_site/site_all_24_10_1_1.sdf
10_1,-3.38,-0.6759999999999999,9,,./report/pdb_by_site/site_all_9_10_1_2.sdf
10_1,-3.3799999999999994,-0.6759999999999999,26,,./report/pdb_by_site/site_all_26_10_1_1.sdf
10_1,-3.3200000000000003,-0.664,10,,./report/pdb_by_site/site_all_10_10_1_3.sdf
10_1,-3.2,-0.64,3,,./report/pdb_by_site/site_all_3_10_1_2.sdf
10_1,-3.16,-0.632,50,,./report/pdb_by_site/site_all_50_10_1_1.sdf
10_1,-3.12,-0.624,5,,./report/pdb_by_site/site_all_5_10_1_1.sdf
10_1,-3.09,-0.618,2,,./report/pdb_by_site/site_all_2_10_1_3.sdf
10_1,-3.06,-0.612,12,,./report/pdb_by_site/site_all_12_10_1_1.sdf
10_1,-2.99,-0.5980000000000001,17,,./report/pdb_by_site/site_all_17_10_1_1.sdf
10_1,-2.9699999999999998,-0.594,15,,./report/pdb_by_site/site_all_15_10_1_1.sdf
10_1,-2.9299999999999997,-0.586,113,,./report/pdb_by_site/site_all_113_10_1_1.sdf
10_1,-2.81,-0.562,3,,./report/pdb_by_site/site_all_3_10_1_3.sdf
10_1,-2.79,-0.558,20,,./report/pdb_by_site/site_all_20_10_1_1.sdf
10_1,-2.7199999999999998,-0.5439999999999999,21,,./report/pdb_by_site/site_all_21_10_1_1.sdf
10_1,-2.69,-0.538,10,,./report/pdb_by_site/site_all_10_10_1_4.sdf
10_1,-2.6799999999999997,-0.5359999999999999,25,,./report/pdb_by_site/site_all_25_10_1_1.sdf
10_1,-2.51,-0.502,56,,./report/pdb_by_site/site_all_56_10_1_1.sdf
10_1,-2.487,-0.4974,61,,./report/pdb_by_site/site_all_61_10_1_1.sdf
10_1,-2.485,-0.497,20,,./report/pdb_by_site/site_all_20_10_1_2.sdf
10_1,-2.463,-0.49260000000000004,9,,./report/pdb_by_site/site_all_9_10_1_3.sdf
10_1,-2.44,-0.488,10,,./report/pdb_by_site/site_all_10_10_1_5.sdf
10_1,-2.44,-0.488,85,,./report/pdb_by_site/site_all_85_10_1_1.sdf
10_1,-2.42,-0.484,3,,./report/pdb_by_site/site_all_3_10_1_4.sdf
10_1,-2.41,-0.48200000000000004,5,,./report/pdb_by_site/site_all_5_10_1_2.sdf
10_1,-2.4099999999999997,-0.48199999999999993,36,,./report/pdb_by_site/site_all_36_10_1_1.sdf
10_1,-2.39,-0.47800000000000004,57,,./report/pdb_by_site/site_all_57_10_1_1.sdf
10_1,-2.37,-0.47400000000000003,34,,./report/pdb_by_site/site_all_34_10_1_1.sdf
10_1,-2.37,-0.47400000000000003,30,,./report/pdb_by_site/site_all_30_10_1_1.sdf
10_1,-2.36,-0.472,2,,./report/pdb_by_site/site_all_2_10_1_4.sdf
10_1,-2.35,-0.47000000000000003,26,,./report/pdb_by_site/site_all_26_10_1_2.sdf
10_1,-2.33,-0.466,24,,./report/pdb_by_site/site_all_24_10_1_2.sdf
10_1,-2.32,-0.46399999999999997,77,,./report/pdb_by_site/site_all_77_10_1_1.sdf
10_1,-2.29,-0.458,5,,./report/pdb_by_site/site_all_5_10_1_3.sdf
10_1,-2.2399999999999998,-0.44799999999999995,41,,./report/pdb_by_site/site_all_41_10_1_1.sdf
10_1,-2.197,-0.4394,53,,./report/pdb_by_site/site_all_53_10_1_1.sdf
10_1,-2.18,-0.43600000000000005,22,,./report/pdb_by_site/site_all_22_10_1_2.sdf
10_1,-2.18,-0.43600000000000005,27,,./report/pdb_by_site/site_all_27_10_1_1.sdf
10_1,-2.1799999999999997,-0.43599999999999994,38,,./report/pdb_by_site/site_all_38_10_1_1.sdf
10_1,-2.17,-0.434,25,,./report/pdb_by_site/site_all_25_10_1_2.sdf
10_1,-2.13,-0.426,30,,./report/pdb_by_site/site_all_30_10_1_2.sdf
10_1,-2.13,-0.426,21,,./report/pdb_by_site/site_all_21_10_1_2.sdf
10_1,-2.05,-0.41,38,,./report/pdb_by_site/site_all_38_10_1_2.sdf
10_1,-2.03,-0.40599999999999997,64,,./report/pdb_by_site/site_all_64_10_1_1.sdf
10_1,-2.01,-0.40199999999999997,3,,./report/pdb_by_site/site_all_3_10_1_5.sdf
10_2,-3.66,-0.732,67,,./report/pdb_by_site/site_all_67_10_2_1.sdf
10_2,-3.3,-0.6599999999999999,3,,./report/pdb_by_site/site_all_3_10_2_1.sdf
10_2,-3.2,-0.64,20,,./report/pdb_by_site/site_all_20_10_2_1.sdf
10_2,-2.8800000000000003,-0.5760000000000001,37,,./report/pdb_by_site/site_all_37_10_2_1.sdf
10_2,-2.64,-0.528,43,,./report/pdb_by_site/site_all_43_10_2_1.sdf
10_2,-2.32,-0.46399999999999997,59,,./report/pdb_by_site/site_all_59_10_2_1.sdf
10_2,-2.3000000000000003,-0.4600000000000001,67,,./report/pdb_by_site/site_all_67_10_2_2.sdf
10_2,-2.3,-0.45999999999999996,93,,./report/pdb_by_site/site_all_93_10_2_1.sdf
10_2,-2.26,-0.45199999999999996,87,,./report/pdb_by_site/site_all_87_10_2_1.sdf
10_2,-2.19,-0.438,17,,./report/pdb_by_site/site_all_17_10_2_1.sdf
10_3,-3.1,-0.62,67,,./report/pdb_by_site/site_all_67_10_3_1.sdf
10_3,-2.2,-0.44000000000000006,43,,./report/pdb_by_site/site_all_43_10_3_1.sdf
10_3,-2.2,-0.44000000000000006,37,,./report/pdb_by_site/site_all_37_10_3_1.sdf
11_1,-5.659999999999999,-0.9433333333333332,3,,./report/pdb_by_site/site_all_3_11_1_1.sdf
11_1,-4.81,-0.8016666666666666,2,,./report/pdb_by_site/site_all_2_11_1_1.sdf
11_1,-4.7700000000000005,-0.795,9,,./report/pdb_by_site/site_all_9_11_1_1.sdf
11_1,-4.66,-0.7766666666666667,5,,./report/pdb_by_site/site_all_5_11_1_1.sdf
11_1,-4.49,-0.7483333333333334,10,,./report/pdb_by_site/site_all_10_11_1_1.sdf
11_1,-4.42,-0.7366666666666667,5,,./report/pdb_by_site/site_all_5_11_1_2.sdf
11_1,-4.23,-0.7050000000000001,24,,./report/pdb_by_site/site_all_24_11_1_1.sdf
11_1,-4.220000000000001,-0.7033333333333335,2,,./report/pdb_by_site/site_all_2_11_1_2.sdf
11_1,-4.209999999999999,-0.7016666666666665,17,,./report/pdb_by_site/site_all_17_11_1_1.sdf
11_1,-4.09,-0.6816666666666666,18,,./report/pdb_by_site/site_all_18_11_1_1.sdf
11_1,-3.9600000000000004,-0.66,3,,./report/pdb_by_site/site_all_3_11_1_2.sdf
11_1,-3.92,-0.6533333333333333,15,,./report/pdb_by_site/site_all_15_11_1_1.sdf
11_1,-3.92,-0.6533333333333333,10,,./report/pdb_by_site/site_all_10_11_1_2.sdf
11_1,-3.89,-0.6483333333333333,25,,./report/pdb_by_site/site_all_25_11_1_1.sdf
11_1,-3.88,-0.6466666666666666,10,,./report/pdb_by_site/site_all_10_11_1_3.sdf
11_1,-3.7800000000000002,-0.63,57,,./report/pdb_by_site/site_all_57_11_1_1.sdf
11_1,-3.75,-0.625,41,,./report/pdb_by_site/site_all_41_11_1_1.sdf
11_1,-3.72,-0.62,5,,./report/pdb_by_site/site_all_5_11_1_3.sdf
11_1,-3.69,-0.615,10,,./report/pdb_by_site/site_all_10_11_1_4.sdf
11_1,-3.6399999999999997,-0.6066666666666666,4,,./report/pdb_by_site/site_all_4_11_1_1.sdf
11_1,-3.6100000000000003,-0.6016666666666667,21,,./report/pdb_by_site/site_all_21_11_1_1.sdf
11_1,-3.57,-0.595,12,,./report/pdb_by_site/site_all_12_11_1_1.sdf
11_1,-3.56,-0.5933333333333334,27,,./report/pdb_by_site/site_all_27_11_1_1.sdf
11_1,-3.55,-0.5916666666666667,30,,./report/pdb_by_site/site_all_30_11_1_1.sdf
11_1,-3.48,-0.58,11,,./report/pdb_by_site/site_all_11_11_1_1.sdf
11_1,-3.402,-0.5670000000000001,12,,./report/pdb_by_site/site_all_12_11_1_2.sdf
11_1,-3.38,-0.5633333333333334,41,,./report/pdb_by_site/site_all_41_11_1_2.sdf
11_1,-3.36,-0.5599999999999999,3,,./report/pdb_by_site/site_all_3_11_1_3.sdf
11_1,-3.32,-0.5533333333333333,19,,./report/pdb_by_site/site_all_19_11_1_1.sdf
11_1,-3.3100000000000005,-0.5516666666666667,20,,./report/pdb_by_site/site_all_20_11_1_1.sdf
11_1,-3.29,-0.5483333333333333,3,,./report/pdb_by_site/site_all_3_11_1_4.sdf
11_1,-3.222,-0.537,26,,./report/pdb_by_site/site_all_26_11_1_1.sdf
11_1,-3.13,-0.5216666666666666,2,,./report/pdb_by_site/site_all_2_11_1_3.sdf
11_1,-3.1199999999999997,-0.5199999999999999,36,,./report/pdb_by_site/site_all_36_11_1_1.sdf
11_1,-3.0400000000000005,-0.5066666666666667,30,,./report/pdb_by_site/site_all_30_11_1_2.sdf
11_1,-2.9999999999999996,-0.49999999999999994,53,,./report/pdb_by_site/site_all_53_11_1_1.sdf
11_1,-2.984,-0.49733333333333335,17,,./report/pdb_by_site/site_all_17_11_1_2.sdf
11_1,-2.9699999999999998,-0.49499999999999994,56,,./report/pdb_by_site/site_all_56_11_1_1.sdf
11_1,-2.945,-0.4908333333333333,9,,./report/pdb_by_site/site_all_9_11_1_2.sdf
11_1,-2.84,-0.47333333333333333,44,,./report/pdb_by_site/site_all_44_11_1_1.sdf
11_1,-2.825,-0.4708333333333334,27,,./report/pdb_by_site/site_all_27_11_1_2.sdf
11_1,-2.8200000000000003,-0.47000000000000003,19,,./report/pdb_by_site/site_all_19_11_1_2.sdf
11_1,-2.8129999999999997,-0.46883333333333327,3,,./report/pdb_by_site/site_all_3_11_1_5.sdf
11_1,-2.7900000000000005,-0.4650000000000001,58,,./report/pdb_by_site/site_all_58_11_1_1.sdf
11_1,-2.7800000000000002,-0.4633333333333334,80,,./report/pdb_by_site/site_all_80_11_1_1.sdf
11_1,-2.6900000000000004,-0.4483333333333334,78,,./report/pdb_by_site/site_all_78_11_1_1.sdf
11_1,-2.686,-0.44766666666666666,20,,./report/pdb_by_site/site_all_20_11_1_2.sdf
11_1,-2.6769999999999996,-0.4461666666666666,58,,./report/pdb_by_site/site_all_58_11_1_2.sdf
11_1,-2.67,-0.445,34,,./report/pdb_by_site/site_all_34_11_1_1.sdf
11_1,-2.646,-0.441,22,,./report/pdb_by_site/site_all_22_11_1_1.sdf
11_1,-2.6399999999999997,-0.43999999999999995,74,,./report/pdb_by_site/site_all_74_11_1_1.sdf
11_1,-2.6399999999999997,-0.43999999999999995,77,,./report/pdb_by_site/site_all_77_11_1_1.sdf
11_1,-2.588,-0.43133333333333335,54,,./report/pdb_by_site/site_all_54_11_1_1.sdf
11_1,-2.58,-0.43,81,,./report/pdb_by_site/site_all_81_11_1_1.sdf
11_1,-2.573,-0.42883333333333334,24,,./report/pdb_by_site/site_all_24_11_1_2.sdf
11_1,-2.571,-0.42850000000000005,79,,./report/pdb_by_site/site_all_79_11_1_1.sdf
11_1,-2.565,-0.4275,22,,./report/pdb_by_site/site_all_22_11_1_2.sdf
11_1,-2.54,-0.42333333333333334,70,,./report/pdb_by_site/site_all_70_11_1_1.sdf
11_1,-2.5300000000000002,-0.4216666666666667,70,,./report/pdb_by_site/site_all_70_11_1_2.sdf
11_1,-2.52,-0.42,104,,./report/pdb_by_site/site_all_104_11_1_1.sdf
11_1,-2.46,-0.41,24,,./report/pdb_by_site/site_all_24_11_1_3.sdf
11_1,-2.46,-0.41,57,,./report/pdb_by_site/site_all_57_11_1_2.sdf
11_1,-2.4299999999999997,-0.40499999999999997,56,,./report/pdb_by_site/site_all_56_11_1_2.sdf
11_1,-2.42,-0.4033333333333333,57,,./report/pdb_by_site/site_all_57_11_1_3.sdf
11_1,-2.41,-0.40166666666666667,75,,./report/pdb_by_site/site_all_75_11_1_1.sdf
11_1,-2.4000000000000004,-0.4000000000000001,85,,./report/pdb_by_site/site_all_85_11_1_1.sdf
11_1,-2.3899999999999997,-0.39833333333333326,41,,./report/pdb_by_site/site_all_41_11_1_3.sdf
11_1,-2.3846999999999996,-0.3974499999999999,27,,./report/pdb_by_site/site_all_27_11_1_3.sdf
11_1,-2.38,-0.39666666666666667,67,,./report/pdb_by_site/site_all_67_11_1_1.sdf
11_1,-2.34,-0.38999999999999996,75,,./report/pdb_by_site/site_all_75_11_1_2.sdf
11_1,-2.32,-0.38666666666666666,75,,./report/pdb_by_site/site_all_75_11_1_3.sdf
11_1,-2.31,-0.385,36,,./report/pdb_by_site/site_all_36_11_1_2.sdf
11_1,-2.2600000000000002,-0.3766666666666667,109,,./report/pdb_by_site/site_all_109_11_1_1.sdf
11_1,-2.26,-0.37666666666666665,50,,./report/pdb_by_site/site_all_50_11_1_1.sdf
11_1,-2.26,-0.37666666666666665,11,,./report/pdb_by_site/site_all_11_11_1_2.sdf
11_1,-2.24,-0.37333333333333335,17,,./report/pdb_by_site/site_all_17_11_1_3.sdf
11_1,-2.2399999999999998,-0.3733333333333333,80,,./report/pdb_by_site/site_all_80_11_1_2.sdf
11_1,-2.204,-0.36733333333333335,63,,./report/pdb_by_site/site_all_63_11_1_1.sdf
11_1,-2.143,-0.35716666666666663,61,,./report/pdb_by_site/site_all_61_11_1_1.sdf
11_1,-2.1300000000000003,-0.35500000000000004,80,,./report/pdb_by_site/site_all_80_11_1_3.sdf
11_1,-2.13,-0.355,67,,./report/pdb_by_site/site_all_67_11_1_2.sdf
11_1,-2.1273,-0.35455,85,,./report/pdb_by_site/site_all_85_11_1_2.sdf
11_1,-2.1260000000000003,-0.3543333333333334,9,,./report/pdb_by_site/site_all_9_11_1_3.sdf
11_1,-2.11,-0.3516666666666666,121,,./report/pdb_by_site/site_all_121_11_1_1.sdf
11_1,-2.1,-0.35000000000000003,85,,./report/pdb_by_site/site_all_85_11_1_3.sdf
11_1,-2.09,-0.34833333333333333,102,,./report/pdb_by_site/site_all_102_11_1_1.sdf
11_1,-2.09,-0.34833333333333333,125,,./report/pdb_by_site/site_all_125_11_1_1.sdf
11_1,-2.0700000000000003,-0.34500000000000003,108,,./report/pdb_by_site/site_all_108_11_1_1.sdf
11_1,-2.0300000000000002,-0.3383333333333334,113,,./report/pdb_by_site/site_all_113_11_1_1.sdf
11_1,-2.022,-0.33699999999999997,93,,./report/pdb_by_site/site_all_93_11_1_1.sdf
11_1,-2.012,-0.3353333333333333,61,,./report/pdb_by_site/site_all_61_11_1_2.sdf
11_1,-2.0100000000000002,-0.335,87,,./report/pdb_by_site/site_all_87_11_1_1.sdf
11_2,-6.76,-1.1266666666666667,3,,./report/pdb_by_site/site_all_3_11_2_1.sdf
11_2,-5.02,-0.8366666666666666,67,,./report/pdb_by_site/site_all_67_11_2_1.sdf
11_2,-4.99,-0.8316666666666667,2,,./report/pdb_by_site/site_all_2_11_2_1.sdf
11_2,-4.85,-0.8083333333333332,20,,./report/pdb_by_site/site_all_20_11_2_1.sdf
11_2,-4.42,-0.7366666666666667,11,,./report/pdb_by_site/site_all_11_11_2_1.sdf
11_2,-4.24,-0.7066666666666667,9,,./report/pdb_by_site/site_all_9_11_2_1.sdf
11_2,-4.220000000000001,-0.7033333333333335,17,,./report/pdb_by_site/site_all_17_11_2_1.sdf
11_2,-3.83,-0.6383333333333333,3,,./report/pdb_by_site/site_all_3_11_2_2.sdf
11_2,-3.69,-0.615,87,,./report/pdb_by_site/site_all_87_11_2_1.sdf
11_2,-3.5599999999999996,-0.5933333333333333,24,,./report/pdb_by_site/site_all_24_11_2_1.sdf
11_2,-3.47,-0.5783333333333334,93,,./report/pdb_by_site/site_all_93_11_2_1.sdf
11_2,-3.46,-0.5766666666666667,37,,./report/pdb_by_site/site_all_37_11_2_1.sdf
11_2,-3.422,-0.5703333333333334,41,,./report/pdb_by_site/site_all_41_11_2_1.sdf
11_2,-3.3800000000000003,-0.5633333333333334,61,,./report/pdb_by_site/site_all_61_11_2_1.sdf
11_2,-3.29,-0.5483333333333333,43,,./report/pdb_by_site/site_all_43_11_2_1.sdf
11_2,-3.2817000000000003,-0.54695,75,,./report/pdb_by_site/site_all_75_11_2_1.sdf
11_2,-3.23,-0.5383333333333333,27,,./report/pdb_by_site/site_all_27_11_2_1.sdf
11_2,-3.184,-0.5306666666666667,20,,./report/pdb_by_site/site_all_20_11_2_2.sdf
11_2,-3.13,-0.5216666666666666,77,,./report/pdb_by_site/site_all_77_11_2_1.sdf
11_2,-3.0869999999999997,-0.5145,5,,./report/pdb_by_site/site_all_5_11_2_1.sdf
11_2,-3.03,-0.505,25,,./report/pdb_by_site/site_all_25_11_2_1.sdf
11_2,-3.0,-0.5,2,,./report/pdb_by_site/site_all_2_11_2_2.sdf
11_2,-2.8899999999999997,-0.48166666666666663,85,,./report/pdb_by_site/site_all_85_11_2_1.sdf
11_2,-2.875,-0.4791666666666667,102,,./report/pdb_by_site/site_all_102_11_2_1.sdf
11_2,-2.87,-0.47833333333333333,41,,./report/pdb_by_site/site_all_41_11_2_2.sdf
11_2,-2.77,-0.46166666666666667,18,,./report/pdb_by_site/site_all_18_11_2_1.sdf
11_2,-2.77,-0.46166666666666667,98,,./report/pdb_by_site/site_all_98_11_2_1.sdf
11_2,-2.77,-0.46166666666666667,10,,./report/pdb_by_site/site_all_10_11_2_1.sdf
11_2,-2.72,-0.45333333333333337,59,,./report/pdb_by_site/site_all_59_11_2_1.sdf
11_2,-2.7119999999999997,-0.45199999999999996,21,,./report/pdb_by_site/site_all_21_11_2_1.sdf
11_2,-2.7100000000000004,-0.4516666666666667,108,,./report/pdb_by_site/site_all_108_11_2_1.sdf
11_2,-2.69,-0.4483333333333333,111,,./report/pdb_by_site/site_all_111_11_2_1.sdf
11_2,-2.68,-0.4466666666666667,5,,./report/pdb_by_site/site_all_5_11_2_2.sdf
11_2,-2.67,-0.445,53,,./report/pdb_by_site/site_all_53_11_2_1.sdf
11_2,-2.67,-0.445,85,,./report/pdb_by_site/site_all_85_11_2_2.sdf
11_2,-2.66,-0.44333333333333336,19,,./report/pdb_by_site/site_all_19_11_2_1.sdf
11_2,-2.643,-0.44049999999999995,17,,./report/pdb_by_site/site_all_17_11_2_2.sdf
11_2,-2.63,-0.4383333333333333,56,,./report/pdb_by_site/site_all_56_11_2_1.sdf
11_2,-2.6229999999999998,-0.43716666666666665,57,,./report/pdb_by_site/site_all_57_11_2_1.sdf
11_2,-2.6,-0.43333333333333335,11,,./report/pdb_by_site/site_all_11_11_2_2.sdf
11_2,-2.6,-0.43333333333333335,49,,./report/pdb_by_site/site_all_49_11_2_1.sdf
11_2,-2.5707,-0.42845,87,,./report/pdb_by_site/site_all_87_11_2_2.sdf
11_2,-2.5627000000000004,-0.42711666666666676,34,,./report/pdb_by_site/site_all_34_11_2_1.sdf
11_2,-2.5610000000000004,-0.4268333333333334,110,,./report/pdb_by_site/site_all_110_11_2_1.sdf
11_2,-2.54,-0.42333333333333334,80,,./report/pdb_by_site/site_all_80_11_2_1.sdf
11_2,-2.5300000000000002,-0.4216666666666667,87,,./report/pdb_by_site/site_all_87_11_2_3.sdf
11_2,-2.5203,-0.42005000000000003,108,,./report/pdb_by_site/site_all_108_11_2_2.sdf
11_2,-2.52,-0.42,10,,./report/pdb_by_site/site_all_10_11_2_2.sdf
11_2,-2.51,-0.4183333333333333,91,,./report/pdb_by_site/site_all_91_11_2_1.sdf
11_2,-2.49,-0.41500000000000004,27,,./report/pdb_by_site/site_all_27_11_2_2.sdf
11_2,-2.482,-0.4136666666666667,9,,./report/pdb_by_site/site_all_9_11_2_2.sdf
11_2,-2.46,-0.41,100,,./report/pdb_by_site/site_all_100_11_2_1.sdf
11_2,-2.44,-0.4066666666666667,5,,./report/pdb_by_site/site_all_5_11_2_3.sdf
11_2,-2.39,-0.3983333333333334,10,,./report/pdb_by_site/site_all_10_11_2_3.sdf
11_2,-2.3600000000000003,-0.39333333333333337,30,,./report/pdb_by_site/site_all_30_11_2_1.sdf
11_2,-2.3099999999999996,-0.38499999999999995,22,,./report/pdb_by_site/site_all_22_11_2_1.sdf
11_2,-2.2800000000000002,-0.38000000000000006,27,,./report/pdb_by_site/site_all_27_11_2_3.sdf
11_2,-2.27,-0.37833333333333335,56,,./report/pdb_by_site/site_all_56_11_2_2.sdf
11_2,-2.25,-0.375,57,,./report/pdb_by_site/site_all_57_11_2_2.sdf
11_2,-2.25,-0.375,36,,./report/pdb_by_site/site_all_36_11_2_1.sdf
11_2,-2.24,-0.37333333333333335,104,,./report/pdb_by_site/site_all_104_11_2_1.sdf
11_2,-2.2399999999999998,-0.3733333333333333,84,,./report/pdb_by_site/site_all_84_11_2_1.sdf
11_2,-2.2199999999999998,-0.36999999999999994,75,,./report/pdb_by_site/site_all_75_11_2_2.sdf
11_2,-2.21,-0.36833333333333335,77,,./report/pdb_by_site/site_all_77_11_2_2.sdf
11_2,-2.2033,-0.3672166666666667,61,,./report/pdb_by_site/site_all_61_11_2_2.sdf
11_2,-2.1799999999999997,-0.3633333333333333,44,,./report/pdb_by_site/site_all_44_11_2_1.sdf
11_2,-2.16,-0.36000000000000004,59,,./report/pdb_by_site/site_all_59_11_2_2.sdf
11_2,-2.15,-0.35833333333333334,87,,./report/pdb_by_site/site_all_87_11_2_4.sdf
11_2,-2.134,-0.35566666666666663,10,,./report/pdb_by_site/site_all_10_11_2_4.sdf
11_2,-2.122,-0.35366666666666663,74,,./report/pdb_by_site/site_all_74_11_2_1.sdf
11_2,-2.08,-0.3466666666666667,11,,./report/pdb_by_site/site_all_11_11_2_3.sdf
11_2,-2.07,-0.345,21,,./report/pdb_by_site/site_all_21_11_2_2.sdf
11_2,-2.045,-0.3408333333333333,127,,./report/pdb_by_site/site_all_127_11_2_1.sdf
11_2,-2.04,-0.34,102,,./report/pdb_by_site/site_all_102_11_2_2.sdf
11_2,-2.03,-0.3383333333333333,127,,./report/pdb_by_site/site_all_127_11_2_2.sdf
11_2,-2.027,-0.3378333333333334,136,,./report/pdb_by_site/site_all_136_11_2_1.sdf
11_3,-6.220000000000001,-1.0366666666666668,3,,./report/pdb_by_site/site_all_3_11_3_1.sdf
11_3,-5.41,-0.9016666666666667,2,,./report/pdb_by_site/site_all_2_11_3_1.sdf
11_3,-5.33,-0.8883333333333333,9,,./report/pdb_by_site/site_all_9_11_3_1.sdf
11_3,-4.96,-0.8266666666666667,11,,./report/pdb_by_site/site_all_11_11_3_1.sdf
11_3,-4.96,-0.8266666666666667,2,,./report/pdb_by_site/site_all_2_11_3_2.sdf
11_3,-4.59,-0.765,19,,./report/pdb_by_site/site_all_19_11_3_1.sdf
11_3,-4.529999999999999,-0.7549999999999999,2,,./report/pdb_by_site/site_all_2_11_3_3.sdf
11_3,-4.45,-0.7416666666666667,27,,./report/pdb_by_site/site_all_27_11_3_1.sdf
11_3,-4.41,-0.735,17,,./report/pdb_by_site/site_all_17_11_3_1.sdf
11_3,-4.28,-0.7133333333333334,5,,./report/pdb_by_site/site_all_5_11_3_1.sdf
11_3,-4.21,-0.7016666666666667,10,,./report/pdb_by_site/site_all_10_11_3_1.sdf
11_3,-4.09,-0.6816666666666666,24,,./report/pdb_by_site/site_all_24_11_3_1.sdf
11_3,-4.051,-0.6751666666666667,12,,./report/pdb_by_site/site_all_12_11_3_1.sdf
11_3,-4.0,-0.6666666666666666,26,,./report/pdb_by_site/site_all_26_11_3_1.sdf
11_3,-3.93,-0.655,3,,./report/pdb_by_site/site_all_3_11_3_2.sdf
11_3,-3.904,-0.6506666666666666,15,,./report/pdb_by_site/site_all_15_11_3_1.sdf
11_3,-3.84,-0.64,20,,./report/pdb_by_site/site_all_20_11_3_1.sdf
11_3,-3.8,-0.6333333333333333,24,,./report/pdb_by_site/site_all_24_11_3_2.sdf
11_3,-3.78,-0.63,41,,./report/pdb_by_site/site_all_41_11_3_1.sdf
11_3,-3.77,-0.6283333333333333,22,,./report/pdb_by_site/site_all_22_11_3_1.sdf
11_3,-3.73,-0.6216666666666667,4,,./report/pdb_by_site/site_all_4_11_3_1.sdf
11_3,-3.73,-0.6216666666666667,25,,./report/pdb_by_site/site_all_25_11_3_1.sdf
11_3,-3.7100000000000004,-0.6183333333333334,5,,./report/pdb_by_site/site_all_5_11_3_2.sdf
11_3,-3.7060000000000004,-0.6176666666666667,3,,./report/pdb_by_site/site_all_3_11_3_3.sdf
11_3,-3.6999999999999997,-0.6166666666666666,57,,./report/pdb_by_site/site_all_57_11_3_1.sdf
11_3,-3.69,-0.615,22,,./report/pdb_by_site/site_all_22_11_3_2.sdf
11_3,-3.67,-0.6116666666666667,10,,./report/pdb_by_site/site_all_10_11_3_2.sdf
11_3,-3.65,-0.6083333333333333,10,,./report/pdb_by_site/site_all_10_11_3_3.sdf
11_3,-3.5500000000000003,-0.5916666666666667,5,,./report/pdb_by_site/site_all_5_11_3_3.sdf
11_3,-3.52,-0.5866666666666667,10,,./report/pdb_by_site/site_all_10_11_3_4.sdf
11_3,-3.467,-0.5778333333333333,4,,./report/pdb_by_site/site_all_4_11_3_2.sdf
11_3,-3.44,-0.5733333333333334,21,,./report/pdb_by_site/site_all_21_11_3_1.sdf
11_3,-3.4,-0.5666666666666667,30,,./report/pdb_by_site/site_all_30_11_3_1.sdf
11_3,-3.25,-0.5416666666666666,56,,./report/pdb_by_site/site_all_56_11_3_1.sdf
11_3,-3.193,-0.5321666666666667,41,,./report/pdb_by_site/site_all_41_11_3_2.sdf
11_3,-3.11,-0.5183333333333333,49,,./report/pdb_by_site/site_all_49_11_3_1.sdf
11_3,-3.098,-0.5163333333333333,19,,./report/pdb_by_site/site_all_19_11_3_2.sdf
11_3,-3.07,-0.5116666666666666,41,,./report/pdb_by_site/site_all_41_11_3_3.sdf
11_3,-3.05,-0.5083333333333333,44,,./report/pdb_by_site/site_all_44_11_3_1.sdf
11_3,-3.0010000000000003,-0.5001666666666668,27,,./report/pdb_by_site/site_all_27_11_3_2.sdf
11_3,-2.9850000000000003,-0.49750000000000005,18,,./report/pdb_by_site/site_all_18_11_3_1.sdf
11_3,-2.8899999999999997,-0.48166666666666663,57,,./report/pdb_by_site/site_all_57_11_3_2.sdf
11_3,-2.8200000000000003,-0.47000000000000003,74,,./report/pdb_by_site/site_all_74_11_3_1.sdf
11_3,-2.8200000000000003,-0.47000000000000003,27,,./report/pdb_by_site/site_all_27_11_3_3.sdf
11_3,-2.82,-0.47,58,,./report/pdb_by_site/site_all_58_11_3_1.sdf
11_3,-2.8,-0.4666666666666666,49,,./report/pdb_by_site/site_all_49_11_3_2.sdf
11_3,-2.774,-0.4623333333333333,9,,./report/pdb_by_site/site_all_9_11_3_2.sdf
11_3,-2.765,-0.4608333333333334,75,,./report/pdb_by_site/site_all_75_11_3_1.sdf
11_3,-2.76,-0.45999999999999996,80,,./report/pdb_by_site/site_all_80_11_3_1.sdf
11_3,-2.734,-0.45566666666666666,38,,./report/pdb_by_site/site_all_38_11_3_1.sdf
11_3,-2.7300000000000004,-0.45500000000000007,30,,./report/pdb_by_site/site_all_30_11_3_2.sdf
11_3,-2.73,-0.455,58,,./report/pdb_by_site/site_all_58_11_3_2.sdf
11_3,-2.73,-0.455,24,,./report/pdb_by_site/site_all_24_11_3_3.sdf
11_3,-2.7299999999999995,-0.4549999999999999,30,,./report/pdb_by_site/site_all_30_11_3_3.sdf
11_3,-2.7199999999999998,-0.4533333333333333,53,,./report/pdb_by_site/site_all_53_11_3_1.sdf
11_3,-2.6999999999999997,-0.44999999999999996,24,,./report/pdb_by_site/site_all_24_11_3_4.sdf
11_3,-2.68,-0.4466666666666667,10,,./report/pdb_by_site/site_all_10_11_3_5.sdf
11_3,-2.672,-0.44533333333333336,61,,./report/pdb_by_site/site_all_61_11_3_1.sdf
11_3,-2.67,-0.445,74,,./report/pdb_by_site/site_all_74_11_3_2.sdf
11_3,-2.652,-0.442,25,,./report/pdb_by_site/site_all_25_11_3_2.sdf
11_3,-2.646,-0.441,85,,./report/pdb_by_site/site_all_85_11_3_1.sdf
11_3,-2.5700000000000003,-0.4283333333333334,57,,./report/pdb_by_site/site_all_57_11_3_3.sdf
11_3,-2.561,-0.42683333333333334,102,,./report/pdb_by_site/site_all_102_11_3_1.sdf
11_3,-2.5500000000000003,-0.42500000000000004,67,,./report/pdb_by_site/site_all_67_11_3_1.sdf
11_3,-2.55,-0.425,41,,./report/pdb_by_site/site_all_41_11_3_4.sdf
11_3,-2.55,-0.425,10,,./report/pdb_by_site/site_all_10_11_3_6.sdf
11_3,-2.51,-0.4183333333333333,80,,./report/pdb_by_site/site_all_80_11_3_2.sdf
11_3,-2.504,-0.41733333333333333,116,,./report/pdb_by_site/site_all_116_11_3_1.sdf
11_3,-2.477,-0.41283333333333333,105,,./report/pdb_by_site/site_all_105_11_3_1.sdf
11_3,-2.4599999999999995,-0.4099999999999999,56,,./report/pdb_by_site/site_all_56_11_3_2.sdf
11_3,-2.44,-0.4066666666666667,11,,./report/pdb_by_site/site_all_11_11_3_2.sdf
11_3,-2.439,-0.40650000000000003,107,,./report/pdb_by_site/site_all_107_11_3_1.sdf
11_3,-2.4330000000000003,-0.4055,3,,./report/pdb_by_site/site_all_3_11_3_4.sdf
11_3,-2.431,-0.4051666666666667,79,,./report/pdb_by_site/site_all_79_11_3_1.sdf
11_3,-2.42,-0.4033333333333333,80,,./report/pdb_by_site/site_all_80_11_3_3.sdf
11_3,-2.3930000000000002,-0.3988333333333334,36,,./report/pdb_by_site/site_all_36_11_3_1.sdf
11_3,-2.372,-0.3953333333333333,22,,./report/pdb_by_site/site_all_22_11_3_3.sdf
11_3,-2.3499999999999996,-0.3916666666666666,77,,./report/pdb_by_site/site_all_77_11_3_1.sdf
11_3,-2.3209999999999997,-0.3868333333333333,108,,./report/pdb_by_site/site_all_108_11_3_1.sdf
11_3,-2.31,-0.385,81,,./report/pdb_by_site/site_all_81_11_3_1.sdf
11_3,-2.31,-0.385,115,,./report/pdb_by_site/site_all_115_11_3_1.sdf
11_3,-2.31,-0.385,11,,./report/pdb_by_site/site_all_11_11_3_3.sdf
11_3,-2.3072999999999997,-0.38454999999999995,98,,./report/pdb_by_site/site_all_98_11_3_1.sdf
11_3,-2.3,-0.3833333333333333,111,,./report/pdb_by_site/site_all_111_11_3_1.sdf
11_3,-2.25,-0.375,56,,./report/pdb_by_site/site_all_56_11_3_3.sdf
11_3,-2.2399999999999998,-0.3733333333333333,75,,./report/pdb_by_site/site_all_75_11_3_2.sdf
11_3,-2.202,-0.367,41,,./report/pdb_by_site/site_all_41_11_3_5.sdf
11_3,-2.193,-0.3655,108,,./report/pdb_by_site/site_all_108_11_3_2.sdf
11_3,-2.1879999999999997,-0.36466666666666664,96,,./report/pdb_by_site/site_all_96_11_3_1.sdf
11_3,-2.1319999999999997,-0.3553333333333333,76,,./report/pdb_by_site/site_all_76_11_3_1.sdf
11_3,-2.1189999999999998,-0.35316666666666663,22,,./report/pdb_by_site/site_all_22_11_3_4.sdf
11_3,-2.104,-0.3506666666666667,124,,./report/pdb_by_site/site_all_124_11_3_1.sdf
11_3,-2.06,-0.3433333333333333,17,,./report/pdb_by_site/site_all_17_11_3_2.sdf
11_3,-2.0549999999999997,-0.34249999999999997,9,,./report/pdb_by_site/site_all_9_11_3_3.sdf
11_3,-2.051,-0.3418333333333334,31,,./report/pdb_by_site/site_all_31_11_3_1.sdf
11_3,-2.0300000000000002,-0.3383333333333334,50,,./report/pdb_by_site/site_all_50_11_3_1.sdf
11_3,-2.0300000000000002,-0.3383333333333334,22,,./report/pdb_by_site/site_all_22_11_3_5.sdf
11_3,-2.01,-0.33499999999999996,113,,./report/pdb_by_site/site_all_113_11_3_1.sdf
12,-4.949999999999999,-0.7071428571428571,3,,./report/pdb_by_site/site_all_3_12_1.sdf
12,-4.836,-0.690857142857143,2,,./report/pdb_by_site/site_all_2_12_1.sdf
12,-4.32,-0.6171428571428572,5,,./report/pdb_by_site/site_all_5_12_1.sdf
12,-4.15,-0.5928571428571429,9,,./report/pdb_by_site/site_all_9_12_1.sdf
12,-3.9189999999999996,-0.5598571428571428,21,,./report/pdb_by_site/site_all_21_12_1.sdf
12,-3.91,-0.5585714285714286,10,,./report/pdb_by_site/site_all_10_12_1.sdf
12,-3.861,-0.5515714285714286,10,,./report/pdb_by_site/site_all_10_12_2.sdf
12,-3.7699999999999996,-0.5385714285714285,10,,./report/pdb_by_site/site_all_10_12_3.sdf
12,-3.74,-0.5342857142857144,15,,./report/pdb_by_site/site_all_15_12_1.sdf
12,-3.71,-0.53,5,,./report/pdb_by_site/site_all_5_12_2.sdf
12,-3.64,-0.52,25,,./report/pdb_by_site/site_all_25_12_1.sdf
12,-3.64,-0.52,10,,./report/pdb_by_site/site_all_10_12_4.sdf
12,-3.5300000000000002,-0.5042857142857143,22,,./report/pdb_by_site/site_all_22_12_1.sdf
12,-3.5,-0.5,35,,./report/pdb_by_site/site_all_35_12_1.sdf
12,-3.4880000000000004,-0.49828571428571433,24,,./report/pdb_by_site/site_all_24_12_1.sdf
12,-3.3000000000000003,-0.4714285714285715,57,,./report/pdb_by_site/site_all_57_12_1.sdf
12,-3.3000000000000003,-0.4714285714285715,17,,./report/pdb_by_site/site_all_17_12_1.sdf
12,-3.1740000000000004,-0.45342857142857146,27,,./report/pdb_by_site/site_all_27_12_1.sdf
12,-3.16,-0.45142857142857146,12,,./report/pdb_by_site/site_all_12_12_1.sdf
12,-3.1399999999999997,-0.4485714285714285,44,,./report/pdb_by_site/site_all_44_12_1.sdf
12,-3.0500000000000007,-0.43571428571428583,30,,./report/pdb_by_site/site_all_30_12_1.sdf
12,-3.012,-0.43028571428571427,38,,./report/pdb_by_site/site_all_38_12_1.sdf
12,-2.9959999999999996,-0.42799999999999994,36,,./report/pdb_by_site/site_all_36_12_1.sdf
12,-2.9499999999999997,-0.4214285714285714,41,,./report/pdb_by_site/site_all_41_12_1.sdf
12,-2.9229999999999996,-0.41757142857142854,56,,./report/pdb_by_site/site_all_56_12_1.sdf
12,-2.92,-0.41714285714285715,20,,./report/pdb_by_site/site_all_20_12_1.sdf
12,-2.9,-0.41428571428571426,49,,./report/pdb_by_site/site_all_49_12_1.sdf
12,-2.866,-0.4094285714285714,19,,./report/pdb_by_site/site_all_19_12_1.sdf
12,-2.86,-0.40857142857142853,53,,./report/pdb_by_site/site_all_53_12_1.sdf
12,-2.8360000000000003,-0.4051428571428572,2,,./report/pdb_by_site/site_all_2_12_2.sdf
12,-2.834,-0.40485714285714286,11,,./report/pdb_by_site/site_all_11_12_1.sdf
12,-2.83,-0.4042857142857143,30,,./report/pdb_by_site/site_all_30_12_2.sdf
12,-2.802,-0.4002857142857143,74,,./report/pdb_by_site/site_all_74_12_1.sdf
12,-2.791,-0.3987142857142857,24,,./report/pdb_by_site/site_all_24_12_2.sdf
12,-2.731,-0.3901428571428571,41,,./report/pdb_by_site/site_all_41_12_2.sdf
12,-2.7199999999999998,-0.3885714285714285,34,,./report/pdb_by_site/site_all_34_12_1.sdf
12,-2.6900000000000004,-0.38428571428571434,18,,./report/pdb_by_site/site_all_18_12_1.sdf
12,-2.682,-0.3831428571428571,30,,./report/pdb_by_site/site_all_30_12_3.sdf
12,-2.6450000000000005,-0.37785714285714295,27,,./report/pdb_by_site/site_all_27_12_2.sdf
12,-2.6077,-0.37252857142857143,26,,./report/pdb_by_site/site_all_26_12_1.sdf
12,-2.5860000000000003,-0.3694285714285715,25,,./report/pdb_by_site/site_all_25_12_2.sdf
12,-2.58,-0.3685714285714286,79,,./report/pdb_by_site/site_all_79_12_1.sdf
12,-2.5700000000000003,-0.36714285714285716,74,,./report/pdb_by_site/site_all_74_12_2.sdf
12,-2.559,-0.3655714285714286,75,,./report/pdb_by_site/site_all_75_12_1.sdf
12,-2.55,-0.36428571428571427,58,,./report/pdb_by_site/site_all_58_12_1.sdf
12,-2.5399999999999996,-0.3628571428571428,3,,./report/pdb_by_site/site_all_3_12_2.sdf
12,-2.491,-0.35585714285714287,85,,./report/pdb_by_site/site_all_85_12_1.sdf
12,-2.49,-0.35571428571428576,36,,./report/pdb_by_site/site_all_36_12_2.sdf
12,-2.471,-0.35300000000000004,41,,./report/pdb_by_site/site_all_41_12_3.sdf
12,-2.44,-0.3485714285714286,10,,./report/pdb_by_site/site_all_10_12_5.sdf
12,-2.43,-0.34714285714285714,58,,./report/pdb_by_site/site_all_58_12_2.sdf
12,-2.418,-0.3454285714285715,56,,./report/pdb_by_site/site_all_56_12_2.sdf
12,-2.394,-0.342,56,,./report/pdb_by_site/site_all_56_12_3.sdf
12,-2.38,-0.33999999999999997,27,,./report/pdb_by_site/site_all_27_12_3.sdf
12,-2.365,-0.3378571428571429,51,,./report/pdb_by_site/site_all_51_12_1.sdf
12,-2.342,-0.3345714285714286,22,,./report/pdb_by_site/site_all_22_12_2.sdf
12,-2.2640000000000002,-0.32342857142857145,2,,./report/pdb_by_site/site_all_2_12_3.sdf
12,-2.23,-0.31857142857142856,81,,./report/pdb_by_site/site_all_81_12_1.sdf
12,-2.2299999999999995,-0.3185714285714285,80,,./report/pdb_by_site/site_all_80_12_1.sdf
12,-2.2,-0.31428571428571433,96,,./report/pdb_by_site/site_all_96_12_1.sdf
12,-2.184,-0.312,14,,./report/pdb_by_site/site_all_14_12_1.sdf
12,-2.18,-0.31142857142857144,57,,./report/pdb_by_site/site_all_57_12_2.sdf
12,-2.1197,-0.3028142857142857,85,,./report/pdb_by_site/site_all_85_12_2.sdf
12,-2.093,-0.299,115,,./report/pdb_by_site/site_all_115_12_1.sdf
12,-2.0600000000000005,-0.2942857142857144,17,,./report/pdb_by_site/site_all_17_12_2.sdf
12,-2.016,-0.288,102,,./report/pdb_by_site/site_all_102_12_1.sdf
12,-2.0020000000000002,-0.28600000000000003,88,,./report/pdb_by_site/site_all_88_12_1.sdf
13,-5.43,-0.9049999999999999,3,,./report/pdb_by_site/site_all_3_13_1.sdf
13,-4.82,-0.8033333333333333,10,,./report/pdb_by_site/site_all_10_13_1.sdf
13,-4.73,-0.7883333333333334,2,,./report/pdb_by_site/site_all_2_13_1.sdf
13,-4.66,-0.7766666666666667,9,,./report/pdb_by_site/site_all_9_13_1.sdf
13,-4.34,-0.7233333333333333,11,,./report/pdb_by_site/site_all_11_13_1.sdf
13,-4.12,-0.6866666666666666,10,,./report/pdb_by_site/site_all_10_13_2.sdf
13,-4.1,-0.6833333333333332,24,,./report/pdb_by_site/site_all_24_13_1.sdf
13,-4.04,-0.6733333333333333,15,,./report/pdb_by_site/site_all_15_13_1.sdf
13,-4.0,-0.6666666666666666,10,,./report/pdb_by_site/site_all_10_13_3.sdf
13,-3.99,-0.665,3,,./report/pdb_by_site/site_all_3_13_2.sdf
13,-3.9499999999999997,-0.6583333333333333,19,,./report/pdb_by_site/site_all_19_13_1.sdf
13,-3.93,-0.655,5,,./report/pdb_by_site/site_all_5_13_1.sdf
13,-3.902,-0.6503333333333333,21,,./report/pdb_by_site/site_all_21_13_1.sdf
13,-3.87,-0.645,12,,./report/pdb_by_site/site_all_12_13_1.sdf
13,-3.7,-0.6166666666666667,22,,./report/pdb_by_site/site_all_22_13_1.sdf
13,-3.7,-0.6166666666666667,17,,./report/pdb_by_site/site_all_17_13_1.sdf
13,-3.616,-0.6026666666666667,27,,./report/pdb_by_site/site_all_27_13_1.sdf
13,-3.5,-0.5833333333333334,2,,./report/pdb_by_site/site_all_2_13_2.sdf
13,-3.44,-0.5733333333333334,30,,./report/pdb_by_site/site_all_30_13_1.sdf
13,-3.44,-0.5733333333333334,44,,./report/pdb_by_site/site_all_44_13_1.sdf
13,-3.4200000000000004,-0.5700000000000001,5,,./report/pdb_by_site/site_all_5_13_2.sdf
13,-3.41,-0.5683333333333334,26,,./report/pdb_by_site/site_all_26_13_1.sdf
13,-3.39,-0.5650000000000001,10,,./report/pdb_by_site/site_all_10_13_4.sdf
13,-3.2859999999999996,-0.5476666666666666,20,,./report/pdb_by_site/site_all_20_13_1.sdf
13,-3.2700000000000005,-0.545,41,,./report/pdb_by_site/site_all_41_13_1.sdf
13,-3.25,-0.5416666666666666,3,,./report/pdb_by_site/site_all_3_13_3.sdf
13,-3.1900000000000004,-0.5316666666666667,20,,./report/pdb_by_site/site_all_20_13_2.sdf
13,-3.16,-0.5266666666666667,18,,./report/pdb_by_site/site_all_18_13_1.sdf
13,-3.15,-0.525,56,,./report/pdb_by_site/site_all_56_13_1.sdf
13,-3.09,-0.515,57,,./report/pdb_by_site/site_all_57_13_1.sdf
13,-3.0300000000000002,-0.505,3,,./report/pdb_by_site/site_all_3_13_4.sdf
13,-3.0300000000000002,-0.505,25,,./report/pdb_by_site/site_all_25_13_1.sdf
13,-2.9899999999999998,-0.4983333333333333,9,,./report/pdb_by_site/site_all_9_13_2.sdf
13,-2.879,-0.47983333333333333,17,,./report/pdb_by_site/site_all_17_13_2.sdf
13,-2.8227,-0.47045000000000003,34,,./report/pdb_by_site/site_all_34_13_1.sdf
13,-2.8,-0.4666666666666666,3,,./report/pdb_by_site/site_all_3_13_5.sdf
13,-2.799,-0.46649999999999997,27,,./report/pdb_by_site/site_all_27_13_2.sdf
13,-2.75,-0.4583333333333333,30,,./report/pdb_by_site/site_all_30_13_2.sdf
13,-2.73,-0.455,53,,./report/pdb_by_site/site_all_53_13_1.sdf
13,-2.7199999999999998,-0.4533333333333333,27,,./report/pdb_by_site/site_all_27_13_3.sdf
13,-2.6500000000000004,-0.4416666666666667,80,,./report/pdb_by_site/site_all_80_13_1.sdf
13,-2.58,-0.43,56,,./report/pdb_by_site/site_all_56_13_2.sdf
13,-2.58,-0.43,113,,./report/pdb_by_site/site_all_113_13_1.sdf
13,-2.57,-0.4283333333333333,36,,./report/pdb_by_site/site_all_36_13_1.sdf
13,-2.55,-0.425,61,,./report/pdb_by_site/site_all_61_13_1.sdf
13,-2.54,-0.42333333333333334,24,,./report/pdb_by_site/site_all_24_13_2.sdf
13,-2.4799999999999995,-0.4133333333333333,36,,./report/pdb_by_site/site_all_36_13_2.sdf
13,-2.43,-0.405,80,,./report/pdb_by_site/site_all_80_13_2.sdf
13,-2.4200000000000004,-0.4033333333333334,41,,./report/pdb_by_site/site_all_41_13_2.sdf
13,-2.417,-0.4028333333333333,38,,./report/pdb_by_site/site_all_38_13_1.sdf
13,-2.41,-0.40166666666666667,85,,./report/pdb_by_site/site_all_85_13_1.sdf
13,-2.37,-0.395,81,,./report/pdb_by_site/site_all_81_13_1.sdf
13,-2.33,-0.38833333333333336,58,,./report/pdb_by_site/site_all_58_13_1.sdf
13,-2.29,-0.38166666666666665,49,,./report/pdb_by_site/site_all_49_13_1.sdf
13,-2.28,-0.37999999999999995,91,,./report/pdb_by_site/site_all_91_13_1.sdf
13,-2.276,-0.3793333333333333,38,,./report/pdb_by_site/site_all_38_13_2.sdf
13,-2.27,-0.37833333333333335,41,,./report/pdb_by_site/site_all_41_13_3.sdf
13,-2.26,-0.37666666666666665,58,,./report/pdb_by_site/site_all_58_13_2.sdf
13,-2.24,-0.37333333333333335,79,,./report/pdb_by_site/site_all_79_13_1.sdf
13,-2.2399999999999998,-0.3733333333333333,57,,./report/pdb_by_site/site_all_57_13_2.sdf
13,-2.23,-0.37166666666666665,77,,./report/pdb_by_site/site_all_77_13_1.sdf
13,-2.18,-0.36333333333333334,93,,./report/pdb_by_site/site_all_93_13_1.sdf
13,-2.1799999999999997,-0.3633333333333333,26,,./report/pdb_by_site/site_all_26_13_2.sdf
13,-2.1727,-0.36211666666666664,107,,./report/pdb_by_site/site_all_107_13_1.sdf
13,-2.1507,-0.35845,20,,./report/pdb_by_site/site_all_20_13_3.sdf
13,-2.1500000000000004,-0.3583333333333334,109,,./report/pdb_by_site/site_all_109_13_1.sdf
13,-2.148,-0.35800000000000004,74,,./report/pdb_by_site/site_all_74_13_1.sdf
13,-2.14433,-0.35738833333333336,75,,./report/pdb_by_site/site_all_75_13_1.sdf
13,-2.1399999999999997,-0.35666666666666663,67,,./report/pdb_by_site/site_all_67_13_1.sdf
13,-2.12,-0.35333333333333333,10,,./report/pdb_by_site/site_all_10_13_5.sdf
13,-2.0820000000000003,-0.34700000000000003,108,,./report/pdb_by_site/site_all_108_13_1.sdf
13,-2.02,-0.33666666666666667,121,,./report/pdb_by_site/site_all_121_13_1.sdf
13,-2.02,-0.33666666666666667,108,,./report/pdb_by_site/site_all_108_13_2.sdf
14_1,-5.18,-0.74,9,,./report/pdb_by_site/site_all_9_14_1_1.sdf
14_1,-5.140000000000001,-0.7342857142857143,3,,./report/pdb_by_site/site_all_3_14_1_1.sdf
14_1,-4.56,-0.6514285714285714,17,,./report/pdb_by_site/site_all_17_14_1_1.sdf
14_1,-4.51,-0.6442857142857142,2,,./report/pdb_by_site/site_all_2_14_1_1.sdf
14_1,-4.4799999999999995,-0.6399999999999999,11,,./report/pdb_by_site/site_all_11_14_1_1.sdf
14_1,-4.029999999999999,-0.5757142857142856,4,,./report/pdb_by_site/site_all_4_14_1_1.sdf
14_1,-3.98,-0.5685714285714286,22,,./report/pdb_by_site/site_all_22_14_1_1.sdf
14_1,-3.92,-0.5599999999999999,41,,./report/pdb_by_site/site_all_41_14_1_1.sdf
14_1,-3.89,-0.5557142857142857,25,,./report/pdb_by_site/site_all_25_14_1_1.sdf
14_1,-3.7800000000000002,-0.54,10,,./report/pdb_by_site/site_all_10_14_1_1.sdf
14_1,-3.75,-0.5357142857142857,2,,./report/pdb_by_site/site_all_2_14_1_2.sdf
14_1,-3.7299999999999995,-0.5328571428571428,10,,./report/pdb_by_site/site_all_10_14_1_2.sdf
14_1,-3.69,-0.5271428571428571,18,,./report/pdb_by_site/site_all_18_14_1_1.sdf
14_1,-3.63,-0.5185714285714286,5,,./report/pdb_by_site/site_all_5_14_1_1.sdf
14_1,-3.6,-0.5142857142857143,50,,./report/pdb_by_site/site_all_50_14_1_1.sdf
14_1,-3.58,-0.5114285714285715,57,,./report/pdb_by_site/site_all_57_14_1_1.sdf
14_1,-3.56,-0.5085714285714286,19,,./report/pdb_by_site/site_all_19_14_1_1.sdf
14_1,-3.54,-0.5057142857142857,24,,./report/pdb_by_site/site_all_24_14_1_1.sdf
14_1,-3.51,-0.5014285714285714,3,,./report/pdb_by_site/site_all_3_14_1_2.sdf
14_1,-3.49,-0.4985714285714286,26,,./report/pdb_by_site/site_all_26_14_1_1.sdf
14_1,-3.467,-0.4952857142857143,20,,./report/pdb_by_site/site_all_20_14_1_1.sdf
14_1,-3.46,-0.4942857142857143,56,,./report/pdb_by_site/site_all_56_14_1_1.sdf
14_1,-3.4499999999999997,-0.4928571428571428,30,,./report/pdb_by_site/site_all_30_14_1_1.sdf
14_1,-3.4000000000000004,-0.48571428571428577,2,,./report/pdb_by_site/site_all_2_14_1_3.sdf
14_1,-3.378,-0.4825714285714286,5,,./report/pdb_by_site/site_all_5_14_1_2.sdf
14_1,-3.36,-0.48,12,,./report/pdb_by_site/site_all_12_14_1_1.sdf
14_1,-3.29,-0.47000000000000003,12,,./report/pdb_by_site/site_all_12_14_1_2.sdf
14_1,-3.088,-0.44114285714285717,15,,./report/pdb_by_site/site_all_15_14_1_1.sdf
14_1,-3.06,-0.43714285714285717,21,,./report/pdb_by_site/site_all_21_14_1_1.sdf
14_1,-3.04,-0.4342857142857143,10,,./report/pdb_by_site/site_all_10_14_1_3.sdf
14_1,-3.0300000000000002,-0.4328571428571429,27,,./report/pdb_by_site/site_all_27_14_1_1.sdf
14_1,-3.01,-0.43,58,,./report/pdb_by_site/site_all_58_14_1_1.sdf
14_1,-2.7500000000000004,-0.3928571428571429,36,,./report/pdb_by_site/site_all_36_14_1_1.sdf
14_1,-2.75,-0.39285714285714285,80,,./report/pdb_by_site/site_all_80_14_1_1.sdf
14_1,-2.68,-0.3828571428571429,30,,./report/pdb_by_site/site_all_30_14_1_2.sdf
14_1,-2.68,-0.3828571428571429,44,,./report/pdb_by_site/site_all_44_14_1_1.sdf
14_1,-2.6799999999999997,-0.38285714285714284,58,,./report/pdb_by_site/site_all_58_14_1_2.sdf
14_1,-2.657,-0.37957142857142856,21,,./report/pdb_by_site/site_all_21_14_1_2.sdf
14_1,-2.63,-0.3757142857142857,77,,./report/pdb_by_site/site_all_77_14_1_1.sdf
14_1,-2.62,-0.3742857142857143,67,,./report/pdb_by_site/site_all_67_14_1_1.sdf
14_1,-2.5999999999999996,-0.3714285714285714,85,,./report/pdb_by_site/site_all_85_14_1_1.sdf
14_1,-2.5999999999999996,-0.3714285714285714,79,,./report/pdb_by_site/site_all_79_14_1_1.sdf
14_1,-2.56,-0.3657142857142857,74,,./report/pdb_by_site/site_all_74_14_1_1.sdf
14_1,-2.54,-0.3628571428571429,81,,./report/pdb_by_site/site_all_81_14_1_1.sdf
14_1,-2.5000000000000004,-0.3571428571428572,78,,./report/pdb_by_site/site_all_78_14_1_1.sdf
14_1,-2.4899999999999998,-0.3557142857142857,96,,./report/pdb_by_site/site_all_96_14_1_1.sdf
14_1,-2.48,-0.35428571428571426,75,,./report/pdb_by_site/site_all_75_14_1_1.sdf
14_1,-2.43,-0.34714285714285714,67,,./report/pdb_by_site/site_all_67_14_1_2.sdf
14_1,-2.42,-0.3457142857142857,70,,./report/pdb_by_site/site_all_70_14_1_1.sdf
14_1,-2.407,-0.34385714285714286,98,,./report/pdb_by_site/site_all_98_14_1_1.sdf
14_1,-2.4000000000000004,-0.3428571428571429,111,,./report/pdb_by_site/site_all_111_14_1_1.sdf
14_1,-2.371,-0.3387142857142857,3,,./report/pdb_by_site/site_all_3_14_1_3.sdf
14_1,-2.37,-0.3385714285714286,87,,./report/pdb_by_site/site_all_87_14_1_1.sdf
14_1,-2.36,-0.33714285714285713,58,,./report/pdb_by_site/site_all_58_14_1_3.sdf
14_1,-2.36,-0.33714285714285713,108,,./report/pdb_by_site/site_all_108_14_1_1.sdf
14_1,-2.31,-0.33,109,,./report/pdb_by_site/site_all_109_14_1_1.sdf
14_1,-2.293,-0.32757142857142857,41,,./report/pdb_by_site/site_all_41_14_1_2.sdf
14_1,-2.2800000000000002,-0.32571428571428573,105,,./report/pdb_by_site/site_all_105_14_1_1.sdf
14_1,-2.28,-0.3257142857142857,26,,./report/pdb_by_site/site_all_26_14_1_2.sdf
14_1,-2.2600000000000002,-0.3228571428571429,10,,./report/pdb_by_site/site_all_10_14_1_4.sdf
14_1,-2.26,-0.32285714285714284,24,,./report/pdb_by_site/site_all_24_14_1_2.sdf
14_1,-2.243,-0.3204285714285714,20,,./report/pdb_by_site/site_all_20_14_1_2.sdf
14_1,-2.23,-0.31857142857142856,57,,./report/pdb_by_site/site_all_57_14_1_2.sdf
14_1,-2.22,-0.31714285714285717,80,,./report/pdb_by_site/site_all_80_14_1_2.sdf
14_1,-2.207,-0.3152857142857143,93,,./report/pdb_by_site/site_all_93_14_1_1.sdf
14_1,-2.182,-0.3117142857142857,15,,./report/pdb_by_site/site_all_15_14_1_2.sdf
14_1,-2.1799999999999997,-0.3114285714285714,41,,./report/pdb_by_site/site_all_41_14_1_3.sdf
14_1,-2.168,-0.3097142857142857,67,,./report/pdb_by_site/site_all_67_14_1_3.sdf
14_1,-2.113,-0.3018571428571429,63,,./report/pdb_by_site/site_all_63_14_1_1.sdf
14_1,-2.104,-0.3005714285714286,53,,./report/pdb_by_site/site_all_53_14_1_1.sdf
14_1,-2.0999999999999996,-0.29999999999999993,11,,./report/pdb_by_site/site_all_11_14_1_2.sdf
14_1,-2.09,-0.29857142857142854,35,,./report/pdb_by_site/site_all_35_14_1_1.sdf
14_1,-2.067,-0.2952857142857143,81,,./report/pdb_by_site/site_all_81_14_1_2.sdf
14_1,-2.049,-0.2927142857142857,20,,./report/pdb_by_site/site_all_20_14_1_3.sdf
14_1,-2.03,-0.29,17,,./report/pdb_by_site/site_all_17_14_1_2.sdf
14_1,-2.02,-0.2885714285714286,100,,./report/pdb_by_site/site_all_100_14_1_1.sdf
14_2,-5.05,-0.7214285714285714,36,,./report/pdb_by_site/site_all_36_14_2_1.sdf
14_2,-4.58,-0.6542857142857142,2,,./report/pdb_by_site/site_all_2_14_2_1.sdf
14_2,-4.57,-0.6528571428571429,5,,./report/pdb_by_site/site_all_5_14_2_1.sdf
14_2,-4.55,-0.65,17,,./report/pdb_by_site/site_all_17_14_2_1.sdf
14_2,-4.21,-0.6014285714285714,22,,./report/pdb_by_site/site_all_22_14_2_1.sdf
14_2,-4.180000000000001,-0.5971428571428572,12,,./report/pdb_by_site/site_all_12_14_2_1.sdf
14_2,-4.04,-0.5771428571428572,14,,./report/pdb_by_site/site_all_14_14_2_1.sdf
14_2,-3.97,-0.5671428571428572,11,,./report/pdb_by_site/site_all_11_14_2_1.sdf
14_2,-3.7700000000000005,-0.5385714285714286,2,,./report/pdb_by_site/site_all_2_14_2_2.sdf
14_2,-3.7300000000000004,-0.5328571428571429,9,,./report/pdb_by_site/site_all_9_14_2_1.sdf
14_2,-3.65,-0.5214285714285715,3,,./report/pdb_by_site/site_all_3_14_2_1.sdf
14_2,-3.6,-0.5142857142857143,25,,./report/pdb_by_site/site_all_25_14_2_1.sdf
14_2,-3.58,-0.5114285714285715,3,,./report/pdb_by_site/site_all_3_14_2_2.sdf
14_2,-3.5789999999999997,-0.5112857142857142,26,,./report/pdb_by_site/site_all_26_14_2_1.sdf
14_2,-3.55,-0.5071428571428571,5,,./report/pdb_by_site/site_all_5_14_2_2.sdf
14_2,-3.5369999999999995,-0.5052857142857142,15,,./report/pdb_by_site/site_all_15_14_2_1.sdf
14_2,-3.5299999999999994,-0.5042857142857142,18,,./report/pdb_by_site/site_all_18_14_2_1.sdf
14_2,-3.5,-0.5,10,,./report/pdb_by_site/site_all_10_14_2_1.sdf
14_2,-3.471,-0.4958571428571429,31,,./report/pdb_by_site/site_all_31_14_2_1.sdf
14_2,-3.39,-0.4842857142857143,2,,./report/pdb_by_site/site_all_2_14_2_3.sdf
14_2,-3.3329999999999993,-0.47614285714285703,21,,./report/pdb_by_site/site_all_21_14_2_1.sdf
14_2,-3.3160000000000003,-0.47371428571428575,4,,./report/pdb_by_site/site_all_4_14_2_1.sdf
14_2,-3.2,-0.4571428571428572,77,,./report/pdb_by_site/site_all_77_14_2_1.sdf
14_2,-3.17,-0.45285714285714285,58,,./report/pdb_by_site/site_all_58_14_2_1.sdf
14_2,-3.1547,-0.45067142857142856,38,,./report/pdb_by_site/site_all_38_14_2_1.sdf
14_2,-3.1099999999999994,-0.44428571428571423,75,,./report/pdb_by_site/site_all_75_14_2_1.sdf
14_2,-3.0800000000000005,-0.44000000000000006,22,,./report/pdb_by_site/site_all_22_14_2_2.sdf
14_2,-3.0749999999999997,-0.4392857142857142,30,,./report/pdb_by_site/site_all_30_14_2_1.sdf
14_2,-3.05,-0.43571428571428567,57,,./report/pdb_by_site/site_all_57_14_2_1.sdf
14_2,-2.9810000000000003,-0.4258571428571429,40,,./report/pdb_by_site/site_all_40_14_2_1.sdf
14_2,-2.97,-0.4242857142857143,69,,./report/pdb_by_site/site_all_69_14_2_1.sdf
14_2,-2.905,-0.415,9,,./report/pdb_by_site/site_all_9_14_2_2.sdf
14_2,-2.87,-0.41000000000000003,44,,./report/pdb_by_site/site_all_44_14_2_1.sdf
14_2,-2.8,-0.39999999999999997,41,,./report/pdb_by_site/site_all_41_14_2_1.sdf
14_2,-2.747,-0.3924285714285714,24,,./report/pdb_by_site/site_all_24_14_2_1.sdf
14_2,-2.724,-0.3891428571428572,4,,./report/pdb_by_site/site_all_4_14_2_2.sdf
14_2,-2.708,-0.3868571428571429,70,,./report/pdb_by_site/site_all_70_14_2_1.sdf
14_2,-2.609,-0.3727142857142857,76,,./report/pdb_by_site/site_all_76_14_2_1.sdf
14_2,-2.5900000000000003,-0.37000000000000005,30,,./report/pdb_by_site/site_all_30_14_2_2.sdf
14_2,-2.575,-0.3678571428571429,21,,./report/pdb_by_site/site_all_21_14_2_2.sdf
14_2,-2.5709999999999997,-0.36728571428571427,69,,./report/pdb_by_site/site_all_69_14_2_2.sdf
14_2,-2.5700000000000003,-0.36714285714285716,96,,./report/pdb_by_site/site_all_96_14_2_1.sdf
14_2,-2.55,-0.36428571428571427,70,,./report/pdb_by_site/site_all_70_14_2_2.sdf
14_2,-2.5010000000000003,-0.3572857142857143,100,,./report/pdb_by_site/site_all_100_14_2_1.sdf
14_2,-2.499,-0.35700000000000004,50,,./report/pdb_by_site/site_all_50_14_2_1.sdf
14_2,-2.4959999999999996,-0.3565714285714285,19,,./report/pdb_by_site/site_all_19_14_2_1.sdf
14_2,-2.43,-0.34714285714285714,20,,./report/pdb_by_site/site_all_20_14_2_1.sdf
14_2,-2.416,-0.34514285714285714,9,,./report/pdb_by_site/site_all_9_14_2_3.sdf
14_2,-2.416,-0.34514285714285714,27,,./report/pdb_by_site/site_all_27_14_2_1.sdf
14_2,-2.3810000000000002,-0.3401428571428572,53,,./report/pdb_by_site/site_all_53_14_2_1.sdf
14_2,-2.34,-0.33428571428571424,80,,./report/pdb_by_site/site_all_80_14_2_1.sdf
14_2,-2.34,-0.33428571428571424,22,,./report/pdb_by_site/site_all_22_14_2_3.sdf
14_2,-2.3289999999999997,-0.3327142857142857,24,,./report/pdb_by_site/site_all_24_14_2_2.sdf
14_2,-2.2800000000000002,-0.32571428571428573,80,,./report/pdb_by_site/site_all_80_14_2_2.sdf
14_2,-2.2359999999999998,-0.3194285714285714,39,,./report/pdb_by_site/site_all_39_14_2_1.sdf
14_2,-2.23,-0.31857142857142856,57,,./report/pdb_by_site/site_all_57_14_2_2.sdf
14_2,-2.2140000000000004,-0.31628571428571434,36,,./report/pdb_by_site/site_all_36_14_2_2.sdf
14_2,-2.2,-0.31428571428571433,56,,./report/pdb_by_site/site_all_56_14_2_1.sdf
14_2,-2.185,-0.31214285714285717,56,,./report/pdb_by_site/site_all_56_14_2_2.sdf
14_2,-2.16,-0.3085714285714286,10,,./report/pdb_by_site/site_all_10_14_2_2.sdf
14_2,-2.14,-0.3057142857142857,31,,./report/pdb_by_site/site_all_31_14_2_2.sdf
14_2,-2.131,-0.3044285714285714,65,,./report/pdb_by_site/site_all_65_14_2_1.sdf
14_2,-2.1003,-0.3000428571428571,78,,./report/pdb_by_site/site_all_78_14_2_1.sdf
14_2,-2.0980000000000003,-0.29971428571428577,90,,./report/pdb_by_site/site_all_90_14_2_1.sdf
14_2,-2.09,-0.29857142857142854,15,,./report/pdb_by_site/site_all_15_14_2_2.sdf
14_2,-2.08,-0.29714285714285715,36,,./report/pdb_by_site/site_all_36_14_2_3.sdf
14_2,-2.074,-0.29628571428571426,114,,./report/pdb_by_site/site_all_114_14_2_1.sdf
14_2,-2.0547000000000004,-0.29352857142857147,48,,./report/pdb_by_site/site_all_48_14_2_1.sdf
14_2,-2.013,-0.28757142857142853,71,,./report/pdb_by_site/site_all_71_14_2_1.sdf
14_2,-2.007,-0.28671428571428575,118,,./report/pdb_by_site/site_all_118_14_2_1.sdf
14_2,-2.0060000000000002,-0.2865714285714286,109,,./report/pdb_by_site/site_all_109_14_2_1.sdf
15_1,-4.83,-0.6900000000000001,3,,./report/pdb_by_site/site_all_3_15_1_1.sdf
15_1,-4.493,-0.6418571428571429,3,,./report/pdb_by_site/site_all_3_15_1_2.sdf
15_1,-4.32,-0.6171428571428572,2,,./report/pdb_by_site/site_all_2_15_1_1.sdf
15_1,-4.194,-0.5991428571428571,10,,./report/pdb_by_site/site_all_10_15_1_1.sdf
15_1,-4.0600000000000005,-0.5800000000000001,11,,./report/pdb_by_site/site_all_11_15_1_1.sdf
15_1,-4.05,-0.5785714285714285,9,,./report/pdb_by_site/site_all_9_15_1_1.sdf
15_1,-3.7700000000000005,-0.5385714285714286,5,,./report/pdb_by_site/site_all_5_15_1_1.sdf
15_1,-3.6799999999999997,-0.5257142857142857,5,,./report/pdb_by_site/site_all_5_15_1_2.sdf
15_1,-3.65,-0.5214285714285715,2,,./report/pdb_by_site/site_all_2_15_1_2.sdf
15_1,-3.6340000000000003,-0.5191428571428572,21,,./report/pdb_by_site/site_all_21_15_1_1.sdf
15_1,-3.5299999999999994,-0.5042857142857142,5,,./report/pdb_by_site/site_all_5_15_1_3.sdf
15_1,-3.48,-0.49714285714285716,10,,./report/pdb_by_site/site_all_10_15_1_2.sdf
15_1,-3.29,-0.47000000000000003,17,,./report/pdb_by_site/site_all_17_15_1_1.sdf
15_1,-3.286,-0.4694285714285714,24,,./report/pdb_by_site/site_all_24_15_1_1.sdf
15_1,-3.26,-0.4657142857142857,22,,./report/pdb_by_site/site_all_22_15_1_1.sdf
15_1,-3.2,-0.4571428571428572,20,,./report/pdb_by_site/site_all_20_15_1_1.sdf
15_1,-3.139,-0.4484285714285714,15,,./report/pdb_by_site/site_all_15_15_1_1.sdf
15_1,-2.99,-0.42714285714285716,12,,./report/pdb_by_site/site_all_12_15_1_1.sdf
15_1,-2.97,-0.4242857142857143,18,,./report/pdb_by_site/site_all_18_15_1_1.sdf
15_1,-2.96,-0.4228571428571429,27,,./report/pdb_by_site/site_all_27_15_1_1.sdf
15_1,-2.897,-0.4138571428571428,19,,./report/pdb_by_site/site_all_19_15_1_1.sdf
15_1,-2.8899999999999997,-0.4128571428571428,25,,./report/pdb_by_site/site_all_25_15_1_1.sdf
15_1,-2.8699999999999997,-0.41,2,,./report/pdb_by_site/site_all_2_15_1_3.sdf
15_1,-2.8310000000000004,-0.40442857142857147,27,,./report/pdb_by_site/site_all_27_15_1_2.sdf
15_1,-2.83,-0.4042857142857143,10,,./report/pdb_by_site/site_all_10_15_1_3.sdf
15_1,-2.7963,-0.3994714285714286,34,,./report/pdb_by_site/site_all_34_15_1_1.sdf
15_1,-2.7800000000000002,-0.3971428571428572,3,,./report/pdb_by_site/site_all_3_15_1_3.sdf
15_1,-2.7699999999999996,-0.39571428571428563,30,,./report/pdb_by_site/site_all_30_15_1_1.sdf
15_1,-2.71,-0.3871428571428571,56,,./report/pdb_by_site/site_all_56_15_1_1.sdf
15_1,-2.71,-0.3871428571428571,20,,./report/pdb_by_site/site_all_20_15_1_2.sdf
15_1,-2.686,-0.38371428571428573,44,,./report/pdb_by_site/site_all_44_15_1_1.sdf
15_1,-2.6799999999999997,-0.38285714285714284,3,,./report/pdb_by_site/site_all_3_15_1_4.sdf
15_1,-2.66,-0.38,26,,./report/pdb_by_site/site_all_26_15_1_1.sdf
15_1,-2.64,-0.37714285714285717,41,,./report/pdb_by_site/site_all_41_15_1_1.sdf
15_1,-2.63,-0.3757142857142857,57,,./report/pdb_by_site/site_all_57_15_1_1.sdf
15_1,-2.4499999999999997,-0.35,77,,./report/pdb_by_site/site_all_77_15_1_1.sdf
15_1,-2.4450000000000003,-0.3492857142857143,38,,./report/pdb_by_site/site_all_38_15_1_1.sdf
15_1,-2.4019999999999997,-0.3431428571428571,22,,./report/pdb_by_site/site_all_22_15_1_2.sdf
15_1,-2.399,-0.3427142857142857,30,,./report/pdb_by_site/site_all_30_15_1_2.sdf
15_1,-2.385,-0.3407142857142857,25,,./report/pdb_by_site/site_all_25_15_1_2.sdf
15_1,-2.377,-0.3395714285714285,18,,./report/pdb_by_site/site_all_18_15_1_2.sdf
15_1,-2.3663,-0.33804285714285714,3,,./report/pdb_by_site/site_all_3_15_1_5.sdf
15_1,-2.366,-0.338,75,,./report/pdb_by_site/site_all_75_15_1_1.sdf
15_1,-2.35,-0.33571428571428574,58,,./report/pdb_by_site/site_all_58_15_1_1.sdf
15_1,-2.3160000000000003,-0.3308571428571429,36,,./report/pdb_by_site/site_all_36_15_1_1.sdf
15_1,-2.2969999999999997,-0.3281428571428571,9,,./report/pdb_by_site/site_all_9_15_1_2.sdf
15_1,-2.2699999999999996,-0.32428571428571423,80,,./report/pdb_by_site/site_all_80_15_1_1.sdf
15_1,-2.251,-0.32157142857142856,74,,./report/pdb_by_site/site_all_74_15_1_1.sdf
15_1,-2.23,-0.31857142857142856,85,,./report/pdb_by_site/site_all_85_15_1_1.sdf
15_1,-2.23,-0.31857142857142856,24,,./report/pdb_by_site/site_all_24_15_1_2.sdf
15_1,-2.216,-0.3165714285714286,10,,./report/pdb_by_site/site_all_10_15_1_4.sdf
15_1,-2.2089999999999996,-0.3155714285714285,25,,./report/pdb_by_site/site_all_25_15_1_3.sdf
15_1,-2.174,-0.31057142857142855,58,,./report/pdb_by_site/site_all_58_15_1_2.sdf
15_1,-2.152,-0.30742857142857144,74,,./report/pdb_by_site/site_all_74_15_1_2.sdf
15_1,-2.148,-0.3068571428571429,56,,./report/pdb_by_site/site_all_56_15_1_2.sdf
15_1,-2.144,-0.30628571428571433,41,,./report/pdb_by_site/site_all_41_15_1_2.sdf
15_1,-2.12,-0.3028571428571429,41,,./report/pdb_by_site/site_all_41_15_1_3.sdf
15_1,-2.0757,-0.2965285714285714,27,,./report/pdb_by_site/site_all_27_15_1_3.sdf
15_1,-2.063,-0.29471428571428576,75,,./report/pdb_by_site/site_all_75_15_1_2.sdf
15_1,-2.051,-0.29300000000000004,85,,./report/pdb_by_site/site_all_85_15_1_2.sdf
15_1,-2.043,-0.29185714285714287,57,,./report/pdb_by_site/site_all_57_15_1_2.sdf
15_1,-2.0290000000000004,-0.2898571428571429,81,,./report/pdb_by_site/site_all_81_15_1_1.sdf
15_1,-2.027,-0.2895714285714286,53,,./report/pdb_by_site/site_all_53_15_1_1.sdf
15_1,-2.009,-0.287,79,,./report/pdb_by_site/site_all_79_15_1_1.sdf
15_2,-4.17,-0.5957142857142858,36,,./report/pdb_by_site/site_all_36_15_2_1.sdf
15_2,-4.0920000000000005,-0.5845714285714286,14,,./report/pdb_by_site/site_all_14_15_2_1.sdf
15_2,-3.91,-0.5585714285714286,5,,./report/pdb_by_site/site_all_5_15_2_1.sdf
15_2,-3.8,-0.5428571428571428,22,,./report/pdb_by_site/site_all_22_15_2_1.sdf
15_2,-3.719,-0.5312857142857143,22,,./report/pdb_by_site/site_all_22_15_2_2.sdf
15_2,-3.6863,-0.5266142857142857,38,,./report/pdb_by_site/site_all_38_15_2_1.sdf
15_2,-3.679,-0.5255714285714286,21,,./report/pdb_by_site/site_all_21_15_2_1.sdf
15_2,-3.65,-0.5214285714285715,2,,./report/pdb_by_site/site_all_2_15_2_1.sdf
15_2,-3.6100000000000003,-0.5157142857142858,12,,./report/pdb_by_site/site_all_12_15_2_1.sdf
15_2,-3.5904999999999996,-0.5129285714285714,4,,./report/pdb_by_site/site_all_4_15_2_1.sdf
15_2,-3.585,-0.5121428571428571,39,,./report/pdb_by_site/site_all_39_15_2_1.sdf
15_2,-3.4830000000000005,-0.49757142857142866,31,,./report/pdb_by_site/site_all_31_15_2_1.sdf
15_2,-3.38,-0.4828571428571428,5,,./report/pdb_by_site/site_all_5_15_2_2.sdf
15_2,-3.298,-0.47114285714285714,15,,./report/pdb_by_site/site_all_15_15_2_1.sdf
15_2,-3.1100000000000003,-0.44428571428571434,17,,./report/pdb_by_site/site_all_17_15_2_1.sdf
15_2,-3.07,-0.43857142857142856,22,,./report/pdb_by_site/site_all_22_15_2_3.sdf
15_2,-2.9960000000000004,-0.42800000000000005,5,,./report/pdb_by_site/site_all_5_15_2_3.sdf
15_2,-2.9200000000000004,-0.4171428571428572,11,,./report/pdb_by_site/site_all_11_15_2_1.sdf
15_2,-2.873,-0.4104285714285715,44,,./report/pdb_by_site/site_all_44_15_2_1.sdf
15_2,-2.774,-0.3962857142857143,38,,./report/pdb_by_site/site_all_38_15_2_2.sdf
15_2,-2.7273,-0.38961428571428575,48,,./report/pdb_by_site/site_all_48_15_2_1.sdf
15_2,-2.65,-0.37857142857142856,75,,./report/pdb_by_site/site_all_75_15_2_1.sdf
15_2,-2.632,-0.376,40,,./report/pdb_by_site/site_all_40_15_2_1.sdf
15_2,-2.63,-0.3757142857142857,18,,./report/pdb_by_site/site_all_18_15_2_1.sdf
15_2,-2.6109999999999998,-0.37299999999999994,18,,./report/pdb_by_site/site_all_18_15_2_2.sdf
15_2,-2.6100000000000003,-0.3728571428571429,27,,./report/pdb_by_site/site_all_27_15_2_1.sdf
15_2,-2.59,-0.37,25,,./report/pdb_by_site/site_all_25_15_2_1.sdf
15_2,-2.59,-0.37,2,,./report/pdb_by_site/site_all_2_15_2_2.sdf
15_2,-2.58,-0.3685714285714286,3,,./report/pdb_by_site/site_all_3_15_2_1.sdf
15_2,-2.569,-0.367,58,,./report/pdb_by_site/site_all_58_15_2_1.sdf
15_2,-2.56,-0.3657142857142857,35,,./report/pdb_by_site/site_all_35_15_2_1.sdf
15_2,-2.55,-0.36428571428571427,10,,./report/pdb_by_site/site_all_10_15_2_1.sdf
15_2,-2.54,-0.3628571428571429,58,,./report/pdb_by_site/site_all_58_15_2_2.sdf
15_2,-2.534,-0.362,74,,./report/pdb_by_site/site_all_74_15_2_1.sdf
15_2,-2.524,-0.3605714285714286,9,,./report/pdb_by_site/site_all_9_15_2_1.sdf
15_2,-2.5100000000000002,-0.3585714285714286,3,,./report/pdb_by_site/site_all_3_15_2_2.sdf
15_2,-2.475,-0.3535714285714286,4,,./report/pdb_by_site/site_all_4_15_2_2.sdf
15_2,-2.473,-0.35328571428571426,79,,./report/pdb_by_site/site_all_79_15_2_1.sdf
15_2,-2.4725,-0.35321428571428576,12,,./report/pdb_by_site/site_all_12_15_2_2.sdf
15_2,-2.4595000000000002,-0.35135714285714287,12,,./report/pdb_by_site/site_all_12_15_2_3.sdf
15_2,-2.4585000000000004,-0.35121428571428576,24,,./report/pdb_by_site/site_all_24_15_2_1.sdf
15_2,-2.4200000000000004,-0.34571428571428575,31,,./report/pdb_by_site/site_all_31_15_2_2.sdf
15_2,-2.3520000000000003,-0.336,65,,./report/pdb_by_site/site_all_65_15_2_1.sdf
15_2,-2.318,-0.3311428571428571,120,,./report/pdb_by_site/site_all_120_15_2_1.sdf
15_2,-2.287,-0.3267142857142857,78,,./report/pdb_by_site/site_all_78_15_2_1.sdf
15_2,-2.2237999999999998,-0.31768571428571424,26,,./report/pdb_by_site/site_all_26_15_2_1.sdf
15_2,-2.158,-0.3082857142857143,9,,./report/pdb_by_site/site_all_9_15_2_2.sdf
15_2,-2.114,-0.302,13,,./report/pdb_by_site/site_all_13_15_2_1.sdf
15_2,-2.109,-0.30128571428571427,74,,./report/pdb_by_site/site_all_74_15_2_2.sdf
15_2,-2.0999999999999996,-0.29999999999999993,57,,./report/pdb_by_site/site_all_57_15_2_1.sdf
15_2,-2.0690000000000004,-0.29557142857142865,30,,./report/pdb_by_site/site_all_30_15_2_1.sdf
15_2,-2.0659,-0.29512857142857146,69,,./report/pdb_by_site/site_all_69_15_2_1.sdf
15_2,-2.0575,-0.29392857142857143,14,,./report/pdb_by_site/site_all_14_15_2_2.sdf
15_2,-2.053,-0.29328571428571426,27,,./report/pdb_by_site/site_all_27_15_2_2.sdf
15_2,-2.028,-0.2897142857142857,74,,./report/pdb_by_site/site_all_74_15_2_3.sdf
15_2,-2.02,-0.2885714285714286,106,,./report/pdb_by_site/site_all_106_15_2_1.sdf
15_2,-2.02,-0.2885714285714286,80,,./report/pdb_by_site/site_all_80_15_2_1.sdf
16,-3.76,-0.752,2,,./report/pdb_by_site/site_all_2_16_1.sdf
16,-3.6799999999999997,-0.736,3,,./report/pdb_by_site/site_all_3_16_1.sdf
16,-3.4099999999999997,-0.6819999999999999,9,,./report/pdb_by_site/site_all_9_16_1.sdf
16,-3.21,-0.642,10,,./report/pdb_by_site/site_all_10_16_1.sdf
16,-2.9699999999999998,-0.594,2,,./report/pdb_by_site/site_all_2_16_2.sdf
16,-2.91,-0.5820000000000001,17,,./report/pdb_by_site/site_all_17_16_1.sdf
16,-2.87,-0.5740000000000001,41,,./report/pdb_by_site/site_all_41_16_1.sdf
16,-2.84,-0.568,10,,./report/pdb_by_site/site_all_10_16_2.sdf
16,-2.8099999999999996,-0.5619999999999999,26,,./report/pdb_by_site/site_all_26_16_1.sdf
16,-2.7699999999999996,-0.5539999999999999,4,,./report/pdb_by_site/site_all_4_16_1.sdf
16,-2.76,-0.5519999999999999,70,,./report/pdb_by_site/site_all_70_16_1.sdf
16,-2.7,-0.54,10,,./report/pdb_by_site/site_all_10_16_3.sdf
16,-2.7,-0.54,11,,./report/pdb_by_site/site_all_11_16_1.sdf
16,-2.6399999999999997,-0.5279999999999999,3,,./report/pdb_by_site/site_all_3_16_2.sdf
16,-2.59,-0.518,25,,./report/pdb_by_site/site_all_25_16_1.sdf
16,-2.58,-0.516,57,,./report/pdb_by_site/site_all_57_16_1.sdf
16,-2.5,-0.5,5,,./report/pdb_by_site/site_all_5_16_1.sdf
16,-2.47,-0.49400000000000005,12,,./report/pdb_by_site/site_all_12_16_1.sdf
16,-2.43,-0.48600000000000004,30,,./report/pdb_by_site/site_all_30_16_1.sdf
16,-2.39,-0.47800000000000004,18,,./report/pdb_by_site/site_all_18_16_1.sdf
16,-2.39,-0.47800000000000004,19,,./report/pdb_by_site/site_all_19_16_1.sdf
16,-2.39,-0.47800000000000004,20,,./report/pdb_by_site/site_all_20_16_1.sdf
16,-2.3800000000000003,-0.4760000000000001,27,,./report/pdb_by_site/site_all_27_16_1.sdf
16,-2.38,-0.476,3,,./report/pdb_by_site/site_all_3_16_3.sdf
16,-2.29,-0.458,5,,./report/pdb_by_site/site_all_5_16_2.sdf
16,-2.2600000000000002,-0.45200000000000007,24,,./report/pdb_by_site/site_all_24_16_1.sdf
16,-2.19,-0.438,5,,./report/pdb_by_site/site_all_5_16_3.sdf
16,-2.17,-0.434,10,,./report/pdb_by_site/site_all_10_16_4.sdf
16,-2.14,-0.42800000000000005,78,,./report/pdb_by_site/site_all_78_16_1.sdf
16,-2.14,-0.42800000000000005,44,,./report/pdb_by_site/site_all_44_16_1.sdf
16,-2.14,-0.42800000000000005,53,,./report/pdb_by_site/site_all_53_16_1.sdf
16,-2.12,-0.42400000000000004,15,,./report/pdb_by_site/site_all_15_16_1.sdf
16,-2.1100000000000003,-0.42200000000000004,22,,./report/pdb_by_site/site_all_22_16_1.sdf
16,-2.1,-0.42000000000000004,41,,./report/pdb_by_site/site_all_41_16_2.sdf
16,-2.06,-0.41200000000000003,49,,./report/pdb_by_site/site_all_49_16_1.sdf
16,-2.04,-0.40800000000000003,80,,./report/pdb_by_site/site_all_80_16_1.sdf
16,-2.0100000000000002,-0.402,27,,./report/pdb_by_site/site_all_27_16_2.sdf
17_1,-5.65,-0.8071428571428572,3,,./report/pdb_by_site/site_all_3_17_1_1.sdf
17_1,-5.29,-0.7557142857142857,9,,./report/pdb_by_site/site_all_9_17_1_1.sdf
17_1,-4.61,-0.6585714285714286,2,,./report/pdb_by_site/site_all_2_17_1_1.sdf
17_1,-4.52,-0.6457142857142857,11,,./report/pdb_by_site/site_all_11_17_1_1.sdf
17_1,-4.48,-0.64,5,,./report/pdb_by_site/site_all_5_17_1_1.sdf
17_1,-4.43,-0.6328571428571428,10,,./report/pdb_by_site/site_all_10_17_1_1.sdf
17_1,-4.41,-0.63,5,,./report/pdb_by_site/site_all_5_17_1_2.sdf
17_1,-4.2,-0.6,10,,./report/pdb_by_site/site_all_10_17_1_2.sdf
17_1,-4.12,-0.5885714285714286,22,,./report/pdb_by_site/site_all_22_17_1_1.sdf
17_1,-4.0,-0.5714285714285714,17,,./report/pdb_by_site/site_all_17_17_1_1.sdf
17_1,-3.9099999999999997,-0.5585714285714285,10,,./report/pdb_by_site/site_all_10_17_1_3.sdf
17_1,-3.8900000000000006,-0.5557142857142858,2,,./report/pdb_by_site/site_all_2_17_1_2.sdf
17_1,-3.88,-0.5542857142857143,2,,./report/pdb_by_site/site_all_2_17_1_3.sdf
17_1,-3.7600000000000002,-0.5371428571428571,70,,./report/pdb_by_site/site_all_70_17_1_1.sdf
17_1,-3.7600000000000002,-0.5371428571428571,4,,./report/pdb_by_site/site_all_4_17_1_1.sdf
17_1,-3.7600000000000002,-0.5371428571428571,10,,./report/pdb_by_site/site_all_10_17_1_4.sdf
17_1,-3.72,-0.5314285714285715,24,,./report/pdb_by_site/site_all_24_17_1_1.sdf
17_1,-3.710000000000001,-0.5300000000000001,27,,./report/pdb_by_site/site_all_27_17_1_1.sdf
17_1,-3.6790000000000003,-0.5255714285714286,15,,./report/pdb_by_site/site_all_15_17_1_1.sdf
17_1,-3.6500000000000004,-0.5214285714285715,25,,./report/pdb_by_site/site_all_25_17_1_1.sdf
17_1,-3.6180000000000003,-0.5168571428571429,12,,./report/pdb_by_site/site_all_12_17_1_1.sdf
17_1,-3.52,-0.5028571428571429,78,,./report/pdb_by_site/site_all_78_17_1_1.sdf
17_1,-3.512,-0.5017142857142857,21,,./report/pdb_by_site/site_all_21_17_1_1.sdf
17_1,-3.51,-0.5014285714285714,12,,./report/pdb_by_site/site_all_12_17_1_2.sdf
17_1,-3.5,-0.5,57,,./report/pdb_by_site/site_all_57_17_1_1.sdf
17_1,-3.5,-0.5,5,,./report/pdb_by_site/site_all_5_17_1_3.sdf
17_1,-3.48,-0.49714285714285716,3,,./report/pdb_by_site/site_all_3_17_1_2.sdf
17_1,-3.46,-0.4942857142857143,19,,./report/pdb_by_site/site_all_19_17_1_1.sdf
17_1,-3.45,-0.4928571428571429,41,,./report/pdb_by_site/site_all_41_17_1_1.sdf
17_1,-3.4499999999999993,-0.49285714285714277,26,,./report/pdb_by_site/site_all_26_17_1_1.sdf
17_1,-3.44,-0.49142857142857144,3,,./report/pdb_by_site/site_all_3_17_1_3.sdf
17_1,-3.38,-0.4828571428571428,30,,./report/pdb_by_site/site_all_30_17_1_1.sdf
17_1,-3.34,-0.47714285714285715,5,,./report/pdb_by_site/site_all_5_17_1_4.sdf
17_1,-3.28,-0.4685714285714285,56,,./report/pdb_by_site/site_all_56_17_1_1.sdf
17_1,-3.16,-0.45142857142857146,9,,./report/pdb_by_site/site_all_9_17_1_2.sdf
17_1,-3.15,-0.45,30,,./report/pdb_by_site/site_all_30_17_1_2.sdf
17_1,-3.091,-0.4415714285714286,20,,./report/pdb_by_site/site_all_20_17_1_1.sdf
17_1,-3.08,-0.44,18,,./report/pdb_by_site/site_all_18_17_1_1.sdf
17_1,-3.05,-0.43571428571428567,44,,./report/pdb_by_site/site_all_44_17_1_1.sdf
17_1,-3.05,-0.43571428571428567,30,,./report/pdb_by_site/site_all_30_17_1_3.sdf
17_1,-2.9600000000000004,-0.42285714285714293,27,,./report/pdb_by_site/site_all_27_17_1_2.sdf
17_1,-2.92,-0.41714285714285715,36,,./report/pdb_by_site/site_all_36_17_1_1.sdf
17_1,-2.85,-0.40714285714285714,58,,./report/pdb_by_site/site_all_58_17_1_1.sdf
17_1,-2.8,-0.39999999999999997,36,,./report/pdb_by_site/site_all_36_17_1_2.sdf
17_1,-2.7999999999999994,-0.3999999999999999,31,,./report/pdb_by_site/site_all_31_17_1_1.sdf
17_1,-2.75,-0.39285714285714285,74,,./report/pdb_by_site/site_all_74_17_1_1.sdf
17_1,-2.71,-0.3871428571428571,10,,./report/pdb_by_site/site_all_10_17_1_5.sdf
17_1,-2.7,-0.38571428571428573,56,,./report/pdb_by_site/site_all_56_17_1_2.sdf
17_1,-2.61,-0.37285714285714283,36,,./report/pdb_by_site/site_all_36_17_1_3.sdf
17_1,-2.58,-0.3685714285714286,77,,./report/pdb_by_site/site_all_77_17_1_1.sdf
17_1,-2.5599999999999996,-0.36571428571428566,41,,./report/pdb_by_site/site_all_41_17_1_2.sdf
17_1,-2.5330000000000004,-0.36185714285714293,3,,./report/pdb_by_site/site_all_3_17_1_4.sdf
17_1,-2.53,-0.3614285714285714,20,,./report/pdb_by_site/site_all_20_17_1_2.sdf
17_1,-2.5200000000000005,-0.36000000000000004,79,,./report/pdb_by_site/site_all_79_17_1_1.sdf
17_1,-2.4949999999999997,-0.3564285714285714,58,,./report/pdb_by_site/site_all_58_17_1_2.sdf
17_1,-2.48,-0.35428571428571426,80,,./report/pdb_by_site/site_all_80_17_1_1.sdf
17_1,-2.46,-0.3514285714285714,10,,./report/pdb_by_site/site_all_10_17_1_6.sdf
17_1,-2.4,-0.34285714285714286,81,,./report/pdb_by_site/site_all_81_17_1_1.sdf
17_1,-2.346,-0.33514285714285713,24,,./report/pdb_by_site/site_all_24_17_1_2.sdf
17_1,-2.3200000000000003,-0.33142857142857146,116,,./report/pdb_by_site/site_all_116_17_1_1.sdf
17_1,-2.3200000000000003,-0.33142857142857146,115,,./report/pdb_by_site/site_all_115_17_1_1.sdf
17_1,-2.31,-0.33,57,,./report/pdb_by_site/site_all_57_17_1_2.sdf
17_1,-2.31,-0.33,67,,./report/pdb_by_site/site_all_67_17_1_1.sdf
17_1,-2.3000000000000003,-0.3285714285714286,75,,./report/pdb_by_site/site_all_75_17_1_1.sdf
17_1,-2.3,-0.32857142857142857,91,,./report/pdb_by_site/site_all_91_17_1_1.sdf
17_1,-2.27,-0.3242857142857143,109,,./report/pdb_by_site/site_all_109_17_1_1.sdf
17_1,-2.26,-0.32285714285714284,109,,./report/pdb_by_site/site_all_109_17_1_2.sdf
17_1,-2.25,-0.32142857142857145,85,,./report/pdb_by_site/site_all_85_17_1_1.sdf
17_1,-2.2199999999999998,-0.3171428571428571,67,,./report/pdb_by_site/site_all_67_17_1_2.sdf
17_1,-2.19,-0.31285714285714283,80,,./report/pdb_by_site/site_all_80_17_1_2.sdf
17_1,-2.17,-0.31,41,,./report/pdb_by_site/site_all_41_17_1_3.sdf
17_1,-2.13,-0.30428571428571427,17,,./report/pdb_by_site/site_all_17_17_1_2.sdf
17_1,-2.12,-0.3028571428571429,80,,./report/pdb_by_site/site_all_80_17_1_3.sdf
17_1,-2.12,-0.3028571428571429,130,,./report/pdb_by_site/site_all_130_17_1_1.sdf
17_1,-2.1199999999999997,-0.3028571428571428,109,,./report/pdb_by_site/site_all_109_17_1_3.sdf
17_1,-2.1100000000000003,-0.3014285714285715,87,,./report/pdb_by_site/site_all_87_17_1_1.sdf
17_1,-2.083,-0.2975714285714286,102,,./report/pdb_by_site/site_all_102_17_1_1.sdf
17_1,-2.082,-0.29742857142857143,31,,./report/pdb_by_site/site_all_31_17_1_2.sdf
17_1,-2.0799999999999996,-0.2971428571428571,11,,./report/pdb_by_site/site_all_11_17_1_2.sdf
17_1,-2.077,-0.2967142857142857,85,,./report/pdb_by_site/site_all_85_17_1_2.sdf
17_1,-2.06,-0.2942857142857143,94,,./report/pdb_by_site/site_all_94_17_1_1.sdf
17_1,-2.0599999999999996,-0.2942857142857142,50,,./report/pdb_by_site/site_all_50_17_1_1.sdf
17_1,-2.05,-0.2928571428571428,125,,./report/pdb_by_site/site_all_125_17_1_1.sdf
17_1,-2.0300000000000002,-0.29000000000000004,22,,./report/pdb_by_site/site_all_22_17_1_2.sdf
17_2,-5.2299999999999995,-0.7471428571428571,3,,./report/pdb_by_site/site_all_3_17_2_1.sdf
17_2,-5.220000000000001,-0.7457142857142858,5,,./report/pdb_by_site/site_all_5_17_2_1.sdf
17_2,-4.88,-0.6971428571428572,4,,./report/pdb_by_site/site_all_4_17_2_1.sdf
17_2,-4.77,-0.6814285714285714,12,,./report/pdb_by_site/site_all_12_17_2_1.sdf
17_2,-4.63,-0.6614285714285714,21,,./report/pdb_by_site/site_all_21_17_2_1.sdf
17_2,-4.62,-0.66,2,,./report/pdb_by_site/site_all_2_17_2_1.sdf
17_2,-4.554,-0.6505714285714286,15,,./report/pdb_by_site/site_all_15_17_2_1.sdf
17_2,-4.550000000000001,-0.6500000000000001,14,,./report/pdb_by_site/site_all_14_17_2_1.sdf
17_2,-4.539999999999999,-0.6485714285714285,22,,./report/pdb_by_site/site_all_22_17_2_1.sdf
17_2,-4.513999999999999,-0.6448571428571428,4,,./report/pdb_by_site/site_all_4_17_2_2.sdf
17_2,-4.46,-0.6371428571428571,36,,./report/pdb_by_site/site_all_36_17_2_1.sdf
17_2,-4.359999999999999,-0.6228571428571428,2,,./report/pdb_by_site/site_all_2_17_2_2.sdf
17_2,-4.358,-0.6225714285714286,9,,./report/pdb_by_site/site_all_9_17_2_1.sdf
17_2,-4.340000000000001,-0.6200000000000001,2,,./report/pdb_by_site/site_all_2_17_2_3.sdf
17_2,-4.2,-0.6,17,,./report/pdb_by_site/site_all_17_17_2_1.sdf
17_2,-4.16,-0.5942857142857143,5,,./report/pdb_by_site/site_all_5_17_2_2.sdf
17_2,-4.14,-0.5914285714285714,31,,./report/pdb_by_site/site_all_31_17_2_1.sdf
17_2,-3.7699999999999996,-0.5385714285714285,11,,./report/pdb_by_site/site_all_11_17_2_1.sdf
17_2,-3.754,-0.5362857142857143,38,,./report/pdb_by_site/site_all_38_17_2_1.sdf
17_2,-3.6907,-0.5272428571428571,38,,./report/pdb_by_site/site_all_38_17_2_2.sdf
17_2,-3.5700000000000003,-0.51,44,,./report/pdb_by_site/site_all_44_17_2_1.sdf
17_2,-3.57,-0.51,26,,./report/pdb_by_site/site_all_26_17_2_1.sdf
17_2,-3.56,-0.5085714285714286,25,,./report/pdb_by_site/site_all_25_17_2_1.sdf
17_2,-3.5500000000000003,-0.5071428571428572,10,,./report/pdb_by_site/site_all_10_17_2_1.sdf
17_2,-3.4300000000000006,-0.4900000000000001,77,,./report/pdb_by_site/site_all_77_17_2_1.sdf
17_2,-3.2983,-0.47118571428571426,39,,./report/pdb_by_site/site_all_39_17_2_1.sdf
17_2,-3.29,-0.47000000000000003,58,,./report/pdb_by_site/site_all_58_17_2_1.sdf
17_2,-3.29,-0.47000000000000003,18,,./report/pdb_by_site/site_all_18_17_2_1.sdf
17_2,-3.2899999999999996,-0.4699999999999999,3,,./report/pdb_by_site/site_all_3_17_2_2.sdf
17_2,-3.2100000000000004,-0.45857142857142863,30,,./report/pdb_by_site/site_all_30_17_2_1.sdf
17_2,-3.209,-0.45842857142857146,10,,./report/pdb_by_site/site_all_10_17_2_2.sdf
17_2,-3.1900000000000004,-0.4557142857142858,9,,./report/pdb_by_site/site_all_9_17_2_2.sdf
17_2,-3.174,-0.4534285714285714,39,,./report/pdb_by_site/site_all_39_17_2_2.sdf
17_2,-3.1439999999999997,-0.4491428571428571,40,,./report/pdb_by_site/site_all_40_17_2_1.sdf
17_2,-3.12,-0.44571428571428573,30,,./report/pdb_by_site/site_all_30_17_2_2.sdf
17_2,-3.1,-0.4428571428571429,36,,./report/pdb_by_site/site_all_36_17_2_2.sdf
17_2,-3.006,-0.4294285714285714,22,,./report/pdb_by_site/site_all_22_17_2_2.sdf
17_2,-2.99,-0.42714285714285716,5,,./report/pdb_by_site/site_all_5_17_2_3.sdf
17_2,-2.95,-0.42142857142857143,75,,./report/pdb_by_site/site_all_75_17_2_1.sdf
17_2,-2.9480000000000004,-0.4211428571428572,27,,./report/pdb_by_site/site_all_27_17_2_1.sdf
17_2,-2.94,-0.42,57,,./report/pdb_by_site/site_all_57_17_2_1.sdf
17_2,-2.9300000000000006,-0.41857142857142865,58,,./report/pdb_by_site/site_all_58_17_2_2.sdf
17_2,-2.927,-0.41814285714285715,36,,./report/pdb_by_site/site_all_36_17_2_3.sdf
17_2,-2.923,-0.4175714285714286,78,,./report/pdb_by_site/site_all_78_17_2_1.sdf
17_2,-2.8719999999999994,-0.4102857142857142,24,,./report/pdb_by_site/site_all_24_17_2_1.sdf
17_2,-2.8632999999999997,-0.4090428571428571,5,,./report/pdb_by_site/site_all_5_17_2_4.sdf
17_2,-2.85,-0.40714285714285714,27,,./report/pdb_by_site/site_all_27_17_2_2.sdf
17_2,-2.8200000000000003,-0.4028571428571429,76,,./report/pdb_by_site/site_all_76_17_2_1.sdf
17_2,-2.808,-0.40114285714285713,38,,./report/pdb_by_site/site_all_38_17_2_3.sdf
17_2,-2.776,-0.3965714285714285,22,,./report/pdb_by_site/site_all_22_17_2_3.sdf
17_2,-2.75,-0.39285714285714285,9,,./report/pdb_by_site/site_all_9_17_2_3.sdf
17_2,-2.7499999999999996,-0.3928571428571428,109,,./report/pdb_by_site/site_all_109_17_2_1.sdf
17_2,-2.726,-0.3894285714285714,31,,./report/pdb_by_site/site_all_31_17_2_2.sdf
17_2,-2.7100000000000004,-0.3871428571428572,69,,./report/pdb_by_site/site_all_69_17_2_1.sdf
17_2,-2.661,-0.38014285714285717,27,,./report/pdb_by_site/site_all_27_17_2_3.sdf
17_2,-2.6609999999999996,-0.38014285714285706,74,,./report/pdb_by_site/site_all_74_17_2_1.sdf
17_2,-2.6380000000000003,-0.3768571428571429,27,,./report/pdb_by_site/site_all_27_17_2_4.sdf
17_2,-2.6199999999999997,-0.3742857142857142,81,,./report/pdb_by_site/site_all_81_17_2_1.sdf
17_2,-2.6,-0.37142857142857144,30,,./report/pdb_by_site/site_all_30_17_2_3.sdf
17_2,-2.5980000000000003,-0.37114285714285716,13,,./report/pdb_by_site/site_all_13_17_2_1.sdf
17_2,-2.571,-0.3672857142857143,48,,./report/pdb_by_site/site_all_48_17_2_1.sdf
17_2,-2.5649999999999995,-0.3664285714285714,53,,./report/pdb_by_site/site_all_53_17_2_1.sdf
17_2,-2.5599999999999996,-0.36571428571428566,41,,./report/pdb_by_site/site_all_41_17_2_1.sdf
17_2,-2.535,-0.36214285714285716,69,,./report/pdb_by_site/site_all_69_17_2_2.sdf
17_2,-2.4847,-0.35495714285714286,65,,./report/pdb_by_site/site_all_65_17_2_1.sdf
17_2,-2.477,-0.3538571428571428,92,,./report/pdb_by_site/site_all_92_17_2_1.sdf
17_2,-2.4700000000000006,-0.3528571428571429,4,,./report/pdb_by_site/site_all_4_17_2_3.sdf
17_2,-2.4549999999999996,-0.35071428571428565,20,,./report/pdb_by_site/site_all_20_17_2_1.sdf
17_2,-2.4,-0.34285714285714286,56,,./report/pdb_by_site/site_all_56_17_2_1.sdf
17_2,-2.371,-0.3387142857142857,17,,./report/pdb_by_site/site_all_17_17_2_2.sdf
17_2,-2.362,-0.33742857142857147,102,,./report/pdb_by_site/site_all_102_17_2_1.sdf
17_2,-2.34,-0.33428571428571424,24,,./report/pdb_by_site/site_all_24_17_2_2.sdf
17_2,-2.32,-0.3314285714285714,3,,./report/pdb_by_site/site_all_3_17_2_3.sdf
17_2,-2.304,-0.3291428571428571,24,,./report/pdb_by_site/site_all_24_17_2_3.sdf
17_2,-2.3000000000000003,-0.3285714285714286,91,,./report/pdb_by_site/site_all_91_17_2_1.sdf
17_2,-2.24,-0.32,85,,./report/pdb_by_site/site_all_85_17_2_1.sdf
17_2,-2.24,-0.32,100,,./report/pdb_by_site/site_all_100_17_2_1.sdf
17_2,-2.23,-0.31857142857142856,90,,./report/pdb_by_site/site_all_90_17_2_1.sdf
17_2,-2.22,-0.31714285714285717,10,,./report/pdb_by_site/site_all_10_17_2_3.sdf
17_2,-2.1940000000000004,-0.3134285714285715,15,,./report/pdb_by_site/site_all_15_17_2_2.sdf
17_2,-2.18,-0.31142857142857144,10,,./report/pdb_by_site/site_all_10_17_2_4.sdf
17_2,-2.18,-0.31142857142857144,93,,./report/pdb_by_site/site_all_93_17_2_1.sdf
17_2,-2.1780000000000004,-0.3111428571428572,35,,./report/pdb_by_site/site_all_35_17_2_1.sdf
17_2,-2.16,-0.3085714285714286,10,,./report/pdb_by_site/site_all_10_17_2_5.sdf
17_2,-2.16,-0.3085714285714286,53,,./report/pdb_by_site/site_all_53_17_2_2.sdf
17_2,-2.147,-0.30671428571428566,36,,./report/pdb_by_site/site_all_36_17_2_4.sdf
17_2,-2.144,-0.30628571428571433,61,,./report/pdb_by_site/site_all_61_17_2_1.sdf
17_2,-2.1393,-0.3056142857142857,67,,./report/pdb_by_site/site_all_67_17_2_1.sdf
17_2,-2.12,-0.3028571428571429,41,,./report/pdb_by_site/site_all_41_17_2_2.sdf
17_2,-2.114,-0.302,3,,./report/pdb_by_site/site_all_3_17_2_4.sdf
17_2,-2.105,-0.3007142857142857,97,,./report/pdb_by_site/site_all_97_17_2_1.sdf
17_2,-2.1,-0.3,96,,./report/pdb_by_site/site_all_96_17_2_1.sdf
17_2,-2.1,-0.3,53,,./report/pdb_by_site/site_all_53_17_2_3.sdf
17_2,-2.09,-0.29857142857142854,96,,./report/pdb_by_site/site_all_96_17_2_2.sdf
17_2,-2.0700000000000003,-0.29571428571428576,57,,./report/pdb_by_site/site_all_57_17_2_2.sdf
17_2,-2.048,-0.2925714285714286,41,,./report/pdb_by_site/site_all_41_17_2_3.sdf
17_2,-2.033,-0.2904285714285714,31,,./report/pdb_by_site/site_all_31_17_2_3.sdf
17_2,-2.0300000000000002,-0.29000000000000004,17,,./report/pdb_by_site/site_all_17_17_2_3.sdf
18,-5.54,-0.7914285714285715,2,,./report/pdb_by_site/site_all_2_18_1.sdf
18,-5.41,-0.7728571428571429,3,,./report/pdb_by_site/site_all_3_18_1.sdf
18,-5.05,-0.7214285714285714,2,,./report/pdb_by_site/site_all_2_18_2.sdf
18,-5.040000000000001,-0.7200000000000001,2,,./report/pdb_by_site/site_all_2_18_3.sdf
18,-4.835,-0.6907142857142857,9,,./report/pdb_by_site/site_all_9_18_1.sdf
18,-4.645,-0.6635714285714285,10,,./report/pdb_by_site/site_all_10_18_1.sdf
18,-4.25,-0.6071428571428571,41,,./report/pdb_by_site/site_all_41_18_1.sdf
18,-4.04,-0.5771428571428572,17,,./report/pdb_by_site/site_all_17_18_1.sdf
18,-3.987,-0.5695714285714286,10,,./report/pdb_by_site/site_all_10_18_2.sdf
18,-3.9299999999999997,-0.5614285714285714,26,,./report/pdb_by_site/site_all_26_18_1.sdf
18,-3.92,-0.5599999999999999,11,,./report/pdb_by_site/site_all_11_18_1.sdf
18,-3.9,-0.5571428571428572,10,,./report/pdb_by_site/site_all_10_18_3.sdf
18,-3.85,-0.55,27,,./report/pdb_by_site/site_all_27_18_1.sdf
18,-3.84,-0.5485714285714286,25,,./report/pdb_by_site/site_all_25_18_1.sdf
18,-3.81,-0.5442857142857143,5,,./report/pdb_by_site/site_all_5_18_1.sdf
18,-3.6400000000000006,-0.5200000000000001,5,,./report/pdb_by_site/site_all_5_18_2.sdf
18,-3.6,-0.5142857142857143,10,,./report/pdb_by_site/site_all_10_18_4.sdf
18,-3.5199999999999996,-0.5028571428571428,10,,./report/pdb_by_site/site_all_10_18_5.sdf
18,-3.5100000000000002,-0.5014285714285714,18,,./report/pdb_by_site/site_all_18_18_1.sdf
18,-3.4699999999999998,-0.49571428571428566,3,,./report/pdb_by_site/site_all_3_18_2.sdf
18,-3.4599999999999995,-0.4942857142857142,12,,./report/pdb_by_site/site_all_12_18_1.sdf
18,-3.4,-0.4857142857142857,27,,./report/pdb_by_site/site_all_27_18_2.sdf
18,-3.39,-0.4842857142857143,20,,./report/pdb_by_site/site_all_20_18_1.sdf
18,-3.34,-0.47714285714285715,30,,./report/pdb_by_site/site_all_30_18_1.sdf
18,-3.3339999999999996,-0.47628571428571426,10,,./report/pdb_by_site/site_all_10_18_6.sdf
18,-3.33,-0.4757142857142857,22,,./report/pdb_by_site/site_all_22_18_1.sdf
18,-3.33,-0.4757142857142857,57,,./report/pdb_by_site/site_all_57_18_1.sdf
18,-3.25,-0.4642857142857143,3,,./report/pdb_by_site/site_all_3_18_3.sdf
18,-3.2399999999999998,-0.4628571428571428,19,,./report/pdb_by_site/site_all_19_18_1.sdf
18,-3.2,-0.4571428571428572,5,,./report/pdb_by_site/site_all_5_18_3.sdf
18,-3.1700000000000004,-0.4528571428571429,24,,./report/pdb_by_site/site_all_24_18_1.sdf
18,-3.12,-0.44571428571428573,11,,./report/pdb_by_site/site_all_11_18_2.sdf
18,-3.09,-0.4414285714285714,56,,./report/pdb_by_site/site_all_56_18_1.sdf
18,-3.0220000000000002,-0.4317142857142858,20,,./report/pdb_by_site/site_all_20_18_2.sdf
18,-2.98,-0.4257142857142857,58,,./report/pdb_by_site/site_all_58_18_1.sdf
18,-2.924,-0.4177142857142857,3,,./report/pdb_by_site/site_all_3_18_4.sdf
18,-2.8999999999999995,-0.4142857142857142,57,,./report/pdb_by_site/site_all_57_18_2.sdf
18,-2.8600000000000003,-0.40857142857142864,80,,./report/pdb_by_site/site_all_80_18_1.sdf
18,-2.7800000000000002,-0.3971428571428572,58,,./report/pdb_by_site/site_all_58_18_2.sdf
18,-2.71,-0.3871428571428571,19,,./report/pdb_by_site/site_all_19_18_2.sdf
18,-2.65,-0.37857142857142856,21,,./report/pdb_by_site/site_all_21_18_1.sdf
18,-2.64,-0.37714285714285717,30,,./report/pdb_by_site/site_all_30_18_2.sdf
18,-2.59,-0.37,36,,./report/pdb_by_site/site_all_36_18_1.sdf
18,-2.5300000000000002,-0.3614285714285715,88,,./report/pdb_by_site/site_all_88_18_1.sdf
18,-2.53,-0.3614285714285714,15,,./report/pdb_by_site/site_all_15_18_1.sdf
18,-2.52,-0.36,31,,./report/pdb_by_site/site_all_31_18_1.sdf
18,-2.45,-0.35000000000000003,57,,./report/pdb_by_site/site_all_57_18_3.sdf
18,-2.45,-0.35000000000000003,80,,./report/pdb_by_site/site_all_80_18_2.sdf
18,-2.42,-0.3457142857142857,74,,./report/pdb_by_site/site_all_74_18_1.sdf
18,-2.415,-0.34500000000000003,21,,./report/pdb_by_site/site_all_21_18_2.sdf
18,-2.3600000000000003,-0.3371428571428572,41,,./report/pdb_by_site/site_all_41_18_2.sdf
18,-2.3200000000000003,-0.33142857142857146,44,,./report/pdb_by_site/site_all_44_18_1.sdf
18,-2.32,-0.3314285714285714,67,,./report/pdb_by_site/site_all_67_18_1.sdf
18,-2.3000000000000003,-0.3285714285714286,85,,./report/pdb_by_site/site_all_85_18_1.sdf
18,-2.2409999999999997,-0.3201428571428571,93,,./report/pdb_by_site/site_all_93_18_1.sdf
18,-2.2300000000000004,-0.3185714285714286,79,,./report/pdb_by_site/site_all_79_18_1.sdf
18,-2.2299999999999995,-0.3185714285714285,77,,./report/pdb_by_site/site_all_77_18_1.sdf
18,-2.21,-0.3157142857142857,24,,./report/pdb_by_site/site_all_24_18_2.sdf
18,-2.21,-0.3157142857142857,85,,./report/pdb_by_site/site_all_85_18_2.sdf
18,-2.1999999999999997,-0.3142857142857142,11,,./report/pdb_by_site/site_all_11_18_3.sdf
18,-2.19,-0.31285714285714283,27,,./report/pdb_by_site/site_all_27_18_3.sdf
18,-2.19,-0.31285714285714283,67,,./report/pdb_by_site/site_all_67_18_2.sdf
18,-2.19,-0.31285714285714283,111,,./report/pdb_by_site/site_all_111_18_1.sdf
18,-2.15,-0.3071428571428571,41,,./report/pdb_by_site/site_all_41_18_3.sdf
18,-2.11,-0.30142857142857143,109,,./report/pdb_by_site/site_all_109_18_1.sdf
18,-2.08,-0.29714285714285715,81,,./report/pdb_by_site/site_all_81_18_1.sdf
18,-2.08,-0.29714285714285715,80,,./report/pdb_by_site/site_all_80_18_3.sdf
18,-2.0530000000000004,-0.2932857142857143,34,,./report/pdb_by_site/site_all_34_18_1.sdf
18,-2.045,-0.29214285714285715,96,,./report/pdb_by_site/site_all_96_18_1.sdf
18,-2.04,-0.2914285714285714,115,,./report/pdb_by_site/site_all_115_18_1.sdf
18,-2.039,-0.2912857142857143,26,,./report/pdb_by_site/site_all_26_18_2.sdf
18,-2.035,-0.29071428571428576,53,,./report/pdb_by_site/site_all_53_18_1.sdf
18,-2.01,-0.2871428571428571,91,,./report/pdb_by_site/site_all_91_18_1.sdf
19_1,-5.51,-0.9183333333333333,3,,./report/pdb_by_site/site_all_3_19_1_1.sdf
19_1,-4.82,-0.8033333333333333,10,,./report/pdb_by_site/site_all_10_19_1_1.sdf
19_1,-4.78,-0.7966666666666667,11,,./report/pdb_by_site/site_all_11_19_1_1.sdf
19_1,-4.42,-0.7366666666666667,9,,./report/pdb_by_site/site_all_9_19_1_1.sdf
19_1,-4.11,-0.685,5,,./report/pdb_by_site/site_all_5_19_1_1.sdf
19_1,-4.1,-0.6833333333333332,2,,./report/pdb_by_site/site_all_2_19_1_1.sdf
19_1,-3.8999999999999995,-0.6499999999999999,24,,./report/pdb_by_site/site_all_24_19_1_1.sdf
19_1,-3.8199999999999994,-0.6366666666666666,21,,./report/pdb_by_site/site_all_21_19_1_1.sdf
19_1,-3.8100000000000005,-0.6350000000000001,22,,./report/pdb_by_site/site_all_22_19_1_1.sdf
19_1,-3.77,-0.6283333333333333,10,,./report/pdb_by_site/site_all_10_19_1_2.sdf
19_1,-3.737,-0.6228333333333333,10,,./report/pdb_by_site/site_all_10_19_1_3.sdf
19_1,-3.5540000000000003,-0.5923333333333334,10,,./report/pdb_by_site/site_all_10_19_1_4.sdf
19_1,-3.55,-0.5916666666666667,24,,./report/pdb_by_site/site_all_24_19_1_2.sdf
19_1,-3.32,-0.5533333333333333,15,,./report/pdb_by_site/site_all_15_19_1_1.sdf
19_1,-3.31,-0.5516666666666666,38,,./report/pdb_by_site/site_all_38_19_1_1.sdf
19_1,-3.3000000000000003,-0.55,5,,./report/pdb_by_site/site_all_5_19_1_2.sdf
19_1,-3.2700000000000005,-0.545,5,,./report/pdb_by_site/site_all_5_19_1_3.sdf
19_1,-3.27,-0.545,17,,./report/pdb_by_site/site_all_17_19_1_1.sdf
19_1,-3.2270000000000003,-0.5378333333333334,2,,./report/pdb_by_site/site_all_2_19_1_2.sdf
19_1,-3.18,-0.53,25,,./report/pdb_by_site/site_all_25_19_1_1.sdf
19_1,-3.1799999999999997,-0.5299999999999999,20,,./report/pdb_by_site/site_all_20_19_1_1.sdf
19_1,-3.14,-0.5233333333333333,18,,./report/pdb_by_site/site_all_18_19_1_1.sdf
19_1,-3.1,-0.5166666666666667,20,,./report/pdb_by_site/site_all_20_19_1_2.sdf
19_1,-3.07,-0.5116666666666666,3,,./report/pdb_by_site/site_all_3_19_1_2.sdf
19_1,-3.0500000000000003,-0.5083333333333334,2,,./report/pdb_by_site/site_all_2_19_1_3.sdf
19_1,-3.028,-0.5046666666666667,27,,./report/pdb_by_site/site_all_27_19_1_1.sdf
19_1,-3.0100000000000002,-0.5016666666666667,34,,./report/pdb_by_site/site_all_34_19_1_1.sdf
19_1,-2.95,-0.4916666666666667,3,,./report/pdb_by_site/site_all_3_19_1_3.sdf
19_1,-2.94,-0.49,18,,./report/pdb_by_site/site_all_18_19_1_2.sdf
19_1,-2.881,-0.48016666666666663,44,,./report/pdb_by_site/site_all_44_19_1_1.sdf
19_1,-2.87,-0.47833333333333333,30,,./report/pdb_by_site/site_all_30_19_1_1.sdf
19_1,-2.8100000000000005,-0.46833333333333343,12,,./report/pdb_by_site/site_all_12_19_1_1.sdf
19_1,-2.8,-0.4666666666666666,30,,./report/pdb_by_site/site_all_30_19_1_2.sdf
19_1,-2.8,-0.4666666666666666,3,,./report/pdb_by_site/site_all_3_19_1_4.sdf
19_1,-2.8,-0.4666666666666666,30,,./report/pdb_by_site/site_all_30_19_1_3.sdf
19_1,-2.7409999999999997,-0.45683333333333326,17,,./report/pdb_by_site/site_all_17_19_1_2.sdf
19_1,-2.74,-0.4566666666666667,57,,./report/pdb_by_site/site_all_57_19_1_1.sdf
19_1,-2.72,-0.45333333333333337,3,,./report/pdb_by_site/site_all_3_19_1_5.sdf
19_1,-2.7060000000000004,-0.45100000000000007,77,,./report/pdb_by_site/site_all_77_19_1_1.sdf
19_1,-2.6099999999999994,-0.4349999999999999,22,,./report/pdb_by_site/site_all_22_19_1_2.sdf
19_1,-2.55,-0.425,53,,./report/pdb_by_site/site_all_53_19_1_1.sdf
19_1,-2.54,-0.42333333333333334,74,,./report/pdb_by_site/site_all_74_19_1_1.sdf
19_1,-2.53,-0.42166666666666663,26,,./report/pdb_by_site/site_all_26_19_1_1.sdf
19_1,-2.52,-0.42,41,,./report/pdb_by_site/site_all_41_19_1_1.sdf
19_1,-2.512,-0.4186666666666667,36,,./report/pdb_by_site/site_all_36_19_1_1.sdf
19_1,-2.5,-0.4166666666666667,36,,./report/pdb_by_site/site_all_36_19_1_2.sdf
19_1,-2.4819999999999998,-0.4136666666666666,35,,./report/pdb_by_site/site_all_35_19_1_1.sdf
19_1,-2.4699999999999998,-0.4116666666666666,80,,./report/pdb_by_site/site_all_80_19_1_1.sdf
19_1,-2.41,-0.40166666666666667,79,,./report/pdb_by_site/site_all_79_19_1_1.sdf
19_1,-2.3949999999999996,-0.3991666666666666,9,,./report/pdb_by_site/site_all_9_19_1_2.sdf
19_1,-2.3899999999999997,-0.39833333333333326,36,,./report/pdb_by_site/site_all_36_19_1_3.sdf
19_1,-2.38,-0.39666666666666667,56,,./report/pdb_by_site/site_all_56_19_1_1.sdf
19_1,-2.355,-0.3925,24,,./report/pdb_by_site/site_all_24_19_1_3.sdf
19_1,-2.3390000000000004,-0.3898333333333334,61,,./report/pdb_by_site/site_all_61_19_1_1.sdf
19_1,-2.335,-0.38916666666666666,58,,./report/pdb_by_site/site_all_58_19_1_1.sdf
19_1,-2.28,-0.37999999999999995,57,,./report/pdb_by_site/site_all_57_19_1_2.sdf
19_1,-2.21,-0.36833333333333335,81,,./report/pdb_by_site/site_all_81_19_1_1.sdf
19_1,-2.201,-0.36683333333333334,75,,./report/pdb_by_site/site_all_75_19_1_1.sdf
19_1,-2.2,-0.3666666666666667,58,,./report/pdb_by_site/site_all_58_19_1_2.sdf
19_1,-2.191,-0.36516666666666664,25,,./report/pdb_by_site/site_all_25_19_1_2.sdf
19_1,-2.16,-0.36000000000000004,80,,./report/pdb_by_site/site_all_80_19_1_2.sdf
19_1,-2.1500000000000004,-0.3583333333333334,11,,./report/pdb_by_site/site_all_11_19_1_2.sdf
19_1,-2.148,-0.35800000000000004,21,,./report/pdb_by_site/site_all_21_19_1_2.sdf
19_1,-2.14,-0.3566666666666667,41,,./report/pdb_by_site/site_all_41_19_1_2.sdf
19_1,-2.1300000000000003,-0.35500000000000004,85,,./report/pdb_by_site/site_all_85_19_1_1.sdf
19_1,-2.12,-0.35333333333333333,57,,./report/pdb_by_site/site_all_57_19_1_3.sdf
19_1,-2.1,-0.35000000000000003,19,,./report/pdb_by_site/site_all_19_19_1_1.sdf
19_1,-2.0679999999999996,-0.3446666666666666,10,,./report/pdb_by_site/site_all_10_19_1_5.sdf
19_1,-2.064,-0.34400000000000003,65,,./report/pdb_by_site/site_all_65_19_1_1.sdf
19_1,-2.01,-0.33499999999999996,111,,./report/pdb_by_site/site_all_111_19_1_1.sdf
19_1,-2.01,-0.33499999999999996,57,,./report/pdb_by_site/site_all_57_19_1_4.sdf
19_2,-5.609999999999999,-0.9349999999999999,3,,./report/pdb_by_site/site_all_3_19_2_1.sdf
19_2,-4.819999999999999,-0.8033333333333332,5,,./report/pdb_by_site/site_all_5_19_2_1.sdf
19_2,-4.64,-0.7733333333333333,21,,./report/pdb_by_site/site_all_21_19_2_1.sdf
19_2,-4.56,-0.7599999999999999,2,,./report/pdb_by_site/site_all_2_19_2_1.sdf
19_2,-4.539999999999999,-0.7566666666666665,15,,./report/pdb_by_site/site_all_15_19_2_1.sdf
19_2,-4.298,-0.7163333333333334,4,,./report/pdb_by_site/site_all_4_19_2_1.sdf
19_2,-4.220000000000001,-0.7033333333333335,9,,./report/pdb_by_site/site_all_9_19_2_1.sdf
19_2,-4.2,-0.7000000000000001,11,,./report/pdb_by_site/site_all_11_19_2_1.sdf
19_2,-4.19,-0.6983333333333334,2,,./report/pdb_by_site/site_all_2_19_2_2.sdf
19_2,-4.11,-0.685,11,,./report/pdb_by_site/site_all_11_19_2_2.sdf
19_2,-3.9200000000000004,-0.6533333333333334,5,,./report/pdb_by_site/site_all_5_19_2_2.sdf
19_2,-3.9000000000000004,-0.65,22,,./report/pdb_by_site/site_all_22_19_2_1.sdf
19_2,-3.8600000000000003,-0.6433333333333334,10,,./report/pdb_by_site/site_all_10_19_2_1.sdf
19_2,-3.71,-0.6183333333333333,10,,./report/pdb_by_site/site_all_10_19_2_2.sdf
19_2,-3.62,-0.6033333333333334,24,,./report/pdb_by_site/site_all_24_19_2_1.sdf
19_2,-3.614,-0.6023333333333333,27,,./report/pdb_by_site/site_all_27_19_2_1.sdf
19_2,-3.5599999999999996,-0.5933333333333333,5,,./report/pdb_by_site/site_all_5_19_2_3.sdf
19_2,-3.346,-0.5576666666666666,20,,./report/pdb_by_site/site_all_20_19_2_1.sdf
19_2,-3.34,-0.5566666666666666,3,,./report/pdb_by_site/site_all_3_19_2_2.sdf
19_2,-3.27,-0.545,75,,./report/pdb_by_site/site_all_75_19_2_1.sdf
19_2,-3.2160000000000006,-0.5360000000000001,3,,./report/pdb_by_site/site_all_3_19_2_3.sdf
19_2,-3.21,-0.535,12,,./report/pdb_by_site/site_all_12_19_2_1.sdf
19_2,-3.18,-0.53,30,,./report/pdb_by_site/site_all_30_19_2_1.sdf
19_2,-3.0599999999999996,-0.5099999999999999,17,,./report/pdb_by_site/site_all_17_19_2_1.sdf
19_2,-3.02,-0.5033333333333333,25,,./report/pdb_by_site/site_all_25_19_2_1.sdf
19_2,-3.003,-0.5005000000000001,44,,./report/pdb_by_site/site_all_44_19_2_1.sdf
19_2,-2.99,-0.49833333333333335,38,,./report/pdb_by_site/site_all_38_19_2_1.sdf
19_2,-2.98,-0.49666666666666665,36,,./report/pdb_by_site/site_all_36_19_2_1.sdf
19_2,-2.952,-0.492,2,,./report/pdb_by_site/site_all_2_19_2_3.sdf
19_2,-2.951,-0.49183333333333334,10,,./report/pdb_by_site/site_all_10_19_2_3.sdf
19_2,-2.942,-0.49033333333333334,36,,./report/pdb_by_site/site_all_36_19_2_2.sdf
19_2,-2.94,-0.49,35,,./report/pdb_by_site/site_all_35_19_2_1.sdf
19_2,-2.922,-0.48700000000000004,19,,./report/pdb_by_site/site_all_19_19_2_1.sdf
19_2,-2.92,-0.48666666666666664,30,,./report/pdb_by_site/site_all_30_19_2_2.sdf
19_2,-2.887,-0.4811666666666667,9,,./report/pdb_by_site/site_all_9_19_2_2.sdf
19_2,-2.863,-0.4771666666666667,19,,./report/pdb_by_site/site_all_19_19_2_2.sdf
19_2,-2.86,-0.4766666666666666,20,,./report/pdb_by_site/site_all_20_19_2_2.sdf
19_2,-2.84,-0.47333333333333333,94,,./report/pdb_by_site/site_all_94_19_2_1.sdf
19_2,-2.7983,-0.4663833333333333,3,,./report/pdb_by_site/site_all_3_19_2_4.sdf
19_2,-2.7300000000000004,-0.45500000000000007,14,,./report/pdb_by_site/site_all_14_19_2_1.sdf
19_2,-2.6999999999999997,-0.44999999999999996,3,,./report/pdb_by_site/site_all_3_19_2_5.sdf
19_2,-2.678,-0.4463333333333333,26,,./report/pdb_by_site/site_all_26_19_2_1.sdf
19_2,-2.6399999999999997,-0.43999999999999995,22,,./report/pdb_by_site/site_all_22_19_2_2.sdf
19_2,-2.6300000000000003,-0.4383333333333334,41,,./report/pdb_by_site/site_all_41_19_2_1.sdf
19_2,-2.6273,-0.43788333333333335,10,,./report/pdb_by_site/site_all_10_19_2_4.sdf
19_2,-2.58,-0.43,85,,./report/pdb_by_site/site_all_85_19_2_1.sdf
19_2,-2.5589999999999997,-0.42649999999999993,77,,./report/pdb_by_site/site_all_77_19_2_1.sdf
19_2,-2.516,-0.41933333333333334,85,,./report/pdb_by_site/site_all_85_19_2_2.sdf
19_2,-2.51,-0.4183333333333333,80,,./report/pdb_by_site/site_all_80_19_2_1.sdf
19_2,-2.46,-0.41,41,,./report/pdb_by_site/site_all_41_19_2_2.sdf
19_2,-2.455,-0.4091666666666667,58,,./report/pdb_by_site/site_all_58_19_2_1.sdf
19_2,-2.4400000000000004,-0.40666666666666673,41,,./report/pdb_by_site/site_all_41_19_2_3.sdf
19_2,-2.44,-0.4066666666666667,74,,./report/pdb_by_site/site_all_74_19_2_1.sdf
19_2,-2.42,-0.4033333333333333,61,,./report/pdb_by_site/site_all_61_19_2_1.sdf
19_2,-2.4,-0.39999999999999997,25,,./report/pdb_by_site/site_all_25_19_2_2.sdf
19_2,-2.39,-0.3983333333333334,79,,./report/pdb_by_site/site_all_79_19_2_1.sdf
19_2,-2.39,-0.3983333333333334,10,,./report/pdb_by_site/site_all_10_19_2_5.sdf
19_2,-2.346,-0.391,53,,./report/pdb_by_site/site_all_53_19_2_1.sdf
19_2,-2.3230000000000004,-0.3871666666666667,38,,./report/pdb_by_site/site_all_38_19_2_2.sdf
19_2,-2.3083,-0.38471666666666665,12,,./report/pdb_by_site/site_all_12_19_2_2.sdf
19_2,-2.303,-0.3838333333333333,65,,./report/pdb_by_site/site_all_65_19_2_1.sdf
19_2,-2.2800000000000002,-0.38000000000000006,58,,./report/pdb_by_site/site_all_58_19_2_2.sdf
19_2,-2.2800000000000002,-0.38000000000000006,75,,./report/pdb_by_site/site_all_75_19_2_2.sdf
19_2,-2.25,-0.375,80,,./report/pdb_by_site/site_all_80_19_2_2.sdf
19_2,-2.16,-0.36000000000000004,102,,./report/pdb_by_site/site_all_102_19_2_1.sdf
19_2,-2.16,-0.36000000000000004,81,,./report/pdb_by_site/site_all_81_19_2_1.sdf
19_2,-2.15,-0.35833333333333334,77,,./report/pdb_by_site/site_all_77_19_2_2.sdf
19_2,-2.144,-0.35733333333333334,17,,./report/pdb_by_site/site_all_17_19_2_2.sdf
19_2,-2.135,-0.3558333333333333,53,,./report/pdb_by_site/site_all_53_19_2_2.sdf
19_2,-2.11,-0.3516666666666666,11,,./report/pdb_by_site/site_all_11_19_2_3.sdf
19_2,-2.1079999999999997,-0.3513333333333333,78,,./report/pdb_by_site/site_all_78_19_2_1.sdf
19_2,-2.101,-0.3501666666666667,111,,./report/pdb_by_site/site_all_111_19_2_1.sdf
19_2,-2.06,-0.3433333333333333,57,,./report/pdb_by_site/site_all_57_19_2_1.sdf
19_2,-2.05,-0.3416666666666666,57,,./report/pdb_by_site/site_all_57_19_2_2.sdf
19_2,-2.04,-0.34,50,,./report/pdb_by_site/site_all_50_19_2_1.sdf
20_1,-4.1899999999999995,-0.6983333333333333,17,,./report/pdb_by_site/site_all_17_20_1_1.sdf
20_1,-4.14,-0.69,3,,./report/pdb_by_site/site_all_3_20_1_1.sdf
20_1,-3.82,-0.6366666666666666,2,,./report/pdb_by_site/site_all_2_20_1_1.sdf
20_1,-3.63,-0.605,11,,./report/pdb_by_site/site_all_11_20_1_1.sdf
20_1,-3.55,-0.5916666666666667,2,,./report/pdb_by_site/site_all_2_20_1_2.sdf
20_1,-3.5399999999999996,-0.59,9,,./report/pdb_by_site/site_all_9_20_1_1.sdf
20_1,-3.5299999999999994,-0.5883333333333333,18,,./report/pdb_by_site/site_all_18_20_1_1.sdf
20_1,-3.5000000000000004,-0.5833333333333334,41,,./report/pdb_by_site/site_all_41_20_1_1.sdf
20_1,-3.4899999999999998,-0.5816666666666667,12,,./report/pdb_by_site/site_all_12_20_1_1.sdf
20_1,-3.4699999999999998,-0.5783333333333333,10,,./report/pdb_by_site/site_all_10_20_1_1.sdf
20_1,-3.45,-0.5750000000000001,5,,./report/pdb_by_site/site_all_5_20_1_1.sdf
20_1,-3.36,-0.5599999999999999,30,,./report/pdb_by_site/site_all_30_20_1_1.sdf
20_1,-3.3200000000000003,-0.5533333333333333,22,,./report/pdb_by_site/site_all_22_20_1_1.sdf
20_1,-3.2800000000000002,-0.5466666666666667,25,,./report/pdb_by_site/site_all_25_20_1_1.sdf
20_1,-3.14,-0.5233333333333333,5,,./report/pdb_by_site/site_all_5_20_1_2.sdf
20_1,-3.0899999999999994,-0.5149999999999999,3,,./report/pdb_by_site/site_all_3_20_1_2.sdf
20_1,-3.0799999999999996,-0.5133333333333333,21,,./report/pdb_by_site/site_all_21_20_1_1.sdf
20_1,-3.04,-0.5066666666666667,56,,./report/pdb_by_site/site_all_56_20_1_1.sdf
20_1,-3.0000000000000004,-0.5000000000000001,24,,./report/pdb_by_site/site_all_24_20_1_1.sdf
20_1,-2.98,-0.49666666666666665,57,,./report/pdb_by_site/site_all_57_20_1_1.sdf
20_1,-2.91,-0.48500000000000004,4,,./report/pdb_by_site/site_all_4_20_1_1.sdf
20_1,-2.8800000000000003,-0.48000000000000004,5,,./report/pdb_by_site/site_all_5_20_1_3.sdf
20_1,-2.85,-0.47500000000000003,21,,./report/pdb_by_site/site_all_21_20_1_2.sdf
20_1,-2.81,-0.4683333333333333,58,,./report/pdb_by_site/site_all_58_20_1_1.sdf
20_1,-2.8000000000000003,-0.46666666666666673,44,,./report/pdb_by_site/site_all_44_20_1_1.sdf
20_1,-2.76,-0.45999999999999996,3,,./report/pdb_by_site/site_all_3_20_1_3.sdf
20_1,-2.76,-0.45999999999999996,26,,./report/pdb_by_site/site_all_26_20_1_1.sdf
20_1,-2.75,-0.4583333333333333,80,,./report/pdb_by_site/site_all_80_20_1_1.sdf
20_1,-2.73,-0.455,19,,./report/pdb_by_site/site_all_19_20_1_1.sdf
20_1,-2.71,-0.45166666666666666,49,,./report/pdb_by_site/site_all_49_20_1_1.sdf
20_1,-2.69,-0.4483333333333333,36,,./report/pdb_by_site/site_all_36_20_1_1.sdf
20_1,-2.68,-0.4466666666666667,30,,./report/pdb_by_site/site_all_30_20_1_2.sdf
20_1,-2.68,-0.4466666666666667,70,,./report/pdb_by_site/site_all_70_20_1_1.sdf
20_1,-2.62,-0.4366666666666667,77,,./report/pdb_by_site/site_all_77_20_1_1.sdf
20_1,-2.56,-0.4266666666666667,10,,./report/pdb_by_site/site_all_10_20_1_2.sdf
20_1,-2.56,-0.4266666666666667,10,,./report/pdb_by_site/site_all_10_20_1_3.sdf
20_1,-2.5100000000000002,-0.4183333333333334,5,,./report/pdb_by_site/site_all_5_20_1_4.sdf
20_1,-2.4699999999999998,-0.4116666666666666,26,,./report/pdb_by_site/site_all_26_20_1_2.sdf
20_1,-2.45,-0.4083333333333334,67,,./report/pdb_by_site/site_all_67_20_1_1.sdf
20_1,-2.4,-0.39999999999999997,20,,./report/pdb_by_site/site_all_20_20_1_1.sdf
20_1,-2.4,-0.39999999999999997,77,,./report/pdb_by_site/site_all_77_20_1_2.sdf
20_1,-2.3899999999999997,-0.39833333333333326,74,,./report/pdb_by_site/site_all_74_20_1_1.sdf
20_1,-2.35,-0.39166666666666666,91,,./report/pdb_by_site/site_all_91_20_1_1.sdf
20_1,-2.35,-0.39166666666666666,15,,./report/pdb_by_site/site_all_15_20_1_1.sdf
20_1,-2.33,-0.38833333333333336,36,,./report/pdb_by_site/site_all_36_20_1_2.sdf
20_1,-2.33,-0.38833333333333336,27,,./report/pdb_by_site/site_all_27_20_1_1.sdf
20_1,-2.31,-0.385,96,,./report/pdb_by_site/site_all_96_20_1_1.sdf
20_1,-2.27,-0.37833333333333335,78,,./report/pdb_by_site/site_all_78_20_1_1.sdf
20_1,-2.27,-0.37833333333333335,85,,./report/pdb_by_site/site_all_85_20_1_1.sdf
20_1,-2.2569999999999997,-0.3761666666666666,17,,./report/pdb_by_site/site_all_17_20_1_2.sdf
20_1,-2.23,-0.37166666666666665,69,,./report/pdb_by_site/site_all_69_20_1_1.sdf
20_1,-2.19,-0.365,60,,./report/pdb_by_site/site_all_60_20_1_1.sdf
20_1,-2.1500000000000004,-0.3583333333333334,79,,./report/pdb_by_site/site_all_79_20_1_1.sdf
20_1,-2.15,-0.35833333333333334,75,,./report/pdb_by_site/site_all_75_20_1_1.sdf
20_1,-2.15,-0.35833333333333334,41,,./report/pdb_by_site/site_all_41_20_1_2.sdf
20_1,-2.14,-0.3566666666666667,58,,./report/pdb_by_site/site_all_58_20_1_2.sdf
20_1,-2.1300000000000003,-0.35500000000000004,87,,./report/pdb_by_site/site_all_87_20_1_1.sdf
20_1,-2.13,-0.355,30,,./report/pdb_by_site/site_all_30_20_1_3.sdf
20_1,-2.11,-0.3516666666666666,14,,./report/pdb_by_site/site_all_14_20_1_1.sdf
20_1,-2.1,-0.35000000000000003,31,,./report/pdb_by_site/site_all_31_20_1_1.sdf
20_1,-2.06,-0.3433333333333333,81,,./report/pdb_by_site/site_all_81_20_1_1.sdf
20_1,-2.06,-0.3433333333333333,57,,./report/pdb_by_site/site_all_57_20_1_2.sdf
20_1,-2.043,-0.3405,21,,./report/pdb_by_site/site_all_21_20_1_3.sdf
20_1,-2.04,-0.34,22,,./report/pdb_by_site/site_all_22_20_1_2.sdf
20_1,-2.04,-0.34,85,,./report/pdb_by_site/site_all_85_20_1_2.sdf
20_1,-2.02,-0.33666666666666667,50,,./report/pdb_by_site/site_all_50_20_1_1.sdf
20_1,-2.0100000000000002,-0.335,24,,./report/pdb_by_site/site_all_24_20_1_2.sdf
20_1,-2.0100000000000002,-0.335,115,,./report/pdb_by_site/site_all_115_20_1_1.sdf
20_2,-4.58,-0.7633333333333333,5,,./report/pdb_by_site/site_all_5_20_2_1.sdf
20_2,-4.470000000000001,-0.7450000000000001,36,,./report/pdb_by_site/site_all_36_20_2_1.sdf
20_2,-4.220000000000001,-0.7033333333333335,12,,./report/pdb_by_site/site_all_12_20_2_1.sdf
20_2,-4.17,-0.695,2,,./report/pdb_by_site/site_all_2_20_2_1.sdf
20_2,-4.16,-0.6933333333333334,17,,./report/pdb_by_site/site_all_17_20_2_1.sdf
20_2,-3.93,-0.655,31,,./report/pdb_by_site/site_all_31_20_2_1.sdf
20_2,-3.88,-0.6466666666666666,14,,./report/pdb_by_site/site_all_14_20_2_1.sdf
20_2,-3.8489999999999998,-0.6415,4,,./report/pdb_by_site/site_all_4_20_2_1.sdf
20_2,-3.8200000000000003,-0.6366666666666667,22,,./report/pdb_by_site/site_all_22_20_2_1.sdf
20_2,-3.6300000000000003,-0.6050000000000001,5,,./report/pdb_by_site/site_all_5_20_2_2.sdf
20_2,-3.5610000000000004,-0.5935,19,,./report/pdb_by_site/site_all_19_20_2_1.sdf
20_2,-3.5,-0.5833333333333334,10,,./report/pdb_by_site/site_all_10_20_2_1.sdf
20_2,-3.47,-0.5783333333333334,25,,./report/pdb_by_site/site_all_25_20_2_1.sdf
20_2,-3.44,-0.5733333333333334,26,,./report/pdb_by_site/site_all_26_20_2_1.sdf
20_2,-3.4399999999999995,-0.5733333333333333,2,,./report/pdb_by_site/site_all_2_20_2_2.sdf
20_2,-3.433,-0.5721666666666666,39,,./report/pdb_by_site/site_all_39_20_2_1.sdf
20_2,-3.4299999999999997,-0.5716666666666667,36,,./report/pdb_by_site/site_all_36_20_2_2.sdf
20_2,-3.38,-0.5633333333333334,58,,./report/pdb_by_site/site_all_58_20_2_1.sdf
20_2,-3.347,-0.5578333333333333,19,,./report/pdb_by_site/site_all_19_20_2_2.sdf
20_2,-3.3199999999999994,-0.5533333333333332,3,,./report/pdb_by_site/site_all_3_20_2_1.sdf
20_2,-3.1900000000000004,-0.5316666666666667,30,,./report/pdb_by_site/site_all_30_20_2_1.sdf
20_2,-3.18,-0.53,11,,./report/pdb_by_site/site_all_11_20_2_1.sdf
20_2,-3.16,-0.5266666666666667,5,,./report/pdb_by_site/site_all_5_20_2_3.sdf
20_2,-3.12,-0.52,9,,./report/pdb_by_site/site_all_9_20_2_1.sdf
20_2,-3.08,-0.5133333333333333,9,,./report/pdb_by_site/site_all_9_20_2_2.sdf
20_2,-3.0230000000000006,-0.5038333333333335,9,,./report/pdb_by_site/site_all_9_20_2_3.sdf
20_2,-3.0,-0.5,44,,./report/pdb_by_site/site_all_44_20_2_1.sdf
20_2,-2.9099999999999997,-0.48499999999999993,41,,./report/pdb_by_site/site_all_41_20_2_1.sdf
20_2,-2.903,-0.48383333333333334,4,,./report/pdb_by_site/site_all_4_20_2_2.sdf
20_2,-2.89,-0.4816666666666667,69,,./report/pdb_by_site/site_all_69_20_2_1.sdf
20_2,-2.8600000000000003,-0.47666666666666674,75,,./report/pdb_by_site/site_all_75_20_2_1.sdf
20_2,-2.86,-0.4766666666666666,27,,./report/pdb_by_site/site_all_27_20_2_1.sdf
20_2,-2.8450000000000006,-0.4741666666666668,12,,./report/pdb_by_site/site_all_12_20_2_2.sdf
20_2,-2.8419999999999996,-0.4736666666666666,36,,./report/pdb_by_site/site_all_36_20_2_3.sdf
20_2,-2.75,-0.4583333333333333,21,,./report/pdb_by_site/site_all_21_20_2_1.sdf
20_2,-2.733,-0.4555,31,,./report/pdb_by_site/site_all_31_20_2_2.sdf
20_2,-2.72,-0.45333333333333337,40,,./report/pdb_by_site/site_all_40_20_2_1.sdf
20_2,-2.71,-0.45166666666666666,57,,./report/pdb_by_site/site_all_57_20_2_1.sdf
20_2,-2.6900000000000004,-0.4483333333333334,96,,./report/pdb_by_site/site_all_96_20_2_1.sdf
20_2,-2.67,-0.445,15,,./report/pdb_by_site/site_all_15_20_2_1.sdf
20_2,-2.5600000000000005,-0.42666666666666675,21,,./report/pdb_by_site/site_all_21_20_2_2.sdf
20_2,-2.547,-0.42450000000000004,38,,./report/pdb_by_site/site_all_38_20_2_1.sdf
20_2,-2.545,-0.42416666666666664,69,,./report/pdb_by_site/site_all_69_20_2_2.sdf
20_2,-2.5300000000000002,-0.4216666666666667,15,,./report/pdb_by_site/site_all_15_20_2_2.sdf
20_2,-2.471,-0.41183333333333333,65,,./report/pdb_by_site/site_all_65_20_2_1.sdf
20_2,-2.4669999999999996,-0.4111666666666666,81,,./report/pdb_by_site/site_all_81_20_2_1.sdf
20_2,-2.4499999999999997,-0.40833333333333327,70,,./report/pdb_by_site/site_all_70_20_2_1.sdf
20_2,-2.41,-0.40166666666666667,80,,./report/pdb_by_site/site_all_80_20_2_1.sdf
20_2,-2.39,-0.3983333333333334,67,,./report/pdb_by_site/site_all_67_20_2_1.sdf
20_2,-2.3659999999999997,-0.39433333333333326,9,,./report/pdb_by_site/site_all_9_20_2_4.sdf
20_2,-2.3500000000000005,-0.3916666666666668,97,,./report/pdb_by_site/site_all_97_20_2_1.sdf
20_2,-2.34,-0.38999999999999996,30,,./report/pdb_by_site/site_all_30_20_2_2.sdf
20_2,-2.33,-0.38833333333333336,100,,./report/pdb_by_site/site_all_100_20_2_1.sdf
20_2,-2.3190000000000004,-0.38650000000000007,24,,./report/pdb_by_site/site_all_24_20_2_1.sdf
20_2,-2.308,-0.38466666666666666,53,,./report/pdb_by_site/site_all_53_20_2_1.sdf
20_2,-2.29,-0.38166666666666665,36,,./report/pdb_by_site/site_all_36_20_2_4.sdf
20_2,-2.29,-0.38166666666666665,114,,./report/pdb_by_site/site_all_114_20_2_1.sdf
20_2,-2.2579999999999996,-0.37633333333333324,118,,./report/pdb_by_site/site_all_118_20_2_1.sdf
20_2,-2.256,-0.37599999999999995,44,,./report/pdb_by_site/site_all_44_20_2_2.sdf
20_2,-2.24,-0.37333333333333335,53,,./report/pdb_by_site/site_all_53_20_2_2.sdf
20_2,-2.235,-0.3725,64,,./report/pdb_by_site/site_all_64_20_2_1.sdf
20_2,-2.2220000000000004,-0.3703333333333334,39,,./report/pdb_by_site/site_all_39_20_2_2.sdf
20_2,-2.2096999999999998,-0.3682833333333333,75,,./report/pdb_by_site/site_all_75_20_2_2.sdf
20_2,-2.202,-0.367,109,,./report/pdb_by_site/site_all_109_20_2_1.sdf
20_2,-2.1790000000000003,-0.3631666666666667,28,,./report/pdb_by_site/site_all_28_20_2_1.sdf
20_2,-2.139,-0.3565,4,,./report/pdb_by_site/site_all_4_20_2_3.sdf
20_2,-2.137,-0.3561666666666667,22,,./report/pdb_by_site/site_all_22_20_2_2.sdf
20_2,-2.12,-0.35333333333333333,88,,./report/pdb_by_site/site_all_88_20_2_1.sdf
20_2,-2.0820000000000003,-0.34700000000000003,14,,./report/pdb_by_site/site_all_14_20_2_2.sdf
20_2,-2.0700000000000003,-0.34500000000000003,3,,./report/pdb_by_site/site_all_3_20_2_2.sdf
20_2,-2.064,-0.34400000000000003,35,,./report/pdb_by_site/site_all_35_20_2_1.sdf
20_2,-2.057,-0.3428333333333333,12,,./report/pdb_by_site/site_all_12_20_2_3.sdf
20_2,-2.05,-0.3416666666666666,103,,./report/pdb_by_site/site_all_103_20_2_1.sdf
20_2,-2.045,-0.3408333333333333,72,,./report/pdb_by_site/site_all_72_20_2_1.sdf
20_2,-2.0370000000000004,-0.3395000000000001,106,,./report/pdb_by_site/site_all_106_20_2_1.sdf
20_2,-2.0370000000000004,-0.3395000000000001,116,,./report/pdb_by_site/site_all_116_20_2_1.sdf
20_2,-2.035,-0.33916666666666667,35,,./report/pdb_by_site/site_all_35_20_2_2.sdf
20_2,-2.0290000000000004,-0.3381666666666667,65,,./report/pdb_by_site/site_all_65_20_2_2.sdf
20_2,-2.023,-0.33716666666666667,75,,./report/pdb_by_site/site_all_75_20_2_3.sdf
20_2,-2.02,-0.33666666666666667,57,,./report/pdb_by_site/site_all_57_20_2_2.sdf
21_1,-6.290000000000001,-0.8985714285714287,3,,./report/pdb_by_site/site_all_3_21_1_1.sdf
21_1,-5.52,-0.7885714285714285,9,,./report/pdb_by_site/site_all_9_21_1_1.sdf
21_1,-5.109999999999999,-0.7299999999999999,10,,./report/pdb_by_site/site_all_10_21_1_1.sdf
21_1,-4.94,-0.7057142857142857,10,,./report/pdb_by_site/site_all_10_21_1_2.sdf
21_1,-4.62,-0.66,10,,./report/pdb_by_site/site_all_10_21_1_3.sdf
21_1,-4.58,-0.6542857142857142,22,,./report/pdb_by_site/site_all_22_21_1_1.sdf
21_1,-4.542,-0.6488571428571428,15,,./report/pdb_by_site/site_all_15_21_1_1.sdf
21_1,-4.52,-0.6457142857142857,2,,./report/pdb_by_site/site_all_2_21_1_1.sdf
21_1,-4.44,-0.6342857142857143,20,,./report/pdb_by_site/site_all_20_21_1_1.sdf
21_1,-4.42,-0.6314285714285715,24,,./report/pdb_by_site/site_all_24_21_1_1.sdf
21_1,-4.3500000000000005,-0.6214285714285716,2,,./report/pdb_by_site/site_all_2_21_1_2.sdf
21_1,-4.2700000000000005,-0.6100000000000001,5,,./report/pdb_by_site/site_all_5_21_1_1.sdf
21_1,-4.24,-0.6057142857142858,11,,./report/pdb_by_site/site_all_11_21_1_1.sdf
21_1,-4.17,-0.5957142857142858,17,,./report/pdb_by_site/site_all_17_21_1_1.sdf
21_1,-4.15,-0.5928571428571429,19,,./report/pdb_by_site/site_all_19_21_1_1.sdf
21_1,-4.09,-0.5842857142857143,5,,./report/pdb_by_site/site_all_5_21_1_2.sdf
21_1,-4.050000000000001,-0.5785714285714286,14,,./report/pdb_by_site/site_all_14_21_1_1.sdf
21_1,-3.95,-0.5642857142857143,26,,./report/pdb_by_site/site_all_26_21_1_1.sdf
21_1,-3.87,-0.5528571428571428,27,,./report/pdb_by_site/site_all_27_21_1_1.sdf
21_1,-3.81,-0.5442857142857143,20,,./report/pdb_by_site/site_all_20_21_1_2.sdf
21_1,-3.8,-0.5428571428571428,5,,./report/pdb_by_site/site_all_5_21_1_3.sdf
21_1,-3.79,-0.5414285714285715,10,,./report/pdb_by_site/site_all_10_21_1_4.sdf
21_1,-3.73,-0.5328571428571428,25,,./report/pdb_by_site/site_all_25_21_1_1.sdf
21_1,-3.7199999999999998,-0.5314285714285714,2,,./report/pdb_by_site/site_all_2_21_1_3.sdf
21_1,-3.64,-0.52,3,,./report/pdb_by_site/site_all_3_21_1_2.sdf
21_1,-3.6300000000000003,-0.5185714285714286,12,,./report/pdb_by_site/site_all_12_21_1_1.sdf
21_1,-3.6197,-0.5171,34,,./report/pdb_by_site/site_all_34_21_1_1.sdf
21_1,-3.5500000000000003,-0.5071428571428572,27,,./report/pdb_by_site/site_all_27_21_1_2.sdf
21_1,-3.55,-0.5071428571428571,30,,./report/pdb_by_site/site_all_30_21_1_1.sdf
21_1,-3.532,-0.5045714285714286,21,,./report/pdb_by_site/site_all_21_21_1_1.sdf
21_1,-3.5239999999999996,-0.5034285714285713,61,,./report/pdb_by_site/site_all_61_21_1_1.sdf
21_1,-3.5100000000000007,-0.5014285714285716,41,,./report/pdb_by_site/site_all_41_21_1_1.sdf
21_1,-3.372,-0.4817142857142857,63,,./report/pdb_by_site/site_all_63_21_1_1.sdf
21_1,-3.35,-0.4785714285714286,12,,./report/pdb_by_site/site_all_12_21_1_2.sdf
21_1,-3.34,-0.47714285714285715,44,,./report/pdb_by_site/site_all_44_21_1_1.sdf
21_1,-3.3099999999999996,-0.4728571428571428,18,,./report/pdb_by_site/site_all_18_21_1_1.sdf
21_1,-3.3,-0.4714285714285714,56,,./report/pdb_by_site/site_all_56_21_1_1.sdf
21_1,-3.0700000000000003,-0.4385714285714286,58,,./report/pdb_by_site/site_all_58_21_1_1.sdf
21_1,-2.993,-0.42757142857142855,75,,./report/pdb_by_site/site_all_75_21_1_1.sdf
21_1,-2.9079999999999995,-0.41542857142857137,38,,./report/pdb_by_site/site_all_38_21_1_1.sdf
21_1,-2.86,-0.40857142857142853,24,,./report/pdb_by_site/site_all_24_21_1_2.sdf
21_1,-2.8500000000000005,-0.4071428571428572,74,,./report/pdb_by_site/site_all_74_21_1_1.sdf
21_1,-2.84,-0.4057142857142857,36,,./report/pdb_by_site/site_all_36_21_1_1.sdf
21_1,-2.836,-0.40514285714285714,25,,./report/pdb_by_site/site_all_25_21_1_2.sdf
21_1,-2.8,-0.39999999999999997,80,,./report/pdb_by_site/site_all_80_21_1_1.sdf
21_1,-2.779,-0.39699999999999996,53,,./report/pdb_by_site/site_all_53_21_1_1.sdf
21_1,-2.77,-0.39571428571428574,79,,./report/pdb_by_site/site_all_79_21_1_1.sdf
21_1,-2.75,-0.39285714285714285,30,,./report/pdb_by_site/site_all_30_21_1_2.sdf
21_1,-2.73,-0.39,93,,./report/pdb_by_site/site_all_93_21_1_1.sdf
21_1,-2.6529999999999996,-0.37899999999999995,114,,./report/pdb_by_site/site_all_114_21_1_1.sdf
21_1,-2.5399999999999996,-0.3628571428571428,41,,./report/pdb_by_site/site_all_41_21_1_2.sdf
21_1,-2.518,-0.3597142857142857,27,,./report/pdb_by_site/site_all_27_21_1_3.sdf
21_1,-2.46,-0.3514285714285714,85,,./report/pdb_by_site/site_all_85_21_1_1.sdf
21_1,-2.46,-0.3514285714285714,58,,./report/pdb_by_site/site_all_58_21_1_2.sdf
21_1,-2.454,-0.3505714285714286,75,,./report/pdb_by_site/site_all_75_21_1_2.sdf
21_1,-2.44,-0.3485714285714286,77,,./report/pdb_by_site/site_all_77_21_1_1.sdf
21_1,-2.4339999999999997,-0.3477142857142857,56,,./report/pdb_by_site/site_all_56_21_1_2.sdf
21_1,-2.42,-0.3457142857142857,14,,./report/pdb_by_site/site_all_14_21_1_2.sdf
21_1,-2.37,-0.3385714285714286,91,,./report/pdb_by_site/site_all_91_21_1_1.sdf
21_1,-2.36,-0.33714285714285713,108,,./report/pdb_by_site/site_all_108_21_1_1.sdf
21_1,-2.33,-0.33285714285714285,121,,./report/pdb_by_site/site_all_121_21_1_1.sdf
21_1,-2.3200000000000003,-0.33142857142857146,87,,./report/pdb_by_site/site_all_87_21_1_1.sdf
21_1,-2.3,-0.32857142857142857,81,,./report/pdb_by_site/site_all_81_21_1_1.sdf
21_1,-2.272,-0.32457142857142857,88,,./report/pdb_by_site/site_all_88_21_1_1.sdf
21_1,-2.253,-0.3218571428571429,102,,./report/pdb_by_site/site_all_102_21_1_1.sdf
21_1,-2.2399999999999998,-0.31999999999999995,67,,./report/pdb_by_site/site_all_67_21_1_1.sdf
21_1,-2.2199999999999998,-0.3171428571428571,111,,./report/pdb_by_site/site_all_111_21_1_1.sdf
21_1,-2.2,-0.31428571428571433,11,,./report/pdb_by_site/site_all_11_21_1_2.sdf
21_1,-2.15,-0.3071428571428571,67,,./report/pdb_by_site/site_all_67_21_1_2.sdf
21_1,-2.1439999999999997,-0.3062857142857142,53,,./report/pdb_by_site/site_all_53_21_1_2.sdf
21_1,-2.14,-0.3057142857142857,109,,./report/pdb_by_site/site_all_109_21_1_1.sdf
21_1,-2.13,-0.30428571428571427,57,,./report/pdb_by_site/site_all_57_21_1_1.sdf
21_1,-2.126,-0.3037142857142857,31,,./report/pdb_by_site/site_all_31_21_1_1.sdf
21_1,-2.115,-0.30214285714285716,109,,./report/pdb_by_site/site_all_109_21_1_2.sdf
21_1,-2.0700000000000003,-0.29571428571428576,70,,./report/pdb_by_site/site_all_70_21_1_1.sdf
21_1,-2.004,-0.2862857142857143,108,,./report/pdb_by_site/site_all_108_21_1_2.sdf
21_2,-3.8200000000000003,-0.5457142857142857,36,,./report/pdb_by_site/site_all_36_21_2_1.sdf
21_2,-3.59,-0.5128571428571428,5,,./report/pdb_by_site/site_all_5_21_2_1.sdf
21_2,-3.501,-0.5001428571428571,4,,./report/pdb_by_site/site_all_4_21_2_1.sdf
21_2,-3.453,-0.49328571428571427,39,,./report/pdb_by_site/site_all_39_21_2_1.sdf
21_2,-3.43,-0.49000000000000005,14,,./report/pdb_by_site/site_all_14_21_2_1.sdf
21_2,-3.2,-0.4571428571428572,5,,./report/pdb_by_site/site_all_5_21_2_2.sdf
21_2,-3.14,-0.44857142857142857,5,,./report/pdb_by_site/site_all_5_21_2_3.sdf
21_2,-3.09,-0.4414285714285714,12,,./report/pdb_by_site/site_all_12_21_2_1.sdf
21_2,-3.0300000000000002,-0.4328571428571429,31,,./report/pdb_by_site/site_all_31_21_2_1.sdf
21_2,-2.94,-0.42,17,,./report/pdb_by_site/site_all_17_21_2_1.sdf
21_2,-2.94,-0.42,2,,./report/pdb_by_site/site_all_2_21_2_1.sdf
21_2,-2.8899999999999997,-0.4128571428571428,34,,./report/pdb_by_site/site_all_34_21_2_1.sdf
21_2,-2.88,-0.4114285714285714,22,,./report/pdb_by_site/site_all_22_21_2_1.sdf
21_2,-2.85,-0.40714285714285714,13,,./report/pdb_by_site/site_all_13_21_2_1.sdf
21_2,-2.55,-0.36428571428571427,12,,./report/pdb_by_site/site_all_12_21_2_2.sdf
21_2,-2.536,-0.36228571428571427,18,,./report/pdb_by_site/site_all_18_21_2_1.sdf
21_2,-2.5300000000000002,-0.3614285714285715,10,,./report/pdb_by_site/site_all_10_21_2_1.sdf
21_2,-2.5227000000000004,-0.36038571428571436,81,,./report/pdb_by_site/site_all_81_21_2_1.sdf
21_2,-2.47,-0.35285714285714287,9,,./report/pdb_by_site/site_all_9_21_2_1.sdf
21_2,-2.4699999999999998,-0.3528571428571428,26,,./report/pdb_by_site/site_all_26_21_2_1.sdf
21_2,-2.43,-0.34714285714285714,22,,./report/pdb_by_site/site_all_22_21_2_2.sdf
21_2,-2.43,-0.34714285714285714,9,,./report/pdb_by_site/site_all_9_21_2_2.sdf
21_2,-2.4299999999999997,-0.3471428571428571,25,,./report/pdb_by_site/site_all_25_21_2_1.sdf
21_2,-2.42,-0.3457142857142857,40,,./report/pdb_by_site/site_all_40_21_2_1.sdf
21_2,-2.39,-0.34142857142857147,4,,./report/pdb_by_site/site_all_4_21_2_2.sdf
21_2,-2.3899999999999997,-0.34142857142857136,75,,./report/pdb_by_site/site_all_75_21_2_1.sdf
21_2,-2.3600000000000003,-0.3371428571428572,11,,./report/pdb_by_site/site_all_11_21_2_1.sdf
21_2,-2.36,-0.33714285714285713,21,,./report/pdb_by_site/site_all_21_21_2_1.sdf
21_2,-2.3520000000000003,-0.336,31,,./report/pdb_by_site/site_all_31_21_2_2.sdf
21_2,-2.33,-0.33285714285714285,15,,./report/pdb_by_site/site_all_15_21_2_1.sdf
21_2,-2.31,-0.33,69,,./report/pdb_by_site/site_all_69_21_2_1.sdf
21_2,-2.3099999999999996,-0.32999999999999996,36,,./report/pdb_by_site/site_all_36_21_2_2.sdf
21_2,-2.23,-0.31857142857142856,44,,./report/pdb_by_site/site_all_44_21_2_1.sdf
21_2,-2.2,-0.31428571428571433,3,,./report/pdb_by_site/site_all_3_21_2_1.sdf
21_2,-2.19,-0.31285714285714283,18,,./report/pdb_by_site/site_all_18_21_2_2.sdf
21_2,-2.1799999999999997,-0.3114285714285714,15,,./report/pdb_by_site/site_all_15_21_2_2.sdf
21_2,-2.17,-0.31,27,,./report/pdb_by_site/site_all_27_21_2_1.sdf
21_2,-2.12,-0.3028571428571429,58,,./report/pdb_by_site/site_all_58_21_2_1.sdf
21_2,-2.11533,-0.30219,53,,./report/pdb_by_site/site_all_53_21_2_1.sdf
21_2,-2.08,-0.29714285714285715,21,,./report/pdb_by_site/site_all_21_21_2_2.sdf
21_2,-2.06,-0.2942857142857143,81,,./report/pdb_by_site/site_all_81_21_2_2.sdf
21_2,-2.0509999999999997,-0.293,65,,./report/pdb_by_site/site_all_65_21_2_1.sdf
21_2,-2.028,-0.2897142857142857,118,,./report/pdb_by_site/site_all_118_21_2_1.sdf
22,-5.07,-0.8450000000000001,3,,./report/pdb_by_site/site_all_3_22_1.sdf
22,-5.069999999999999,-0.8449999999999999,2,,./report/pdb_by_site/site_all_2_22_1.sdf
22,-4.750000000000001,-0.7916666666666669,9,,./report/pdb_by_site/site_all_9_22_1.sdf
22,-4.109999999999999,-0.6849999999999999,2,,./report/pdb_by_site/site_all_2_22_2.sdf
22,-4.1,-0.6833333333333332,10,,./report/pdb_by_site/site_all_10_22_1.sdf
22,-3.9599999999999995,-0.6599999999999999,10,,./report/pdb_by_site/site_all_10_22_2.sdf
22,-3.91,-0.6516666666666667,11,,./report/pdb_by_site/site_all_11_22_1.sdf
22,-3.84,-0.64,17,,./report/pdb_by_site/site_all_17_22_1.sdf
22,-3.65,-0.6083333333333333,19,,./report/pdb_by_site/site_all_19_22_1.sdf
22,-3.6399999999999997,-0.6066666666666666,41,,./report/pdb_by_site/site_all_41_22_1.sdf
22,-3.5700000000000003,-0.5950000000000001,24,,./report/pdb_by_site/site_all_24_22_1.sdf
22,-3.5500000000000003,-0.5916666666666667,18,,./report/pdb_by_site/site_all_18_22_1.sdf
22,-3.4050000000000002,-0.5675,10,,./report/pdb_by_site/site_all_10_22_3.sdf
22,-3.31,-0.5516666666666666,5,,./report/pdb_by_site/site_all_5_22_1.sdf
22,-3.2899999999999996,-0.5483333333333332,50,,./report/pdb_by_site/site_all_50_22_1.sdf
22,-3.2399999999999998,-0.5399999999999999,10,,./report/pdb_by_site/site_all_10_22_4.sdf
22,-3.2,-0.5333333333333333,25,,./report/pdb_by_site/site_all_25_22_1.sdf
22,-3.15,-0.525,26,,./report/pdb_by_site/site_all_26_22_1.sdf
22,-3.13,-0.5216666666666666,5,,./report/pdb_by_site/site_all_5_22_2.sdf
22,-3.1199999999999997,-0.5199999999999999,19,,./report/pdb_by_site/site_all_19_22_2.sdf
22,-3.07,-0.5116666666666666,12,,./report/pdb_by_site/site_all_12_22_1.sdf
22,-3.0599999999999996,-0.5099999999999999,20,,./report/pdb_by_site/site_all_20_22_1.sdf
22,-3.0500000000000003,-0.5083333333333334,5,,./report/pdb_by_site/site_all_5_22_3.sdf
22,-3.04,-0.5066666666666667,30,,./report/pdb_by_site/site_all_30_22_1.sdf
22,-3.02,-0.5033333333333333,57,,./report/pdb_by_site/site_all_57_22_1.sdf
22,-2.9899999999999998,-0.4983333333333333,2,,./report/pdb_by_site/site_all_2_22_3.sdf
22,-2.9250000000000003,-0.48750000000000004,3,,./report/pdb_by_site/site_all_3_22_2.sdf
22,-2.88,-0.48,3,,./report/pdb_by_site/site_all_3_22_3.sdf
22,-2.8600000000000003,-0.47666666666666674,22,,./report/pdb_by_site/site_all_22_22_1.sdf
22,-2.83,-0.4716666666666667,10,,./report/pdb_by_site/site_all_10_22_5.sdf
22,-2.7890000000000006,-0.46483333333333343,53,,./report/pdb_by_site/site_all_53_22_1.sdf
22,-2.6990000000000007,-0.4498333333333335,15,,./report/pdb_by_site/site_all_15_22_1.sdf
22,-2.61,-0.435,56,,./report/pdb_by_site/site_all_56_22_1.sdf
22,-2.6000000000000005,-0.4333333333333334,10,,./report/pdb_by_site/site_all_10_22_6.sdf
22,-2.5800000000000005,-0.4300000000000001,21,,./report/pdb_by_site/site_all_21_22_1.sdf
22,-2.4400000000000004,-0.40666666666666673,56,,./report/pdb_by_site/site_all_56_22_2.sdf
22,-2.42,-0.4033333333333333,58,,./report/pdb_by_site/site_all_58_22_1.sdf
22,-2.41,-0.40166666666666667,99,,./report/pdb_by_site/site_all_99_22_1.sdf
22,-2.41,-0.40166666666666667,80,,./report/pdb_by_site/site_all_80_22_1.sdf
22,-2.392,-0.39866666666666667,4,,./report/pdb_by_site/site_all_4_22_1.sdf
22,-2.39,-0.3983333333333334,58,,./report/pdb_by_site/site_all_58_22_2.sdf
22,-2.3899999999999997,-0.39833333333333326,10,,./report/pdb_by_site/site_all_10_22_7.sdf
22,-2.38,-0.39666666666666667,3,,./report/pdb_by_site/site_all_3_22_4.sdf
22,-2.359,-0.39316666666666666,27,,./report/pdb_by_site/site_all_27_22_1.sdf
22,-2.35,-0.39166666666666666,41,,./report/pdb_by_site/site_all_41_22_2.sdf
22,-2.34,-0.38999999999999996,26,,./report/pdb_by_site/site_all_26_22_2.sdf
22,-2.25,-0.375,30,,./report/pdb_by_site/site_all_30_22_2.sdf
22,-2.2,-0.3666666666666667,70,,./report/pdb_by_site/site_all_70_22_1.sdf
22,-2.18,-0.36333333333333334,74,,./report/pdb_by_site/site_all_74_22_1.sdf
22,-2.17,-0.36166666666666664,111,,./report/pdb_by_site/site_all_111_22_1.sdf
22,-2.16,-0.36000000000000004,44,,./report/pdb_by_site/site_all_44_22_1.sdf
22,-2.13,-0.355,36,,./report/pdb_by_site/site_all_36_22_1.sdf
22,-2.09,-0.34833333333333333,41,,./report/pdb_by_site/site_all_41_22_3.sdf
22,-2.06,-0.3433333333333333,79,,./report/pdb_by_site/site_all_79_22_1.sdf
22,-2.06,-0.3433333333333333,77,,./report/pdb_by_site/site_all_77_22_1.sdf
22,-2.05,-0.3416666666666666,98,,./report/pdb_by_site/site_all_98_22_1.sdf
22,-2.0457,-0.34095000000000003,20,,./report/pdb_by_site/site_all_20_22_2.sdf
22,-2.0300000000000002,-0.3383333333333334,24,,./report/pdb_by_site/site_all_24_22_2.sdf
22,-2.03,-0.3383333333333333,91,,./report/pdb_by_site/site_all_91_22_1.sdf
22,-2.03,-0.3383333333333333,85,,./report/pdb_by_site/site_all_85_22_1.sdf
22,-2.01,-0.33499999999999996,30,,./report/pdb_by_site/site_all_30_22_3.sdf
23_1,-5.99,-0.8557142857142858,3,,./report/pdb_by_site/site_all_3_23_1_1.sdf
23_1,-5.48,-0.7828571428571429,10,,./report/pdb_by_site/site_all_10_23_1_1.sdf
23_1,-5.144,-0.7348571428571429,9,,./report/pdb_by_site/site_all_9_23_1_1.sdf
23_1,-4.9799999999999995,-0.7114285714285714,2,,./report/pdb_by_site/site_all_2_23_1_1.sdf
23_1,-4.73,-0.6757142857142858,11,,./report/pdb_by_site/site_all_11_23_1_1.sdf
23_1,-4.49,-0.6414285714285715,2,,./report/pdb_by_site/site_all_2_23_1_2.sdf
23_1,-4.1899999999999995,-0.5985714285714285,10,,./report/pdb_by_site/site_all_10_23_1_2.sdf
23_1,-3.9699999999999998,-0.5671428571428571,17,,./report/pdb_by_site/site_all_17_23_1_1.sdf
23_1,-3.9399999999999995,-0.5628571428571428,5,,./report/pdb_by_site/site_all_5_23_1_1.sdf
23_1,-3.9099999999999997,-0.5585714285714285,18,,./report/pdb_by_site/site_all_18_23_1_1.sdf
23_1,-3.8779999999999997,-0.5539999999999999,27,,./report/pdb_by_site/site_all_27_23_1_1.sdf
23_1,-3.7800000000000002,-0.54,41,,./report/pdb_by_site/site_all_41_23_1_1.sdf
23_1,-3.6630000000000003,-0.5232857142857144,3,,./report/pdb_by_site/site_all_3_23_1_2.sdf
23_1,-3.6549999999999994,-0.522142857142857,15,,./report/pdb_by_site/site_all_15_23_1_1.sdf
23_1,-3.5869999999999997,-0.5124285714285713,5,,./report/pdb_by_site/site_all_5_23_1_2.sdf
23_1,-3.5759999999999996,-0.5108571428571428,21,,./report/pdb_by_site/site_all_21_23_1_1.sdf
23_1,-3.5610000000000004,-0.5087142857142858,12,,./report/pdb_by_site/site_all_12_23_1_1.sdf
23_1,-3.4879999999999995,-0.4982857142857142,20,,./report/pdb_by_site/site_all_20_23_1_1.sdf
23_1,-3.4799999999999995,-0.49714285714285705,3,,./report/pdb_by_site/site_all_3_23_1_3.sdf
23_1,-3.4699999999999998,-0.49571428571428566,5,,./report/pdb_by_site/site_all_5_23_1_3.sdf
23_1,-3.43,-0.49000000000000005,26,,./report/pdb_by_site/site_all_26_23_1_1.sdf
23_1,-3.41,-0.48714285714285716,10,,./report/pdb_by_site/site_all_10_23_1_3.sdf
23_1,-3.41,-0.48714285714285716,25,,./report/pdb_by_site/site_all_25_23_1_1.sdf
23_1,-3.37,-0.48142857142857143,19,,./report/pdb_by_site/site_all_19_23_1_1.sdf
23_1,-3.338,-0.47685714285714287,20,,./report/pdb_by_site/site_all_20_23_1_2.sdf
23_1,-3.276,-0.46799999999999997,24,,./report/pdb_by_site/site_all_24_23_1_1.sdf
23_1,-3.276,-0.46799999999999997,22,,./report/pdb_by_site/site_all_22_23_1_1.sdf
23_1,-3.2430000000000003,-0.46328571428571436,2,,./report/pdb_by_site/site_all_2_23_1_3.sdf
23_1,-3.2419999999999995,-0.4631428571428571,63,,./report/pdb_by_site/site_all_63_23_1_1.sdf
23_1,-3.24,-0.4628571428571429,30,,./report/pdb_by_site/site_all_30_23_1_1.sdf
23_1,-3.1999999999999997,-0.45714285714285713,57,,./report/pdb_by_site/site_all_57_23_1_1.sdf
23_1,-3.1391000000000004,-0.4484428571428572,3,,./report/pdb_by_site/site_all_3_23_1_4.sdf
23_1,-3.1,-0.4428571428571429,24,,./report/pdb_by_site/site_all_24_23_1_2.sdf
23_1,-3.088,-0.44114285714285717,51,,./report/pdb_by_site/site_all_51_23_1_1.sdf
23_1,-2.93,-0.4185714285714286,53,,./report/pdb_by_site/site_all_53_23_1_1.sdf
23_1,-2.8499999999999996,-0.4071428571428571,56,,./report/pdb_by_site/site_all_56_23_1_1.sdf
23_1,-2.74,-0.39142857142857146,30,,./report/pdb_by_site/site_all_30_23_1_2.sdf
23_1,-2.6799999999999997,-0.38285714285714284,58,,./report/pdb_by_site/site_all_58_23_1_1.sdf
23_1,-2.6399999999999997,-0.3771428571428571,70,,./report/pdb_by_site/site_all_70_23_1_1.sdf
23_1,-2.635,-0.3764285714285714,85,,./report/pdb_by_site/site_all_85_23_1_1.sdf
23_1,-2.5684999999999993,-0.3669285714285713,9,,./report/pdb_by_site/site_all_9_23_1_2.sdf
23_1,-2.5660000000000003,-0.3665714285714286,10,,./report/pdb_by_site/site_all_10_23_1_4.sdf
23_1,-2.5580000000000003,-0.3654285714285715,36,,./report/pdb_by_site/site_all_36_23_1_1.sdf
23_1,-2.5409999999999995,-0.36299999999999993,44,,./report/pdb_by_site/site_all_44_23_1_1.sdf
23_1,-2.429,-0.347,4,,./report/pdb_by_site/site_all_4_23_1_1.sdf
23_1,-2.42,-0.3457142857142857,80,,./report/pdb_by_site/site_all_80_23_1_1.sdf
23_1,-2.3930000000000002,-0.3418571428571429,41,,./report/pdb_by_site/site_all_41_23_1_2.sdf
23_1,-2.39,-0.34142857142857147,41,,./report/pdb_by_site/site_all_41_23_1_3.sdf
23_1,-2.346,-0.33514285714285713,38,,./report/pdb_by_site/site_all_38_23_1_1.sdf
23_1,-2.342,-0.3345714285714286,57,,./report/pdb_by_site/site_all_57_23_1_2.sdf
23_1,-2.3221000000000007,-0.33172857142857154,74,,./report/pdb_by_site/site_all_74_23_1_1.sdf
23_1,-2.3200000000000003,-0.33142857142857146,77,,./report/pdb_by_site/site_all_77_23_1_1.sdf
23_1,-2.317,-0.331,58,,./report/pdb_by_site/site_all_58_23_1_2.sdf
23_1,-2.3,-0.32857142857142857,41,,./report/pdb_by_site/site_all_41_23_1_4.sdf
23_1,-2.291,-0.3272857142857143,24,,./report/pdb_by_site/site_all_24_23_1_3.sdf
23_1,-2.258,-0.32257142857142856,81,,./report/pdb_by_site/site_all_81_23_1_1.sdf
23_1,-2.229,-0.31842857142857145,36,,./report/pdb_by_site/site_all_36_23_1_2.sdf
23_1,-2.1999999999999997,-0.3142857142857142,77,,./report/pdb_by_site/site_all_77_23_1_2.sdf
23_1,-2.189,-0.3127142857142857,113,,./report/pdb_by_site/site_all_113_23_1_1.sdf
23_1,-2.1769999999999996,-0.31099999999999994,31,,./report/pdb_by_site/site_all_31_23_1_1.sdf
23_1,-2.1729999999999996,-0.3104285714285714,80,,./report/pdb_by_site/site_all_80_23_1_2.sdf
23_1,-2.159,-0.3084285714285714,80,,./report/pdb_by_site/site_all_80_23_1_3.sdf
23_1,-2.157,-0.30814285714285716,111,,./report/pdb_by_site/site_all_111_23_1_1.sdf
23_1,-2.15,-0.3071428571428571,79,,./report/pdb_by_site/site_all_79_23_1_1.sdf
23_1,-2.1420000000000003,-0.30600000000000005,108,,./report/pdb_by_site/site_all_108_23_1_1.sdf
23_1,-2.124,-0.30342857142857144,27,,./report/pdb_by_site/site_all_27_23_1_2.sdf
23_1,-2.108,-0.30114285714285716,76,,./report/pdb_by_site/site_all_76_23_1_1.sdf
23_1,-2.0972999999999997,-0.29961428571428567,98,,./report/pdb_by_site/site_all_98_23_1_1.sdf
23_1,-2.091,-0.29871428571428577,78,,./report/pdb_by_site/site_all_78_23_1_1.sdf
23_1,-2.068,-0.29542857142857143,115,,./report/pdb_by_site/site_all_115_23_1_1.sdf
23_1,-2.04,-0.2914285714285714,67,,./report/pdb_by_site/site_all_67_23_1_1.sdf
23_1,-2.0337,-0.2905285714285714,102,,./report/pdb_by_site/site_all_102_23_1_1.sdf
23_1,-2.0260000000000002,-0.2894285714285715,93,,./report/pdb_by_site/site_all_93_23_1_1.sdf
23_1,-2.019,-0.2884285714285714,11,,./report/pdb_by_site/site_all_11_23_1_2.sdf
23_1,-2.005,-0.2864285714285714,116,,./report/pdb_by_site/site_all_116_23_1_1.sdf
23_2,-4.859999999999999,-0.6942857142857142,3,,./report/pdb_by_site/site_all_3_23_2_1.sdf
23_2,-4.75,-0.6785714285714286,2,,./report/pdb_by_site/site_all_2_23_2_1.sdf
23_2,-4.23,-0.6042857142857143,9,,./report/pdb_by_site/site_all_9_23_2_1.sdf
23_2,-3.8500000000000005,-0.55,11,,./report/pdb_by_site/site_all_11_23_2_1.sdf
23_2,-3.7700000000000005,-0.5385714285714286,10,,./report/pdb_by_site/site_all_10_23_2_1.sdf
23_2,-3.6799999999999997,-0.5257142857142857,2,,./report/pdb_by_site/site_all_2_23_2_2.sdf
23_2,-3.534,-0.5048571428571428,10,,./report/pdb_by_site/site_all_10_23_2_2.sdf
23_2,-3.42,-0.48857142857142855,5,,./report/pdb_by_site/site_all_5_23_2_1.sdf
23_2,-3.3289999999999997,-0.47557142857142853,27,,./report/pdb_by_site/site_all_27_23_2_1.sdf
23_2,-3.2800000000000002,-0.4685714285714286,17,,./report/pdb_by_site/site_all_17_23_2_1.sdf
23_2,-3.2600000000000002,-0.46571428571428575,18,,./report/pdb_by_site/site_all_18_23_2_1.sdf
23_2,-3.08,-0.44,41,,./report/pdb_by_site/site_all_41_23_2_1.sdf
23_2,-2.96,-0.4228571428571429,19,,./report/pdb_by_site/site_all_19_23_2_1.sdf
23_2,-2.9239999999999995,-0.41771428571428565,19,,./report/pdb_by_site/site_all_19_23_2_2.sdf
23_2,-2.9110000000000005,-0.4158571428571429,10,,./report/pdb_by_site/site_all_10_23_2_3.sdf
23_2,-2.8899999999999997,-0.4128571428571428,25,,./report/pdb_by_site/site_all_25_23_2_1.sdf
23_2,-2.86,-0.40857142857142853,12,,./report/pdb_by_site/site_all_12_23_2_1.sdf
23_2,-2.81,-0.4014285714285714,3,,./report/pdb_by_site/site_all_3_23_2_2.sdf
23_2,-2.79,-0.3985714285714286,5,,./report/pdb_by_site/site_all_5_23_2_2.sdf
23_2,-2.788,-0.39828571428571424,26,,./report/pdb_by_site/site_all_26_23_2_1.sdf
23_2,-2.7800000000000002,-0.3971428571428572,3,,./report/pdb_by_site/site_all_3_23_2_3.sdf
23_2,-2.731,-0.3901428571428571,21,,./report/pdb_by_site/site_all_21_23_2_1.sdf
23_2,-2.728,-0.38971428571428574,20,,./report/pdb_by_site/site_all_20_23_2_1.sdf
23_2,-2.659,-0.37985714285714284,2,,./report/pdb_by_site/site_all_2_23_2_3.sdf
23_2,-2.64,-0.37714285714285717,57,,./report/pdb_by_site/site_all_57_23_2_1.sdf
23_2,-2.6,-0.37142857142857144,30,,./report/pdb_by_site/site_all_30_23_2_1.sdf
23_2,-2.58,-0.3685714285714286,3,,./report/pdb_by_site/site_all_3_23_2_4.sdf
23_2,-2.5700000000000003,-0.36714285714285716,20,,./report/pdb_by_site/site_all_20_23_2_2.sdf
23_2,-2.57,-0.3671428571428571,22,,./report/pdb_by_site/site_all_22_23_2_1.sdf
23_2,-2.566,-0.36657142857142855,24,,./report/pdb_by_site/site_all_24_23_2_1.sdf
23_2,-2.565,-0.36642857142857144,15,,./report/pdb_by_site/site_all_15_23_2_1.sdf
23_2,-2.37,-0.3385714285714286,58,,./report/pdb_by_site/site_all_58_23_2_1.sdf
23_2,-2.335,-0.3335714285714286,9,,./report/pdb_by_site/site_all_9_23_2_2.sdf
23_2,-2.279,-0.32557142857142857,3,,./report/pdb_by_site/site_all_3_23_2_5.sdf
23_2,-2.25,-0.32142857142857145,30,,./report/pdb_by_site/site_all_30_23_2_2.sdf
23_2,-2.2030000000000003,-0.3147142857142858,10,,./report/pdb_by_site/site_all_10_23_2_4.sdf
23_2,-2.2,-0.31428571428571433,10,,./report/pdb_by_site/site_all_10_23_2_5.sdf
23_2,-2.1799999999999997,-0.3114285714285714,41,,./report/pdb_by_site/site_all_41_23_2_2.sdf
23_2,-2.1599999999999997,-0.30857142857142855,56,,./report/pdb_by_site/site_all_56_23_2_1.sdf
23_2,-2.1100000000000003,-0.3014285714285715,30,,./report/pdb_by_site/site_all_30_23_2_3.sdf
23_2,-2.1,-0.3,57,,./report/pdb_by_site/site_all_57_23_2_2.sdf
23_2,-2.0999999999999996,-0.29999999999999993,36,,./report/pdb_by_site/site_all_36_23_2_1.sdf
23_2,-2.07,-0.2957142857142857,80,,./report/pdb_by_site/site_all_80_23_2_1.sdf
23_2,-2.0599999999999996,-0.2942857142857142,56,,./report/pdb_by_site/site_all_56_23_2_2.sdf
23_2,-2.058,-0.294,58,,./report/pdb_by_site/site_all_58_23_2_2.sdf
23_2,-2.053,-0.29328571428571426,61,,./report/pdb_by_site/site_all_61_23_2_1.sdf
23_2,-2.043,-0.29185714285714287,54,,./report/pdb_by_site/site_all_54_23_2_1.sdf
23_2,-2.0380000000000003,-0.2911428571428572,27,,./report/pdb_by_site/site_all_27_23_2_2.sdf
23_2,-2.037,-0.291,74,,./report/pdb_by_site/site_all_74_23_2_1.sdf
23_2,-2.02523,-0.2893185714285714,53,,./report/pdb_by_site/site_all_53_23_2_1.sdf
23_2,-2.02,-0.2885714285714286,44,,./report/pdb_by_site/site_all_44_23_2_1.sdf
23_3,-6.27,-0.8957142857142857,3,,./report/pdb_by_site/site_all_3_23_3_1.sdf
23_3,-5.38,-0.7685714285714286,2,,./report/pdb_by_site/site_all_2_23_3_1.sdf
23_3,-5.223999999999999,-0.7462857142857142,10,,./report/pdb_by_site/site_all_10_23_3_1.sdf
23_3,-5.108,-0.7297142857142856,2,,./report/pdb_by_site/site_all_2_23_3_2.sdf
23_3,-5.0,-0.7142857142857143,9,,./report/pdb_by_site/site_all_9_23_3_1.sdf
23_3,-4.74,-0.6771428571428572,10,,./report/pdb_by_site/site_all_10_23_3_2.sdf
23_3,-4.73,-0.6757142857142858,11,,./report/pdb_by_site/site_all_11_23_3_1.sdf
23_3,-4.6530000000000005,-0.6647142857142858,5,,./report/pdb_by_site/site_all_5_23_3_1.sdf
23_3,-4.633,-0.6618571428571428,2,,./report/pdb_by_site/site_all_2_23_3_3.sdf
23_3,-4.593999999999999,-0.6562857142857143,10,,./report/pdb_by_site/site_all_10_23_3_3.sdf
23_3,-4.57,-0.6528571428571429,5,,./report/pdb_by_site/site_all_5_23_3_2.sdf
23_3,-4.211,-0.6015714285714286,21,,./report/pdb_by_site/site_all_21_23_3_1.sdf
23_3,-4.19,-0.5985714285714286,24,,./report/pdb_by_site/site_all_24_23_3_1.sdf
23_3,-4.09,-0.5842857142857143,17,,./report/pdb_by_site/site_all_17_23_3_1.sdf
23_3,-4.022,-0.5745714285714286,27,,./report/pdb_by_site/site_all_27_23_3_1.sdf
23_3,-3.9899999999999998,-0.57,5,,./report/pdb_by_site/site_all_5_23_3_3.sdf
23_3,-3.8729999999999998,-0.5532857142857143,15,,./report/pdb_by_site/site_all_15_23_3_1.sdf
23_3,-3.8629999999999995,-0.5518571428571428,2,,./report/pdb_by_site/site_all_2_23_3_4.sdf
23_3,-3.8400000000000003,-0.5485714285714286,12,,./report/pdb_by_site/site_all_12_23_3_1.sdf
23_3,-3.816,-0.5451428571428572,19,,./report/pdb_by_site/site_all_19_23_3_1.sdf
23_3,-3.7459999999999996,-0.535142857142857,10,,./report/pdb_by_site/site_all_10_23_3_4.sdf
23_3,-3.73,-0.5328571428571428,18,,./report/pdb_by_site/site_all_18_23_3_1.sdf
23_3,-3.7200000000000006,-0.5314285714285715,22,,./report/pdb_by_site/site_all_22_23_3_1.sdf
23_3,-3.71,-0.53,20,,./report/pdb_by_site/site_all_20_23_3_1.sdf
23_3,-3.64,-0.52,41,,./report/pdb_by_site/site_all_41_23_3_1.sdf
23_3,-3.593,-0.5132857142857142,20,,./report/pdb_by_site/site_all_20_23_3_2.sdf
23_3,-3.536,-0.5051428571428571,3,,./report/pdb_by_site/site_all_3_23_3_2.sdf
23_3,-3.42,-0.48857142857142855,25,,./report/pdb_by_site/site_all_25_23_3_1.sdf
23_3,-3.4000000000000004,-0.48571428571428577,26,,./report/pdb_by_site/site_all_26_23_3_1.sdf
23_3,-3.34,-0.47714285714285715,30,,./report/pdb_by_site/site_all_30_23_3_1.sdf
23_3,-3.3099999999999996,-0.4728571428571428,57,,./report/pdb_by_site/site_all_57_23_3_1.sdf
23_3,-3.2450000000000006,-0.46357142857142863,27,,./report/pdb_by_site/site_all_27_23_3_2.sdf
23_3,-3.2,-0.4571428571428572,41,,./report/pdb_by_site/site_all_41_23_3_2.sdf
23_3,-3.1888,-0.45554285714285714,3,,./report/pdb_by_site/site_all_3_23_3_3.sdf
23_3,-3.16,-0.45142857142857146,30,,./report/pdb_by_site/site_all_30_23_3_2.sdf
23_3,-3.0700000000000003,-0.4385714285714286,3,,./report/pdb_by_site/site_all_3_23_3_4.sdf
23_3,-3.0,-0.42857142857142855,19,,./report/pdb_by_site/site_all_19_23_3_2.sdf
23_3,-3.0,-0.42857142857142855,20,,./report/pdb_by_site/site_all_20_23_3_3.sdf
23_3,-2.9958,-0.42797142857142856,53,,./report/pdb_by_site/site_all_53_23_3_1.sdf
23_3,-2.9250000000000003,-0.41785714285714287,44,,./report/pdb_by_site/site_all_44_23_3_1.sdf
23_3,-2.904,-0.41485714285714287,10,,./report/pdb_by_site/site_all_10_23_3_5.sdf
23_3,-2.87,-0.41000000000000003,58,,./report/pdb_by_site/site_all_58_23_3_1.sdf
23_3,-2.849,-0.40700000000000003,25,,./report/pdb_by_site/site_all_25_23_3_2.sdf
23_3,-2.8470000000000004,-0.40671428571428575,24,,./report/pdb_by_site/site_all_24_23_3_2.sdf
23_3,-2.83,-0.4042857142857143,9,,./report/pdb_by_site/site_all_9_23_3_2.sdf
23_3,-2.79,-0.3985714285714286,56,,./report/pdb_by_site/site_all_56_23_3_1.sdf
23_3,-2.71767,-0.38823857142857143,75,,./report/pdb_by_site/site_all_75_23_3_1.sdf
23_3,-2.709,-0.387,74,,./report/pdb_by_site/site_all_74_23_3_1.sdf
23_3,-2.658,-0.3797142857142857,80,,./report/pdb_by_site/site_all_80_23_3_1.sdf
23_3,-2.618,-0.374,17,,./report/pdb_by_site/site_all_17_23_3_2.sdf
23_3,-2.6100000000000003,-0.3728571428571429,36,,./report/pdb_by_site/site_all_36_23_3_1.sdf
23_3,-2.6,-0.37142857142857144,70,,./report/pdb_by_site/site_all_70_23_3_1.sdf
23_3,-2.5599999999999996,-0.36571428571428566,77,,./report/pdb_by_site/site_all_77_23_3_1.sdf
23_3,-2.553,-0.3647142857142857,80,,./report/pdb_by_site/site_all_80_23_3_2.sdf
23_3,-2.539,-0.3627142857142857,61,,./report/pdb_by_site/site_all_61_23_3_1.sdf
23_3,-2.5300000000000002,-0.3614285714285715,38,,./report/pdb_by_site/site_all_38_23_3_1.sdf
23_3,-2.527,-0.36100000000000004,24,,./report/pdb_by_site/site_all_24_23_3_3.sdf
23_3,-2.494,-0.3562857142857143,22,,./report/pdb_by_site/site_all_22_23_3_2.sdf
23_3,-2.487,-0.3552857142857143,57,,./report/pdb_by_site/site_all_57_23_3_2.sdf
23_3,-2.481,-0.3544285714285714,41,,./report/pdb_by_site/site_all_41_23_3_3.sdf
23_3,-2.4600000000000004,-0.3514285714285715,85,,./report/pdb_by_site/site_all_85_23_3_1.sdf
23_3,-2.45,-0.35000000000000003,58,,./report/pdb_by_site/site_all_58_23_3_2.sdf
23_3,-2.431,-0.3472857142857143,75,,./report/pdb_by_site/site_all_75_23_3_2.sdf
23_3,-2.4000000000000004,-0.3428571428571429,41,,./report/pdb_by_site/site_all_41_23_3_4.sdf
23_3,-2.377,-0.3395714285714285,27,,./report/pdb_by_site/site_all_27_23_3_3.sdf
23_3,-2.35,-0.33571428571428574,36,,./report/pdb_by_site/site_all_36_23_3_2.sdf
23_3,-2.3400000000000003,-0.33428571428571435,11,,./report/pdb_by_site/site_all_11_23_3_2.sdf
23_3,-2.34,-0.33428571428571424,79,,./report/pdb_by_site/site_all_79_23_3_1.sdf
23_3,-2.2883,-0.3269,67,,./report/pdb_by_site/site_all_67_23_3_1.sdf
23_3,-2.2790000000000004,-0.3255714285714286,11,,./report/pdb_by_site/site_all_11_23_3_3.sdf
23_3,-2.2705,-0.3243571428571429,102,,./report/pdb_by_site/site_all_102_23_3_1.sdf
23_3,-2.222,-0.31742857142857145,81,,./report/pdb_by_site/site_all_81_23_3_1.sdf
23_3,-2.21,-0.3157142857142857,67,,./report/pdb_by_site/site_all_67_23_3_2.sdf
23_3,-2.202,-0.31457142857142856,57,,./report/pdb_by_site/site_all_57_23_3_3.sdf
23_3,-2.16,-0.3085714285714286,19,,./report/pdb_by_site/site_all_19_23_3_3.sdf
23_3,-2.156,-0.308,81,,./report/pdb_by_site/site_all_81_23_3_2.sdf
23_3,-2.1399999999999997,-0.30571428571428566,50,,./report/pdb_by_site/site_all_50_23_3_1.sdf
23_3,-2.0900000000000003,-0.2985714285714286,85,,./report/pdb_by_site/site_all_85_23_3_2.sdf
23_3,-2.0860000000000003,-0.29800000000000004,36,,./report/pdb_by_site/site_all_36_23_3_3.sdf
23_3,-2.053,-0.29328571428571426,108,,./report/pdb_by_site/site_all_108_23_3_1.sdf
23_3,-2.052,-0.29314285714285715,111,,./report/pdb_by_site/site_all_111_23_3_1.sdf
23_3,-2.0500000000000003,-0.29285714285714287,125,,./report/pdb_by_site/site_all_125_23_3_1.sdf
23_3,-2.032,-0.2902857142857143,70,,./report/pdb_by_site/site_all_70_23_3_2.sdf
24_1,-5.859999999999999,-0.8371428571428571,3,,./report/pdb_by_site/site_all_3_24_1_1.sdf
24_1,-5.32,-0.76,9,,./report/pdb_by_site/site_all_9_24_1_1.sdf
24_1,-5.0,-0.7142857142857143,2,,./report/pdb_by_site/site_all_2_24_1_1.sdf
24_1,-4.970000000000001,-0.7100000000000001,11,,./report/pdb_by_site/site_all_11_24_1_1.sdf
24_1,-4.86,-0.6942857142857143,3,,./report/pdb_by_site/site_all_3_24_1_2.sdf
24_1,-4.85,-0.6928571428571428,10,,./report/pdb_by_site/site_all_10_24_1_1.sdf
24_1,-4.640000000000001,-0.6628571428571429,21,,./report/pdb_by_site/site_all_21_24_1_1.sdf
24_1,-4.6000000000000005,-0.6571428571428573,2,,./report/pdb_by_site/site_all_2_24_1_2.sdf
24_1,-4.57,-0.6528571428571429,5,,./report/pdb_by_site/site_all_5_24_1_1.sdf
24_1,-4.55,-0.65,5,,./report/pdb_by_site/site_all_5_24_1_2.sdf
24_1,-4.471,-0.6387142857142857,3,,./report/pdb_by_site/site_all_3_24_1_3.sdf
24_1,-4.44,-0.6342857142857143,10,,./report/pdb_by_site/site_all_10_24_1_2.sdf
24_1,-4.28,-0.6114285714285714,17,,./report/pdb_by_site/site_all_17_24_1_1.sdf
24_1,-4.2299999999999995,-0.6042857142857142,12,,./report/pdb_by_site/site_all_12_24_1_1.sdf
24_1,-4.1899999999999995,-0.5985714285714285,22,,./report/pdb_by_site/site_all_22_24_1_1.sdf
24_1,-3.95,-0.5642857142857143,15,,./report/pdb_by_site/site_all_15_24_1_1.sdf
24_1,-3.85,-0.55,20,,./report/pdb_by_site/site_all_20_24_1_1.sdf
24_1,-3.8300000000000005,-0.5471428571428573,19,,./report/pdb_by_site/site_all_19_24_1_1.sdf
24_1,-3.79,-0.5414285714285715,44,,./report/pdb_by_site/site_all_44_24_1_1.sdf
24_1,-3.7600000000000002,-0.5371428571428571,27,,./report/pdb_by_site/site_all_27_24_1_1.sdf
24_1,-3.74,-0.5342857142857144,30,,./report/pdb_by_site/site_all_30_24_1_1.sdf
24_1,-3.73,-0.5328571428571428,41,,./report/pdb_by_site/site_all_41_24_1_1.sdf
24_1,-3.7,-0.5285714285714286,10,,./report/pdb_by_site/site_all_10_24_1_3.sdf
24_1,-3.68,-0.5257142857142857,24,,./report/pdb_by_site/site_all_24_24_1_1.sdf
24_1,-3.6300000000000003,-0.5185714285714286,30,,./report/pdb_by_site/site_all_30_24_1_2.sdf
24_1,-3.6,-0.5142857142857143,25,,./report/pdb_by_site/site_all_25_24_1_1.sdf
24_1,-3.5500000000000003,-0.5071428571428572,26,,./report/pdb_by_site/site_all_26_24_1_1.sdf
24_1,-3.5399999999999996,-0.5057142857142857,57,,./report/pdb_by_site/site_all_57_24_1_1.sdf
24_1,-3.4800000000000004,-0.4971428571428572,22,,./report/pdb_by_site/site_all_22_24_1_2.sdf
24_1,-3.43,-0.49000000000000005,49,,./report/pdb_by_site/site_all_49_24_1_1.sdf
24_1,-3.355,-0.47928571428571426,19,,./report/pdb_by_site/site_all_19_24_1_2.sdf
24_1,-3.3200000000000003,-0.4742857142857143,21,,./report/pdb_by_site/site_all_21_24_1_2.sdf
24_1,-3.31,-0.47285714285714286,30,,./report/pdb_by_site/site_all_30_24_1_3.sdf
24_1,-3.27,-0.46714285714285714,56,,./report/pdb_by_site/site_all_56_24_1_1.sdf
24_1,-3.25,-0.4642857142857143,3,,./report/pdb_by_site/site_all_3_24_1_4.sdf
24_1,-3.232,-0.46171428571428574,9,,./report/pdb_by_site/site_all_9_24_1_2.sdf
24_1,-3.1300000000000003,-0.4471428571428572,27,,./report/pdb_by_site/site_all_27_24_1_2.sdf
24_1,-3.13,-0.4471428571428571,56,,./report/pdb_by_site/site_all_56_24_1_2.sdf
24_1,-3.0999999999999996,-0.4428571428571428,80,,./report/pdb_by_site/site_all_80_24_1_1.sdf
24_1,-3.0900000000000007,-0.44142857142857156,85,,./report/pdb_by_site/site_all_85_24_1_1.sdf
24_1,-3.0700000000000003,-0.4385714285714286,58,,./report/pdb_by_site/site_all_58_24_1_1.sdf
24_1,-3.041,-0.43442857142857144,20,,./report/pdb_by_site/site_all_20_24_1_2.sdf
24_1,-3.0080000000000005,-0.42971428571428577,34,,./report/pdb_by_site/site_all_34_24_1_1.sdf
24_1,-2.95,-0.42142857142857143,10,,./report/pdb_by_site/site_all_10_24_1_4.sdf
24_1,-2.9400000000000004,-0.42000000000000004,53,,./report/pdb_by_site/site_all_53_24_1_1.sdf
24_1,-2.9050000000000002,-0.41500000000000004,35,,./report/pdb_by_site/site_all_35_24_1_1.sdf
24_1,-2.871,-0.41014285714285714,36,,./report/pdb_by_site/site_all_36_24_1_1.sdf
24_1,-2.8400000000000003,-0.40571428571428575,36,,./report/pdb_by_site/site_all_36_24_1_2.sdf
24_1,-2.78,-0.39714285714285713,14,,./report/pdb_by_site/site_all_14_24_1_1.sdf
24_1,-2.75,-0.39285714285714285,27,,./report/pdb_by_site/site_all_27_24_1_3.sdf
24_1,-2.6799999999999997,-0.38285714285714284,10,,./report/pdb_by_site/site_all_10_24_1_5.sdf
24_1,-2.6660000000000004,-0.3808571428571429,18,,./report/pdb_by_site/site_all_18_24_1_1.sdf
24_1,-2.66,-0.38,22,,./report/pdb_by_site/site_all_22_24_1_3.sdf
24_1,-2.66,-0.38,56,,./report/pdb_by_site/site_all_56_24_1_3.sdf
24_1,-2.6599999999999997,-0.37999999999999995,77,,./report/pdb_by_site/site_all_77_24_1_1.sdf
24_1,-2.6399999999999997,-0.3771428571428571,58,,./report/pdb_by_site/site_all_58_24_1_2.sdf
24_1,-2.63,-0.3757142857142857,81,,./report/pdb_by_site/site_all_81_24_1_1.sdf
24_1,-2.62,-0.3742857142857143,79,,./report/pdb_by_site/site_all_79_24_1_1.sdf
24_1,-2.62,-0.3742857142857143,18,,./report/pdb_by_site/site_all_18_24_1_2.sdf
24_1,-2.62,-0.3742857142857143,24,,./report/pdb_by_site/site_all_24_24_1_2.sdf
24_1,-2.6100000000000003,-0.3728571428571429,75,,./report/pdb_by_site/site_all_75_24_1_1.sdf
24_1,-2.541,-0.363,4,,./report/pdb_by_site/site_all_4_24_1_1.sdf
24_1,-2.5200000000000005,-0.36000000000000004,41,,./report/pdb_by_site/site_all_41_24_1_2.sdf
24_1,-2.49,-0.35571428571428576,41,,./report/pdb_by_site/site_all_41_24_1_3.sdf
24_1,-2.4800000000000004,-0.35428571428571437,57,,./report/pdb_by_site/site_all_57_24_1_2.sdf
24_1,-2.4799999999999995,-0.3542857142857142,115,,./report/pdb_by_site/site_all_115_24_1_1.sdf
24_1,-2.44,-0.3485714285714286,67,,./report/pdb_by_site/site_all_67_24_1_1.sdf
24_1,-2.44,-0.3485714285714286,82,,./report/pdb_by_site/site_all_82_24_1_1.sdf
24_1,-2.4339999999999997,-0.3477142857142857,61,,./report/pdb_by_site/site_all_61_24_1_1.sdf
24_1,-2.4200000000000004,-0.34571428571428575,41,,./report/pdb_by_site/site_all_41_24_1_4.sdf
24_1,-2.42,-0.3457142857142857,36,,./report/pdb_by_site/site_all_36_24_1_3.sdf
24_1,-2.41,-0.3442857142857143,11,,./report/pdb_by_site/site_all_11_24_1_2.sdf
24_1,-2.385,-0.3407142857142857,3,,./report/pdb_by_site/site_all_3_24_1_5.sdf
24_1,-2.3779999999999997,-0.3397142857142857,38,,./report/pdb_by_site/site_all_38_24_1_1.sdf
24_1,-2.35,-0.33571428571428574,65,,./report/pdb_by_site/site_all_65_24_1_1.sdf
24_1,-2.335,-0.3335714285714286,57,,./report/pdb_by_site/site_all_57_24_1_3.sdf
24_1,-2.3,-0.32857142857142857,104,,./report/pdb_by_site/site_all_104_24_1_1.sdf
24_1,-2.28,-0.3257142857142857,41,,./report/pdb_by_site/site_all_41_24_1_5.sdf
24_1,-2.27,-0.3242857142857143,67,,./report/pdb_by_site/site_all_67_24_1_2.sdf
24_1,-2.2600000000000002,-0.3228571428571429,57,,./report/pdb_by_site/site_all_57_24_1_4.sdf
24_1,-2.26,-0.32285714285714284,78,,./report/pdb_by_site/site_all_78_24_1_1.sdf
24_1,-2.25,-0.32142857142857145,94,,./report/pdb_by_site/site_all_94_24_1_1.sdf
24_1,-2.25,-0.32142857142857145,109,,./report/pdb_by_site/site_all_109_24_1_1.sdf
24_1,-2.221,-0.3172857142857143,27,,./report/pdb_by_site/site_all_27_24_1_4.sdf
24_1,-2.221,-0.3172857142857143,34,,./report/pdb_by_site/site_all_34_24_1_2.sdf
24_1,-2.22,-0.31714285714285717,70,,./report/pdb_by_site/site_all_70_24_1_1.sdf
24_1,-2.21,-0.3157142857142857,85,,./report/pdb_by_site/site_all_85_24_1_2.sdf
24_1,-2.21,-0.3157142857142857,25,,./report/pdb_by_site/site_all_25_24_1_2.sdf
24_1,-2.18,-0.31142857142857144,36,,./report/pdb_by_site/site_all_36_24_1_4.sdf
24_1,-2.1799999999999997,-0.3114285714285714,125,,./report/pdb_by_site/site_all_125_24_1_1.sdf
24_1,-2.17,-0.31,26,,./report/pdb_by_site/site_all_26_24_1_2.sdf
24_1,-2.16,-0.3085714285714286,80,,./report/pdb_by_site/site_all_80_24_1_2.sdf
24_1,-2.16,-0.3085714285714286,69,,./report/pdb_by_site/site_all_69_24_1_1.sdf
24_1,-2.153,-0.30757142857142855,79,,./report/pdb_by_site/site_all_79_24_1_2.sdf
24_1,-2.129,-0.30414285714285716,120,,./report/pdb_by_site/site_all_120_24_1_1.sdf
24_1,-2.0999999999999996,-0.29999999999999993,63,,./report/pdb_by_site/site_all_63_24_1_1.sdf
24_1,-2.0300000000000002,-0.29000000000000004,80,,./report/pdb_by_site/site_all_80_24_1_3.sdf
24_1,-2.02,-0.2885714285714286,96,,./report/pdb_by_site/site_all_96_24_1_1.sdf
24_1,-2.01,-0.2871428571428571,113,,./report/pdb_by_site/site_all_113_24_1_1.sdf
24_2,-3.77,-0.5385714285714286,36,,./report/pdb_by_site/site_all_36_24_2_1.sdf
24_2,-3.578,-0.5111428571428571,4,,./report/pdb_by_site/site_all_4_24_2_1.sdf
24_2,-3.5,-0.5,36,,./report/pdb_by_site/site_all_36_24_2_2.sdf
24_2,-3.4779999999999998,-0.49685714285714283,19,,./report/pdb_by_site/site_all_19_24_2_1.sdf
24_2,-3.42,-0.48857142857142855,14,,./report/pdb_by_site/site_all_14_24_2_1.sdf
24_2,-3.33,-0.4757142857142857,5,,./report/pdb_by_site/site_all_5_24_2_1.sdf
24_2,-3.3100000000000005,-0.4728571428571429,12,,./report/pdb_by_site/site_all_12_24_2_1.sdf
24_2,-3.1900000000000004,-0.4557142857142858,31,,./report/pdb_by_site/site_all_31_24_2_1.sdf
24_2,-3.1500000000000004,-0.45000000000000007,5,,./report/pdb_by_site/site_all_5_24_2_2.sdf
24_2,-3.0,-0.42857142857142855,34,,./report/pdb_by_site/site_all_34_24_2_1.sdf
24_2,-2.9829999999999997,-0.4261428571428571,18,,./report/pdb_by_site/site_all_18_24_2_1.sdf
24_2,-2.9800000000000004,-0.42571428571428577,36,,./report/pdb_by_site/site_all_36_24_2_3.sdf
24_2,-2.8999999999999995,-0.4142857142857142,22,,./report/pdb_by_site/site_all_22_24_2_1.sdf
24_2,-2.8899999999999997,-0.4128571428571428,13,,./report/pdb_by_site/site_all_13_24_2_1.sdf
24_2,-2.85,-0.40714285714285714,2,,./report/pdb_by_site/site_all_2_24_2_1.sdf
24_2,-2.81,-0.4014285714285714,17,,./report/pdb_by_site/site_all_17_24_2_1.sdf
24_2,-2.71,-0.3871428571428571,10,,./report/pdb_by_site/site_all_10_24_2_1.sdf
24_2,-2.636,-0.3765714285714286,38,,./report/pdb_by_site/site_all_38_24_2_1.sdf
24_2,-2.5100000000000002,-0.3585714285714286,25,,./report/pdb_by_site/site_all_25_24_2_1.sdf
24_2,-2.4299999999999997,-0.3471428571428571,26,,./report/pdb_by_site/site_all_26_24_2_1.sdf
24_2,-2.4299999999999997,-0.3471428571428571,9,,./report/pdb_by_site/site_all_9_24_2_1.sdf
24_2,-2.4147000000000007,-0.34495714285714296,81,,./report/pdb_by_site/site_all_81_24_2_1.sdf
24_2,-2.3920000000000003,-0.34171428571428575,81,,./report/pdb_by_site/site_all_81_24_2_2.sdf
24_2,-2.39,-0.34142857142857147,9,,./report/pdb_by_site/site_all_9_24_2_2.sdf
24_2,-2.3899999999999997,-0.34142857142857136,40,,./report/pdb_by_site/site_all_40_24_2_1.sdf
24_2,-2.372,-0.33885714285714286,31,,./report/pdb_by_site/site_all_31_24_2_2.sdf
24_2,-2.36,-0.33714285714285713,21,,./report/pdb_by_site/site_all_21_24_2_1.sdf
24_2,-2.35,-0.33571428571428574,5,,./report/pdb_by_site/site_all_5_24_2_3.sdf
24_2,-2.342,-0.3345714285714286,24,,./report/pdb_by_site/site_all_24_24_2_1.sdf
24_2,-2.34,-0.33428571428571424,60,,./report/pdb_by_site/site_all_60_24_2_1.sdf
24_2,-2.31,-0.33,69,,./report/pdb_by_site/site_all_69_24_2_1.sdf
24_2,-2.2750000000000004,-0.32500000000000007,15,,./report/pdb_by_site/site_all_15_24_2_1.sdf
24_2,-2.27,-0.3242857142857143,15,,./report/pdb_by_site/site_all_15_24_2_2.sdf
24_2,-2.27,-0.3242857142857143,11,,./report/pdb_by_site/site_all_11_24_2_1.sdf
24_2,-2.2,-0.31428571428571433,27,,./report/pdb_by_site/site_all_27_24_2_1.sdf
24_2,-2.1799999999999997,-0.3114285714285714,44,,./report/pdb_by_site/site_all_44_24_2_1.sdf
24_2,-2.17,-0.31,3,,./report/pdb_by_site/site_all_3_24_2_1.sdf
24_2,-2.158,-0.3082857142857143,65,,./report/pdb_by_site/site_all_65_24_2_1.sdf
24_2,-2.15,-0.3071428571428571,21,,./report/pdb_by_site/site_all_21_24_2_2.sdf
24_2,-2.11,-0.30142857142857143,88,,./report/pdb_by_site/site_all_88_24_2_1.sdf
24_2,-2.1,-0.3,21,,./report/pdb_by_site/site_all_21_24_2_3.sdf
24_2,-2.0999999999999996,-0.29999999999999993,30,,./report/pdb_by_site/site_all_30_24_2_1.sdf
24_2,-2.0700000000000003,-0.29571428571428576,96,,./report/pdb_by_site/site_all_96_24_2_1.sdf
24_2,-2.0477,-0.2925285714285714,12,,./report/pdb_by_site/site_all_12_24_2_2.sdf
24_2,-2.0150000000000006,-0.2878571428571429,55,,./report/pdb_by_site/site_all_55_24_2_1.sdf
24_2,-2.013,-0.28757142857142853,118,,./report/pdb_by_site/site_all_118_24_2_1.sdf
25,-5.61,-0.8014285714285715,3,,./report/pdb_by_site/site_all_3_25_1.sdf
25,-5.140000000000001,-0.7342857142857143,2,,./report/pdb_by_site/site_all_2_25_1.sdf
25,-4.83,-0.6900000000000001,10,,./report/pdb_by_site/site_all_10_25_1.sdf
25,-4.8100000000000005,-0.6871428571428572,5,,./report/pdb_by_site/site_all_5_25_1.sdf
25,-4.686,-0.6694285714285714,2,,./report/pdb_by_site/site_all_2_25_2.sdf
25,-4.51,-0.6442857142857142,9,,./report/pdb_by_site/site_all_9_25_1.sdf
25,-4.4399999999999995,-0.6342857142857142,11,,./report/pdb_by_site/site_all_11_25_1.sdf
25,-4.415,-0.6307142857142857,34,,./report/pdb_by_site/site_all_34_25_1.sdf
25,-4.33,-0.6185714285714285,5,,./report/pdb_by_site/site_all_5_25_2.sdf
25,-4.220000000000001,-0.602857142857143,5,,./report/pdb_by_site/site_all_5_25_3.sdf
25,-4.09,-0.5842857142857143,10,,./report/pdb_by_site/site_all_10_25_2.sdf
25,-4.02,-0.5742857142857142,25,,./report/pdb_by_site/site_all_25_25_1.sdf
25,-3.9799999999999995,-0.5685714285714285,70,,./report/pdb_by_site/site_all_70_25_1.sdf
25,-3.8037,-0.5433857142857142,57,,./report/pdb_by_site/site_all_57_25_1.sdf
25,-3.7390000000000003,-0.5341428571428571,17,,./report/pdb_by_site/site_all_17_25_1.sdf
25,-3.7199999999999998,-0.5314285714285714,30,,./report/pdb_by_site/site_all_30_25_1.sdf
25,-3.69,-0.5271428571428571,22,,./report/pdb_by_site/site_all_22_25_1.sdf
25,-3.69,-0.5271428571428571,27,,./report/pdb_by_site/site_all_27_25_1.sdf
25,-3.6500000000000004,-0.5214285714285715,41,,./report/pdb_by_site/site_all_41_25_1.sdf
25,-3.612,-0.516,20,,./report/pdb_by_site/site_all_20_25_1.sdf
25,-3.578,-0.5111428571428571,15,,./report/pdb_by_site/site_all_15_25_1.sdf
25,-3.526,-0.5037142857142857,19,,./report/pdb_by_site/site_all_19_25_1.sdf
25,-3.446,-0.4922857142857143,53,,./report/pdb_by_site/site_all_53_25_1.sdf
25,-3.373,-0.4818571428571429,21,,./report/pdb_by_site/site_all_21_25_1.sdf
25,-3.21,-0.4585714285714286,36,,./report/pdb_by_site/site_all_36_25_1.sdf
25,-3.2039999999999997,-0.4577142857142857,24,,./report/pdb_by_site/site_all_24_25_1.sdf
25,-3.15,-0.45,27,,./report/pdb_by_site/site_all_27_25_2.sdf
25,-3.12,-0.44571428571428573,18,,./report/pdb_by_site/site_all_18_25_1.sdf
25,-3.031,-0.433,3,,./report/pdb_by_site/site_all_3_25_2.sdf
25,-2.9919999999999995,-0.4274285714285714,26,,./report/pdb_by_site/site_all_26_25_1.sdf
25,-2.9427000000000003,-0.4203857142857143,17,,./report/pdb_by_site/site_all_17_25_2.sdf
25,-2.91,-0.41571428571428576,30,,./report/pdb_by_site/site_all_30_25_2.sdf
25,-2.8840000000000003,-0.41200000000000003,61,,./report/pdb_by_site/site_all_61_25_1.sdf
25,-2.88,-0.4114285714285714,44,,./report/pdb_by_site/site_all_44_25_1.sdf
25,-2.8660000000000005,-0.40942857142857153,75,,./report/pdb_by_site/site_all_75_25_1.sdf
25,-2.8500000000000005,-0.4071428571428572,10,,./report/pdb_by_site/site_all_10_25_3.sdf
25,-2.836,-0.40514285714285714,80,,./report/pdb_by_site/site_all_80_25_1.sdf
25,-2.75,-0.39285714285714285,58,,./report/pdb_by_site/site_all_58_25_1.sdf
25,-2.7199999999999998,-0.3885714285714285,41,,./report/pdb_by_site/site_all_41_25_2.sdf
25,-2.7199999999999998,-0.3885714285714285,36,,./report/pdb_by_site/site_all_36_25_2.sdf
25,-2.7169999999999996,-0.38814285714285707,20,,./report/pdb_by_site/site_all_20_25_2.sdf
25,-2.69,-0.3842857142857143,80,,./report/pdb_by_site/site_all_80_25_2.sdf
25,-2.682,-0.3831428571428571,25,,./report/pdb_by_site/site_all_25_25_2.sdf
25,-2.6750000000000003,-0.3821428571428572,34,,./report/pdb_by_site/site_all_34_25_2.sdf
25,-2.64,-0.37714285714285717,24,,./report/pdb_by_site/site_all_24_25_2.sdf
25,-2.6399999999999997,-0.3771428571428571,50,,./report/pdb_by_site/site_all_50_25_1.sdf
25,-2.6149999999999998,-0.37357142857142855,75,,./report/pdb_by_site/site_all_75_25_2.sdf
25,-2.6099999999999994,-0.3728571428571428,77,,./report/pdb_by_site/site_all_77_25_1.sdf
25,-2.601,-0.37157142857142855,79,,./report/pdb_by_site/site_all_79_25_1.sdf
25,-2.535,-0.36214285714285716,58,,./report/pdb_by_site/site_all_58_25_2.sdf
25,-2.51,-0.35857142857142854,81,,./report/pdb_by_site/site_all_81_25_1.sdf
25,-2.48,-0.35428571428571426,57,,./report/pdb_by_site/site_all_57_25_2.sdf
25,-2.472,-0.35314285714285715,85,,./report/pdb_by_site/site_all_85_25_1.sdf
25,-2.46,-0.3514285714285714,57,,./report/pdb_by_site/site_all_57_25_3.sdf
25,-2.46,-0.3514285714285714,36,,./report/pdb_by_site/site_all_36_25_3.sdf
25,-2.418,-0.3454285714285715,113,,./report/pdb_by_site/site_all_113_25_1.sdf
25,-2.382,-0.3402857142857143,50,,./report/pdb_by_site/site_all_50_25_2.sdf
25,-2.332,-0.33314285714285713,111,,./report/pdb_by_site/site_all_111_25_1.sdf
25,-2.3309999999999995,-0.3329999999999999,57,,./report/pdb_by_site/site_all_57_25_4.sdf
25,-2.326,-0.3322857142857143,109,,./report/pdb_by_site/site_all_109_25_1.sdf
25,-2.3240000000000003,-0.332,11,,./report/pdb_by_site/site_all_11_25_2.sdf
25,-2.3200000000000003,-0.33142857142857146,67,,./report/pdb_by_site/site_all_67_25_1.sdf
25,-2.314,-0.33057142857142857,74,,./report/pdb_by_site/site_all_74_25_1.sdf
25,-2.3099999999999996,-0.32999999999999996,80,,./report/pdb_by_site/site_all_80_25_3.sdf
25,-2.29,-0.3271428571428571,57,,./report/pdb_by_site/site_all_57_25_5.sdf
25,-2.2889999999999997,-0.32699999999999996,20,,./report/pdb_by_site/site_all_20_25_3.sdf
25,-2.26,-0.32285714285714284,38,,./report/pdb_by_site/site_all_38_25_1.sdf
25,-2.2560000000000002,-0.32228571428571434,41,,./report/pdb_by_site/site_all_41_25_3.sdf
25,-2.25,-0.32142857142857145,75,,./report/pdb_by_site/site_all_75_25_3.sdf
25,-2.221,-0.3172857142857143,56,,./report/pdb_by_site/site_all_56_25_1.sdf
25,-2.215,-0.3164285714285714,19,,./report/pdb_by_site/site_all_19_25_2.sdf
25,-2.188,-0.3125714285714286,109,,./report/pdb_by_site/site_all_109_25_2.sdf
25,-2.1399999999999997,-0.30571428571428566,121,,./report/pdb_by_site/site_all_121_25_1.sdf
25,-2.106,-0.3008571428571428,115,,./report/pdb_by_site/site_all_115_25_1.sdf
25,-2.101,-0.30014285714285716,38,,./report/pdb_by_site/site_all_38_25_2.sdf
25,-2.1,-0.3,87,,./report/pdb_by_site/site_all_87_25_1.sdf
25,-2.09,-0.29857142857142854,56,,./report/pdb_by_site/site_all_56_25_2.sdf
25,-2.089,-0.29842857142857143,78,,./report/pdb_by_site/site_all_78_25_1.sdf
25,-2.05,-0.2928571428571428,125,,./report/pdb_by_site/site_all_125_25_1.sdf
25,-2.011,-0.2872857142857143,69,,./report/pdb_by_site/site_all_69_25_1.sdf
26_1,-5.6,-0.7999999999999999,3,,./report/pdb_by_site/site_all_3_26_1_1.sdf
26_1,-4.869999999999999,-0.6957142857142856,9,,./report/pdb_by_site/site_all_9_26_1_1.sdf
26_1,-4.82,-0.6885714285714286,10,,./report/pdb_by_site/site_all_10_26_1_1.sdf
26_1,-4.63,-0.6614285714285714,4,,./report/pdb_by_site/site_all_4_26_1_1.sdf
26_1,-4.51,-0.6442857142857142,11,,./report/pdb_by_site/site_all_11_26_1_1.sdf
26_1,-4.5,-0.6428571428571429,2,,./report/pdb_by_site/site_all_2_26_1_1.sdf
26_1,-4.4799999999999995,-0.6399999999999999,2,,./report/pdb_by_site/site_all_2_26_1_2.sdf
26_1,-4.4159999999999995,-0.6308571428571428,3,,./report/pdb_by_site/site_all_3_26_1_2.sdf
26_1,-4.33,-0.6185714285714285,5,,./report/pdb_by_site/site_all_5_26_1_1.sdf
26_1,-4.28,-0.6114285714285714,22,,./report/pdb_by_site/site_all_22_26_1_1.sdf
26_1,-4.038,-0.5768571428571428,24,,./report/pdb_by_site/site_all_24_26_1_1.sdf
26_1,-3.97,-0.5671428571428572,21,,./report/pdb_by_site/site_all_21_26_1_1.sdf
26_1,-3.9600000000000004,-0.5657142857142857,10,,./report/pdb_by_site/site_all_10_26_1_2.sdf
26_1,-3.725,-0.5321428571428571,15,,./report/pdb_by_site/site_all_15_26_1_1.sdf
26_1,-3.7,-0.5285714285714286,5,,./report/pdb_by_site/site_all_5_26_1_2.sdf
26_1,-3.678,-0.5254285714285715,35,,./report/pdb_by_site/site_all_35_26_1_1.sdf
26_1,-3.6430000000000002,-0.5204285714285715,25,,./report/pdb_by_site/site_all_25_26_1_1.sdf
26_1,-3.58,-0.5114285714285715,2,,./report/pdb_by_site/site_all_2_26_1_3.sdf
26_1,-3.5,-0.5,18,,./report/pdb_by_site/site_all_18_26_1_1.sdf
26_1,-3.4600000000000004,-0.49428571428571433,17,,./report/pdb_by_site/site_all_17_26_1_1.sdf
26_1,-3.439,-0.49128571428571427,19,,./report/pdb_by_site/site_all_19_26_1_1.sdf
26_1,-3.4099999999999997,-0.4871428571428571,41,,./report/pdb_by_site/site_all_41_26_1_1.sdf
26_1,-3.4,-0.4857142857142857,27,,./report/pdb_by_site/site_all_27_26_1_1.sdf
26_1,-3.295,-0.4707142857142857,3,,./report/pdb_by_site/site_all_3_26_1_3.sdf
26_1,-3.286,-0.4694285714285714,30,,./report/pdb_by_site/site_all_30_26_1_1.sdf
26_1,-3.202,-0.4574285714285714,3,,./report/pdb_by_site/site_all_3_26_1_4.sdf
26_1,-3.162,-0.4517142857142857,26,,./report/pdb_by_site/site_all_26_26_1_1.sdf
26_1,-3.13,-0.4471428571428571,30,,./report/pdb_by_site/site_all_30_26_1_2.sdf
26_1,-3.0199999999999996,-0.4314285714285714,57,,./report/pdb_by_site/site_all_57_26_1_1.sdf
26_1,-3.019,-0.43128571428571433,12,,./report/pdb_by_site/site_all_12_26_1_1.sdf
26_1,-3.01,-0.43,77,,./report/pdb_by_site/site_all_77_26_1_1.sdf
26_1,-3.0,-0.42857142857142855,10,,./report/pdb_by_site/site_all_10_26_1_3.sdf
26_1,-2.9960000000000004,-0.42800000000000005,53,,./report/pdb_by_site/site_all_53_26_1_1.sdf
26_1,-2.9899999999999998,-0.4271428571428571,56,,./report/pdb_by_site/site_all_56_26_1_1.sdf
26_1,-2.98,-0.4257142857142857,30,,./report/pdb_by_site/site_all_30_26_1_3.sdf
26_1,-2.95,-0.42142857142857143,44,,./report/pdb_by_site/site_all_44_26_1_1.sdf
26_1,-2.8920000000000003,-0.4131428571428572,38,,./report/pdb_by_site/site_all_38_26_1_1.sdf
26_1,-2.83,-0.4042857142857143,74,,./report/pdb_by_site/site_all_74_26_1_1.sdf
26_1,-2.8220000000000005,-0.4031428571428572,85,,./report/pdb_by_site/site_all_85_26_1_1.sdf
26_1,-2.784,-0.3977142857142857,20,,./report/pdb_by_site/site_all_20_26_1_1.sdf
26_1,-2.76,-0.39428571428571424,34,,./report/pdb_by_site/site_all_34_26_1_1.sdf
26_1,-2.71,-0.3871428571428571,58,,./report/pdb_by_site/site_all_58_26_1_1.sdf
26_1,-2.661,-0.38014285714285717,35,,./report/pdb_by_site/site_all_35_26_1_2.sdf
26_1,-2.55,-0.36428571428571427,41,,./report/pdb_by_site/site_all_41_26_1_2.sdf
26_1,-2.55,-0.36428571428571427,58,,./report/pdb_by_site/site_all_58_26_1_2.sdf
26_1,-2.543,-0.3632857142857143,24,,./report/pdb_by_site/site_all_24_26_1_2.sdf
26_1,-2.5349999999999997,-0.3621428571428571,22,,./report/pdb_by_site/site_all_22_26_1_2.sdf
26_1,-2.5300000000000002,-0.3614285714285715,74,,./report/pdb_by_site/site_all_74_26_1_2.sdf
26_1,-2.48,-0.35428571428571426,41,,./report/pdb_by_site/site_all_41_26_1_3.sdf
26_1,-2.4779999999999998,-0.354,79,,./report/pdb_by_site/site_all_79_26_1_1.sdf
26_1,-2.4770000000000003,-0.3538571428571429,9,,./report/pdb_by_site/site_all_9_26_1_2.sdf
26_1,-2.452,-0.35028571428571426,80,,./report/pdb_by_site/site_all_80_26_1_1.sdf
26_1,-2.4,-0.34285714285714286,75,,./report/pdb_by_site/site_all_75_26_1_1.sdf
26_1,-2.378,-0.33971428571428575,41,,./report/pdb_by_site/site_all_41_26_1_4.sdf
26_1,-2.36,-0.33714285714285713,70,,./report/pdb_by_site/site_all_70_26_1_1.sdf
26_1,-2.35,-0.33571428571428574,81,,./report/pdb_by_site/site_all_81_26_1_1.sdf
26_1,-2.253,-0.3218571428571429,65,,./report/pdb_by_site/site_all_65_26_1_1.sdf
26_1,-2.237,-0.31957142857142856,36,,./report/pdb_by_site/site_all_36_26_1_1.sdf
26_1,-2.2300000000000004,-0.3185714285714286,11,,./report/pdb_by_site/site_all_11_26_1_2.sdf
26_1,-2.23,-0.31857142857142856,77,,./report/pdb_by_site/site_all_77_26_1_2.sdf
26_1,-2.226,-0.318,36,,./report/pdb_by_site/site_all_36_26_1_2.sdf
26_1,-2.16,-0.3085714285714286,19,,./report/pdb_by_site/site_all_19_26_1_2.sdf
26_1,-2.146,-0.30657142857142855,36,,./report/pdb_by_site/site_all_36_26_1_3.sdf
26_1,-2.124,-0.30342857142857144,61,,./report/pdb_by_site/site_all_61_26_1_1.sdf
26_1,-2.12,-0.3028571428571429,80,,./report/pdb_by_site/site_all_80_26_1_2.sdf
26_1,-2.1153,-0.3021857142857143,56,,./report/pdb_by_site/site_all_56_26_1_2.sdf
26_1,-2.08,-0.29714285714285715,67,,./report/pdb_by_site/site_all_67_26_1_1.sdf
26_1,-2.073,-0.29614285714285715,111,,./report/pdb_by_site/site_all_111_26_1_1.sdf
26_1,-2.02,-0.2885714285714286,111,,./report/pdb_by_site/site_all_111_26_1_2.sdf
26_2,-5.47,-0.7814285714285714,3,,./report/pdb_by_site/site_all_3_26_2_1.sdf
26_2,-5.199999999999999,-0.7428571428571428,2,,./report/pdb_by_site/site_all_2_26_2_1.sdf
26_2,-5.109999999999999,-0.7299999999999999,4,,./report/pdb_by_site/site_all_4_26_2_1.sdf
26_2,-4.5200000000000005,-0.6457142857142858,9,,./report/pdb_by_site/site_all_9_26_2_1.sdf
26_2,-4.49,-0.6414285714285715,5,,./report/pdb_by_site/site_all_5_26_2_1.sdf
26_2,-4.3999999999999995,-0.6285714285714284,11,,./report/pdb_by_site/site_all_11_26_2_1.sdf
26_2,-4.162999999999999,-0.5947142857142856,2,,./report/pdb_by_site/site_all_2_26_2_2.sdf
26_2,-4.1530000000000005,-0.5932857142857143,3,,./report/pdb_by_site/site_all_3_26_2_2.sdf
26_2,-4.07,-0.5814285714285715,24,,./report/pdb_by_site/site_all_24_26_2_1.sdf
26_2,-4.0600000000000005,-0.5800000000000001,10,,./report/pdb_by_site/site_all_10_26_2_1.sdf
26_2,-3.95,-0.5642857142857143,22,,./report/pdb_by_site/site_all_22_26_2_1.sdf
26_2,-3.6399999999999997,-0.5199999999999999,10,,./report/pdb_by_site/site_all_10_26_2_2.sdf
26_2,-3.6199999999999997,-0.5171428571428571,15,,./report/pdb_by_site/site_all_15_26_2_1.sdf
26_2,-3.58,-0.5114285714285715,27,,./report/pdb_by_site/site_all_27_26_2_1.sdf
26_2,-3.53,-0.5042857142857142,25,,./report/pdb_by_site/site_all_25_26_2_1.sdf
26_2,-3.52,-0.5028571428571429,3,,./report/pdb_by_site/site_all_3_26_2_3.sdf
26_2,-3.463,-0.4947142857142857,21,,./report/pdb_by_site/site_all_21_26_2_1.sdf
26_2,-3.4499999999999997,-0.4928571428571428,5,,./report/pdb_by_site/site_all_5_26_2_2.sdf
26_2,-3.346,-0.47800000000000004,20,,./report/pdb_by_site/site_all_20_26_2_1.sdf
26_2,-3.316,-0.4737142857142857,56,,./report/pdb_by_site/site_all_56_26_2_1.sdf
26_2,-3.3,-0.4714285714285714,56,,./report/pdb_by_site/site_all_56_26_2_2.sdf
26_2,-3.29,-0.47000000000000003,17,,./report/pdb_by_site/site_all_17_26_2_1.sdf
26_2,-3.28,-0.4685714285714285,20,,./report/pdb_by_site/site_all_20_26_2_2.sdf
26_2,-3.26,-0.4657142857142857,57,,./report/pdb_by_site/site_all_57_26_2_1.sdf
26_2,-3.2170000000000005,-0.45957142857142863,17,,./report/pdb_by_site/site_all_17_26_2_2.sdf
26_2,-3.1799999999999997,-0.45428571428571424,41,,./report/pdb_by_site/site_all_41_26_2_1.sdf
26_2,-3.171,-0.45299999999999996,19,,./report/pdb_by_site/site_all_19_26_2_1.sdf
26_2,-3.07,-0.43857142857142856,30,,./report/pdb_by_site/site_all_30_26_2_1.sdf
26_2,-2.9799999999999995,-0.42571428571428566,20,,./report/pdb_by_site/site_all_20_26_2_3.sdf
26_2,-2.94,-0.42,30,,./report/pdb_by_site/site_all_30_26_2_2.sdf
26_2,-2.9130000000000003,-0.4161428571428572,53,,./report/pdb_by_site/site_all_53_26_2_1.sdf
26_2,-2.88,-0.4114285714285714,30,,./report/pdb_by_site/site_all_30_26_2_3.sdf
26_2,-2.88,-0.4114285714285714,27,,./report/pdb_by_site/site_all_27_26_2_2.sdf
26_2,-2.8699999999999997,-0.41,18,,./report/pdb_by_site/site_all_18_26_2_1.sdf
26_2,-2.796,-0.3994285714285714,44,,./report/pdb_by_site/site_all_44_26_2_1.sdf
26_2,-2.794,-0.39914285714285713,19,,./report/pdb_by_site/site_all_19_26_2_2.sdf
26_2,-2.7800000000000002,-0.3971428571428572,10,,./report/pdb_by_site/site_all_10_26_2_3.sdf
26_2,-2.711,-0.3872857142857143,36,,./report/pdb_by_site/site_all_36_26_2_1.sdf
26_2,-2.6959999999999997,-0.3851428571428571,35,,./report/pdb_by_site/site_all_35_26_2_1.sdf
26_2,-2.665,-0.3807142857142857,21,,./report/pdb_by_site/site_all_21_26_2_2.sdf
26_2,-2.6599999999999997,-0.37999999999999995,80,,./report/pdb_by_site/site_all_80_26_2_1.sdf
26_2,-2.58,-0.3685714285714286,57,,./report/pdb_by_site/site_all_57_26_2_2.sdf
26_2,-2.567,-0.3667142857142857,12,,./report/pdb_by_site/site_all_12_26_2_1.sdf
26_2,-2.5460000000000003,-0.36371428571428577,58,,./report/pdb_by_site/site_all_58_26_2_1.sdf
26_2,-2.5210000000000004,-0.3601428571428572,25,,./report/pdb_by_site/site_all_25_26_2_2.sdf
26_2,-2.5199999999999996,-0.35999999999999993,24,,./report/pdb_by_site/site_all_24_26_2_2.sdf
26_2,-2.48,-0.35428571428571426,41,,./report/pdb_by_site/site_all_41_26_2_2.sdf
26_2,-2.47,-0.35285714285714287,38,,./report/pdb_by_site/site_all_38_26_2_1.sdf
26_2,-2.4619999999999997,-0.3517142857142857,26,,./report/pdb_by_site/site_all_26_26_2_1.sdf
26_2,-2.45,-0.35000000000000003,58,,./report/pdb_by_site/site_all_58_26_2_2.sdf
26_2,-2.4210000000000003,-0.3458571428571429,79,,./report/pdb_by_site/site_all_79_26_2_1.sdf
26_2,-2.406,-0.34371428571428575,80,,./report/pdb_by_site/site_all_80_26_2_2.sdf
26_2,-2.383,-0.3404285714285714,10,,./report/pdb_by_site/site_all_10_26_2_4.sdf
26_2,-2.368,-0.33828571428571425,75,,./report/pdb_by_site/site_all_75_26_2_1.sdf
26_2,-2.3609999999999998,-0.33728571428571424,36,,./report/pdb_by_site/site_all_36_26_2_2.sdf
26_2,-2.3400000000000003,-0.33428571428571435,11,,./report/pdb_by_site/site_all_11_26_2_2.sdf
26_2,-2.3369999999999997,-0.3338571428571428,61,,./report/pdb_by_site/site_all_61_26_2_1.sdf
26_2,-2.33,-0.33285714285714285,85,,./report/pdb_by_site/site_all_85_26_2_1.sdf
26_2,-2.3149999999999995,-0.3307142857142856,41,,./report/pdb_by_site/site_all_41_26_2_3.sdf
26_2,-2.31,-0.33,36,,./report/pdb_by_site/site_all_36_26_2_3.sdf
26_2,-2.3099999999999996,-0.32999999999999996,121,,./report/pdb_by_site/site_all_121_26_2_1.sdf
26_2,-2.3099999999999996,-0.32999999999999996,67,,./report/pdb_by_site/site_all_67_26_2_1.sdf
26_2,-2.178,-0.3111428571428571,21,,./report/pdb_by_site/site_all_21_26_2_3.sdf
26_2,-2.162,-0.30885714285714283,74,,./report/pdb_by_site/site_all_74_26_2_1.sdf
26_2,-2.1599999999999997,-0.30857142857142855,121,,./report/pdb_by_site/site_all_121_26_2_2.sdf
26_2,-2.1399999999999997,-0.30571428571428566,77,,./report/pdb_by_site/site_all_77_26_2_1.sdf
26_2,-2.1363,-0.3051857142857143,75,,./report/pdb_by_site/site_all_75_26_2_2.sdf
26_2,-2.121,-0.303,81,,./report/pdb_by_site/site_all_81_26_2_1.sdf
26_2,-2.09,-0.29857142857142854,80,,./report/pdb_by_site/site_all_80_26_2_3.sdf
26_2,-2.0829999999999997,-0.29757142857142854,108,,./report/pdb_by_site/site_all_108_26_2_1.sdf
26_2,-2.0789999999999997,-0.297,132,,./report/pdb_by_site/site_all_132_26_2_1.sdf
26_2,-2.078,-0.2968571428571428,111,,./report/pdb_by_site/site_all_111_26_2_1.sdf
26_2,-2.0760000000000005,-0.29657142857142865,50,,./report/pdb_by_site/site_all_50_26_2_1.sdf
26_2,-2.071,-0.2958571428571429,101,,./report/pdb_by_site/site_all_101_26_2_1.sdf
26_2,-2.06,-0.2942857142857143,81,,./report/pdb_by_site/site_all_81_26_2_2.sdf
26_2,-2.011,-0.2872857142857143,100,,./report/pdb_by_site/site_all_100_26_2_1.sdf
27_1,-5.95,-0.9916666666666667,3,,./report/pdb_by_site/site_all_3_27_1_1.sdf
27_1,-5.25,-0.875,10,,./report/pdb_by_site/site_all_10_27_1_1.sdf
27_1,-4.75,-0.7916666666666666,11,,./report/pdb_by_site/site_all_11_27_1_1.sdf
27_1,-4.7,-0.7833333333333333,21,,./report/pdb_by_site/site_all_21_27_1_1.sdf
27_1,-4.64,-0.7733333333333333,2,,./report/pdb_by_site/site_all_2_27_1_1.sdf
27_1,-4.619999999999999,-0.7699999999999999,5,,./report/pdb_by_site/site_all_5_27_1_1.sdf
27_1,-4.389,-0.7315,9,,./report/pdb_by_site/site_all_9_27_1_1.sdf
27_1,-4.36,-0.7266666666666667,10,,./report/pdb_by_site/site_all_10_27_1_2.sdf
27_1,-4.279999999999999,-0.7133333333333333,2,,./report/pdb_by_site/site_all_2_27_1_2.sdf
27_1,-4.11,-0.685,15,,./report/pdb_by_site/site_all_15_27_1_1.sdf
27_1,-3.87,-0.645,22,,./report/pdb_by_site/site_all_22_27_1_1.sdf
27_1,-3.83,-0.6383333333333333,24,,./report/pdb_by_site/site_all_24_27_1_1.sdf
27_1,-3.6730000000000005,-0.6121666666666667,2,,./report/pdb_by_site/site_all_2_27_1_3.sdf
27_1,-3.6399999999999997,-0.6066666666666666,2,,./report/pdb_by_site/site_all_2_27_1_4.sdf
27_1,-3.5400000000000005,-0.5900000000000001,27,,./report/pdb_by_site/site_all_27_27_1_1.sdf
27_1,-3.5300000000000002,-0.5883333333333334,20,,./report/pdb_by_site/site_all_20_27_1_1.sdf
27_1,-3.5300000000000002,-0.5883333333333334,10,,./report/pdb_by_site/site_all_10_27_1_3.sdf
27_1,-3.4,-0.5666666666666667,5,,./report/pdb_by_site/site_all_5_27_1_2.sdf
27_1,-3.3609999999999998,-0.5601666666666666,15,,./report/pdb_by_site/site_all_15_27_1_2.sdf
27_1,-3.35,-0.5583333333333333,38,,./report/pdb_by_site/site_all_38_27_1_1.sdf
27_1,-3.3200000000000003,-0.5533333333333333,10,,./report/pdb_by_site/site_all_10_27_1_4.sdf
27_1,-3.314,-0.5523333333333333,19,,./report/pdb_by_site/site_all_19_27_1_1.sdf
27_1,-3.3100000000000005,-0.5516666666666667,17,,./report/pdb_by_site/site_all_17_27_1_1.sdf
27_1,-3.31,-0.5516666666666666,3,,./report/pdb_by_site/site_all_3_27_1_2.sdf
27_1,-3.3,-0.5499999999999999,30,,./report/pdb_by_site/site_all_30_27_1_1.sdf
27_1,-3.291,-0.5485,18,,./report/pdb_by_site/site_all_18_27_1_1.sdf
27_1,-3.27,-0.545,20,,./report/pdb_by_site/site_all_20_27_1_2.sdf
27_1,-3.26,-0.5433333333333333,35,,./report/pdb_by_site/site_all_35_27_1_1.sdf
27_1,-3.228,-0.538,44,,./report/pdb_by_site/site_all_44_27_1_1.sdf
27_1,-3.19,-0.5316666666666666,30,,./report/pdb_by_site/site_all_30_27_1_2.sdf
27_1,-3.16,-0.5266666666666667,3,,./report/pdb_by_site/site_all_3_27_1_3.sdf
27_1,-3.1599999999999997,-0.5266666666666666,5,,./report/pdb_by_site/site_all_5_27_1_3.sdf
27_1,-3.1483000000000003,-0.5247166666666667,12,,./report/pdb_by_site/site_all_12_27_1_1.sdf
27_1,-3.0500000000000003,-0.5083333333333334,30,,./report/pdb_by_site/site_all_30_27_1_3.sdf
27_1,-3.0446999999999997,-0.50745,36,,./report/pdb_by_site/site_all_36_27_1_1.sdf
27_1,-2.9909999999999997,-0.49849999999999994,3,,./report/pdb_by_site/site_all_3_27_1_4.sdf
27_1,-2.9530000000000003,-0.4921666666666667,25,,./report/pdb_by_site/site_all_25_27_1_1.sdf
27_1,-2.92,-0.48666666666666664,9,,./report/pdb_by_site/site_all_9_27_1_2.sdf
27_1,-2.89,-0.4816666666666667,56,,./report/pdb_by_site/site_all_56_27_1_1.sdf
27_1,-2.89,-0.4816666666666667,38,,./report/pdb_by_site/site_all_38_27_1_2.sdf
27_1,-2.84,-0.47333333333333333,57,,./report/pdb_by_site/site_all_57_27_1_1.sdf
27_1,-2.834,-0.4723333333333333,56,,./report/pdb_by_site/site_all_56_27_1_2.sdf
27_1,-2.7460000000000004,-0.4576666666666667,77,,./report/pdb_by_site/site_all_77_27_1_1.sdf
27_1,-2.74,-0.4566666666666667,85,,./report/pdb_by_site/site_all_85_27_1_1.sdf
27_1,-2.7319999999999998,-0.4553333333333333,26,,./report/pdb_by_site/site_all_26_27_1_1.sdf
27_1,-2.71,-0.45166666666666666,74,,./report/pdb_by_site/site_all_74_27_1_1.sdf
27_1,-2.7,-0.45,30,,./report/pdb_by_site/site_all_30_27_1_4.sdf
27_1,-2.662,-0.44366666666666665,53,,./report/pdb_by_site/site_all_53_27_1_1.sdf
27_1,-2.63,-0.4383333333333333,85,,./report/pdb_by_site/site_all_85_27_1_2.sdf
27_1,-2.592,-0.432,17,,./report/pdb_by_site/site_all_17_27_1_2.sdf
27_1,-2.51,-0.4183333333333333,79,,./report/pdb_by_site/site_all_79_27_1_1.sdf
27_1,-2.5,-0.4166666666666667,10,,./report/pdb_by_site/site_all_10_27_1_5.sdf
27_1,-2.49,-0.41500000000000004,81,,./report/pdb_by_site/site_all_81_27_1_1.sdf
27_1,-2.48,-0.41333333333333333,65,,./report/pdb_by_site/site_all_65_27_1_1.sdf
27_1,-2.45,-0.4083333333333334,24,,./report/pdb_by_site/site_all_24_27_1_2.sdf
27_1,-2.45,-0.4083333333333334,80,,./report/pdb_by_site/site_all_80_27_1_1.sdf
27_1,-2.4299999999999997,-0.40499999999999997,75,,./report/pdb_by_site/site_all_75_27_1_1.sdf
27_1,-2.4099999999999997,-0.4016666666666666,41,,./report/pdb_by_site/site_all_41_27_1_1.sdf
27_1,-2.37,-0.395,10,,./report/pdb_by_site/site_all_10_27_1_6.sdf
27_1,-2.3600000000000003,-0.39333333333333337,41,,./report/pdb_by_site/site_all_41_27_1_2.sdf
27_1,-2.341,-0.3901666666666667,58,,./report/pdb_by_site/site_all_58_27_1_1.sdf
27_1,-2.3300000000000005,-0.3883333333333334,25,,./report/pdb_by_site/site_all_25_27_1_2.sdf
27_1,-2.3250000000000006,-0.3875000000000001,18,,./report/pdb_by_site/site_all_18_27_1_2.sdf
27_1,-2.31,-0.385,78,,./report/pdb_by_site/site_all_78_27_1_1.sdf
27_1,-2.29,-0.38166666666666665,80,,./report/pdb_by_site/site_all_80_27_1_2.sdf
27_1,-2.29,-0.38166666666666665,49,,./report/pdb_by_site/site_all_49_27_1_1.sdf
27_1,-2.29,-0.38166666666666665,58,,./report/pdb_by_site/site_all_58_27_1_2.sdf
27_1,-2.269,-0.3781666666666667,36,,./report/pdb_by_site/site_all_36_27_1_2.sdf
27_1,-2.246,-0.37433333333333335,75,,./report/pdb_by_site/site_all_75_27_1_2.sdf
27_1,-2.2199999999999998,-0.36999999999999994,57,,./report/pdb_by_site/site_all_57_27_1_2.sdf
27_1,-2.211,-0.3685,24,,./report/pdb_by_site/site_all_24_27_1_3.sdf
27_1,-2.21,-0.36833333333333335,11,,./report/pdb_by_site/site_all_11_27_1_2.sdf
27_1,-2.2030000000000003,-0.3671666666666667,100,,./report/pdb_by_site/site_all_100_27_1_1.sdf
27_1,-2.1400000000000006,-0.35666666666666674,57,,./report/pdb_by_site/site_all_57_27_1_3.sdf
27_1,-2.1399999999999997,-0.35666666666666663,94,,./report/pdb_by_site/site_all_94_27_1_1.sdf
27_1,-2.136,-0.35600000000000004,27,,./report/pdb_by_site/site_all_27_27_1_2.sdf
27_1,-2.1100000000000003,-0.35166666666666674,56,,./report/pdb_by_site/site_all_56_27_1_3.sdf
27_1,-2.11,-0.3516666666666666,34,,./report/pdb_by_site/site_all_34_27_1_1.sdf
27_1,-2.075,-0.3458333333333334,61,,./report/pdb_by_site/site_all_61_27_1_1.sdf
27_1,-2.067,-0.34450000000000003,78,,./report/pdb_by_site/site_all_78_27_1_2.sdf
27_1,-2.0629999999999997,-0.34383333333333327,54,,./report/pdb_by_site/site_all_54_27_1_1.sdf
27_1,-2.0439999999999996,-0.3406666666666666,14,,./report/pdb_by_site/site_all_14_27_1_1.sdf
27_1,-2.0349999999999997,-0.3391666666666666,53,,./report/pdb_by_site/site_all_53_27_1_2.sdf
27_1,-2.0300000000000002,-0.3383333333333334,53,,./report/pdb_by_site/site_all_53_27_1_3.sdf
27_2,-6.9837,-1.16395,39,,./report/pdb_by_site/site_all_39_27_2_1.sdf
27_2,-5.8999999999999995,-0.9833333333333333,4,,./report/pdb_by_site/site_all_4_27_2_1.sdf
27_2,-5.640000000000001,-0.9400000000000001,14,,./report/pdb_by_site/site_all_14_27_2_1.sdf
27_2,-5.364,-0.894,81,,./report/pdb_by_site/site_all_81_27_2_1.sdf
27_2,-5.3100000000000005,-0.8850000000000001,38,,./report/pdb_by_site/site_all_38_27_2_1.sdf
27_2,-5.264000000000001,-0.8773333333333335,4,,./report/pdb_by_site/site_all_4_27_2_2.sdf
27_2,-5.21,-0.8683333333333333,36,,./report/pdb_by_site/site_all_36_27_2_1.sdf
27_2,-4.917999999999999,-0.8196666666666665,13,,./report/pdb_by_site/site_all_13_27_2_1.sdf
27_2,-4.811,-0.8018333333333333,31,,./report/pdb_by_site/site_all_31_27_2_1.sdf
27_2,-4.795000000000001,-0.7991666666666668,13,,./report/pdb_by_site/site_all_13_27_2_2.sdf
27_2,-4.774,-0.7956666666666666,12,,./report/pdb_by_site/site_all_12_27_2_1.sdf
27_2,-4.737299999999999,-0.7895499999999999,12,,./report/pdb_by_site/site_all_12_27_2_2.sdf
27_2,-4.69,-0.7816666666666667,48,,./report/pdb_by_site/site_all_48_27_2_1.sdf
27_2,-4.64,-0.7733333333333333,5,,./report/pdb_by_site/site_all_5_27_2_1.sdf
27_2,-4.4633,-0.7438833333333333,31,,./report/pdb_by_site/site_all_31_27_2_2.sdf
27_2,-4.306,-0.7176666666666667,1,,./report/pdb_by_site/site_all_1_27_2_1.sdf
27_2,-4.239999999999999,-0.7066666666666666,15,,./report/pdb_by_site/site_all_15_27_2_1.sdf
27_2,-4.159999999999999,-0.6933333333333332,14,,./report/pdb_by_site/site_all_14_27_2_2.sdf
27_2,-4.11,-0.685,9,,./report/pdb_by_site/site_all_9_27_2_1.sdf
27_2,-4.088,-0.6813333333333333,38,,./report/pdb_by_site/site_all_38_27_2_2.sdf
27_2,-4.047000000000001,-0.6745000000000001,55,,./report/pdb_by_site/site_all_55_27_2_1.sdf
27_2,-4.034,-0.6723333333333333,40,,./report/pdb_by_site/site_all_40_27_2_1.sdf
27_2,-4.019,-0.6698333333333334,65,,./report/pdb_by_site/site_all_65_27_2_1.sdf
27_2,-4.011,-0.6685,35,,./report/pdb_by_site/site_all_35_27_2_1.sdf
27_2,-3.9309999999999996,-0.6551666666666666,9,,./report/pdb_by_site/site_all_9_27_2_2.sdf
27_2,-3.9299999999999997,-0.6549999999999999,4,,./report/pdb_by_site/site_all_4_27_2_3.sdf
27_2,-3.8869999999999996,-0.6478333333333333,53,,./report/pdb_by_site/site_all_53_27_2_1.sdf
27_2,-3.8517,-0.64195,36,,./report/pdb_by_site/site_all_36_27_2_2.sdf
27_2,-3.8357,-0.6392833333333333,29,,./report/pdb_by_site/site_all_29_27_2_1.sdf
27_2,-3.8000000000000003,-0.6333333333333334,15,,./report/pdb_by_site/site_all_15_27_2_2.sdf
27_2,-3.7849999999999997,-0.6308333333333332,78,,./report/pdb_by_site/site_all_78_27_2_1.sdf
27_2,-3.784,-0.6306666666666666,81,,./report/pdb_by_site/site_all_81_27_2_2.sdf
27_2,-3.77,-0.6283333333333333,4,,./report/pdb_by_site/site_all_4_27_2_4.sdf
27_2,-3.6300000000000003,-0.6050000000000001,22,,./report/pdb_by_site/site_all_22_27_2_1.sdf
27_2,-3.5980000000000003,-0.5996666666666667,6,,./report/pdb_by_site/site_all_6_27_2_1.sdf
27_2,-3.5600000000000005,-0.5933333333333334,8,,./report/pdb_by_site/site_all_8_27_2_1.sdf
27_2,-3.5500000000000003,-0.5916666666666667,14,,./report/pdb_by_site/site_all_14_27_2_3.sdf
27_2,-3.53,-0.5883333333333333,9,,./report/pdb_by_site/site_all_9_27_2_3.sdf
27_2,-3.512,-0.5853333333333334,18,,./report/pdb_by_site/site_all_18_27_2_1.sdf
27_2,-3.442,-0.5736666666666667,69,,./report/pdb_by_site/site_all_69_27_2_1.sdf
27_2,-3.43,-0.5716666666666667,60,,./report/pdb_by_site/site_all_60_27_2_1.sdf
27_2,-3.4229999999999996,-0.5704999999999999,28,,./report/pdb_by_site/site_all_28_27_2_1.sdf
27_2,-3.4119999999999995,-0.5686666666666665,81,,./report/pdb_by_site/site_all_81_27_2_3.sdf
27_2,-3.386,-0.5643333333333334,33,,./report/pdb_by_site/site_all_33_27_2_1.sdf
27_2,-3.36,-0.5599999999999999,21,,./report/pdb_by_site/site_all_21_27_2_1.sdf
27_2,-3.355,-0.5591666666666667,106,,./report/pdb_by_site/site_all_106_27_2_1.sdf
27_2,-3.3529999999999998,-0.5588333333333333,64,,./report/pdb_by_site/site_all_64_27_2_1.sdf
27_2,-3.3500000000000005,-0.5583333333333335,38,,./report/pdb_by_site/site_all_38_27_2_3.sdf
27_2,-3.3299999999999996,-0.5549999999999999,33,,./report/pdb_by_site/site_all_33_27_2_2.sdf
27_2,-3.2837,-0.5472833333333333,60,,./report/pdb_by_site/site_all_60_27_2_2.sdf
27_2,-3.27,-0.545,5,,./report/pdb_by_site/site_all_5_27_2_2.sdf
27_2,-3.2297000000000002,-0.5382833333333333,69,,./report/pdb_by_site/site_all_69_27_2_2.sdf
27_2,-3.2199999999999998,-0.5366666666666666,36,,./report/pdb_by_site/site_all_36_27_2_3.sdf
27_2,-3.2163000000000004,-0.53605,83,,./report/pdb_by_site/site_all_83_27_2_1.sdf
27_2,-3.197,-0.5328333333333334,4,,./report/pdb_by_site/site_all_4_27_2_5.sdf
27_2,-3.1400000000000006,-0.5233333333333334,15,,./report/pdb_by_site/site_all_15_27_2_3.sdf
27_2,-3.113,-0.5188333333333334,108,,./report/pdb_by_site/site_all_108_27_2_1.sdf
27_2,-3.103,-0.5171666666666667,58,,./report/pdb_by_site/site_all_58_27_2_1.sdf
27_2,-3.0900000000000003,-0.515,42,,./report/pdb_by_site/site_all_42_27_2_1.sdf
27_2,-3.088,-0.5146666666666667,25,,./report/pdb_by_site/site_all_25_27_2_1.sdf
27_2,-3.073,-0.5121666666666667,62,,./report/pdb_by_site/site_all_62_27_2_1.sdf
27_2,-3.0719999999999996,-0.5119999999999999,74,,./report/pdb_by_site/site_all_74_27_2_1.sdf
27_2,-3.06,-0.51,81,,./report/pdb_by_site/site_all_81_27_2_4.sdf
27_2,-3.0357000000000003,-0.50595,97,,./report/pdb_by_site/site_all_97_27_2_1.sdf
27_2,-3.001,-0.5001666666666666,44,,./report/pdb_by_site/site_all_44_27_2_1.sdf
27_2,-2.966,-0.49433333333333335,16,,./report/pdb_by_site/site_all_16_27_2_1.sdf
27_2,-2.956,-0.49266666666666664,39,,./report/pdb_by_site/site_all_39_27_2_2.sdf
27_2,-2.947,-0.4911666666666667,76,,./report/pdb_by_site/site_all_76_27_2_1.sdf
27_2,-2.9400000000000004,-0.49000000000000005,86,,./report/pdb_by_site/site_all_86_27_2_1.sdf
27_2,-2.8469999999999995,-0.4744999999999999,58,,./report/pdb_by_site/site_all_58_27_2_2.sdf
27_2,-2.8310000000000004,-0.4718333333333334,27,,./report/pdb_by_site/site_all_27_27_2_1.sdf
27_2,-2.83,-0.4716666666666667,2,,./report/pdb_by_site/site_all_2_27_2_1.sdf
27_2,-2.8209999999999997,-0.4701666666666666,42,,./report/pdb_by_site/site_all_42_27_2_2.sdf
27_2,-2.785,-0.46416666666666667,22,,./report/pdb_by_site/site_all_22_27_2_2.sdf
27_2,-2.771,-0.4618333333333333,65,,./report/pdb_by_site/site_all_65_27_2_2.sdf
27_2,-2.7303,-0.45505,92,,./report/pdb_by_site/site_all_92_27_2_1.sdf
27_2,-2.719,-0.45316666666666666,47,,./report/pdb_by_site/site_all_47_27_2_1.sdf
27_2,-2.716,-0.4526666666666667,16,,./report/pdb_by_site/site_all_16_27_2_2.sdf
27_2,-2.7000000000000006,-0.4500000000000001,58,,./report/pdb_by_site/site_all_58_27_2_3.sdf
27_2,-2.694,-0.449,26,,./report/pdb_by_site/site_all_26_27_2_1.sdf
27_2,-2.681,-0.44683333333333336,52,,./report/pdb_by_site/site_all_52_27_2_1.sdf
27_2,-2.6793000000000005,-0.44655000000000006,22,,./report/pdb_by_site/site_all_22_27_2_3.sdf
27_2,-2.636,-0.43933333333333335,47,,./report/pdb_by_site/site_all_47_27_2_2.sdf
27_2,-2.612,-0.43533333333333335,42,,./report/pdb_by_site/site_all_42_27_2_3.sdf
27_2,-2.5760000000000005,-0.4293333333333334,106,,./report/pdb_by_site/site_all_106_27_2_2.sdf
27_2,-2.573,-0.42883333333333334,78,,./report/pdb_by_site/site_all_78_27_2_2.sdf
27_2,-2.5380000000000003,-0.42300000000000004,62,,./report/pdb_by_site/site_all_62_27_2_2.sdf
27_2,-2.526,-0.421,42,,./report/pdb_by_site/site_all_42_27_2_4.sdf
27_2,-2.502,-0.417,68,,./report/pdb_by_site/site_all_68_27_2_1.sdf
27_2,-2.488,-0.4146666666666667,112,,./report/pdb_by_site/site_all_112_27_2_1.sdf
27_2,-2.4299999999999997,-0.40499999999999997,5,,./report/pdb_by_site/site_all_5_27_2_3.sdf
27_2,-2.4200000000000004,-0.4033333333333334,92,,./report/pdb_by_site/site_all_92_27_2_2.sdf
27_2,-2.3999999999999995,-0.3999999999999999,89,,./report/pdb_by_site/site_all_89_27_2_1.sdf
27_2,-2.3860000000000006,-0.3976666666666668,46,,./report/pdb_by_site/site_all_46_27_2_1.sdf
27_2,-2.3600000000000003,-0.39333333333333337,118,,./report/pdb_by_site/site_all_118_27_2_1.sdf
27_2,-2.327,-0.3878333333333333,62,,./report/pdb_by_site/site_all_62_27_2_3.sdf
27_2,-2.302,-0.38366666666666666,73,,./report/pdb_by_site/site_all_73_27_2_1.sdf
27_2,-2.2979999999999996,-0.38299999999999995,110,,./report/pdb_by_site/site_all_110_27_2_1.sdf
27_2,-2.2947000000000006,-0.3824500000000001,106,,./report/pdb_by_site/site_all_106_27_2_3.sdf
27_2,-2.234,-0.37233333333333335,119,,./report/pdb_by_site/site_all_119_27_2_1.sdf
27_2,-2.23,-0.37166666666666665,118,,./report/pdb_by_site/site_all_118_27_2_2.sdf
27_2,-2.213,-0.36883333333333335,112,,./report/pdb_by_site/site_all_112_27_2_2.sdf
27_2,-2.1830000000000003,-0.3638333333333334,36,,./report/pdb_by_site/site_all_36_27_2_4.sdf
27_2,-2.116,-0.3526666666666667,77,,./report/pdb_by_site/site_all_77_27_2_1.sdf
27_2,-2.1000000000000005,-0.3500000000000001,25,,./report/pdb_by_site/site_all_25_27_2_2.sdf
27_2,-2.1,-0.35000000000000003,17,,./report/pdb_by_site/site_all_17_27_2_1.sdf
27_2,-2.0847,-0.34745000000000004,131,,./report/pdb_by_site/site_all_131_27_2_1.sdf
27_2,-2.07,-0.345,135,,./report/pdb_by_site/site_all_135_27_2_1.sdf
27_2,-2.022,-0.33699999999999997,116,,./report/pdb_by_site/site_all_116_27_2_1.sdf
27_2,-2.02,-0.33666666666666667,9,,./report/pdb_by_site/site_all_9_27_2_4.sdf
28_1,-4.84,-0.968,3,,./report/pdb_by_site/site_all_3_28_1_1.sdf
28_1,-4.04,-0.808,4,,./report/pdb_by_site/site_all_4_28_1_1.sdf
28_1,-3.92,-0.784,11,,./report/pdb_by_site/site_all_11_28_1_1.sdf
28_1,-3.84,-0.768,21,,./report/pdb_by_site/site_all_21_28_1_1.sdf
28_1,-3.7800000000000002,-0.756,5,,./report/pdb_by_site/site_all_5_28_1_1.sdf
28_1,-3.74,-0.748,5,,./report/pdb_by_site/site_all_5_28_1_2.sdf
28_1,-3.74,-0.748,9,,./report/pdb_by_site/site_all_9_28_1_1.sdf
28_1,-3.66,-0.732,2,,./report/pdb_by_site/site_all_2_28_1_1.sdf
28_1,-3.63,-0.726,4,,./report/pdb_by_site/site_all_4_28_1_2.sdf
28_1,-3.5999999999999996,-0.72,15,,./report/pdb_by_site/site_all_15_28_1_1.sdf
28_1,-3.48,-0.696,2,,./report/pdb_by_site/site_all_2_28_1_2.sdf
28_1,-3.26,-0.6519999999999999,10,,./report/pdb_by_site/site_all_10_28_1_1.sdf
28_1,-3.17,-0.634,61,,./report/pdb_by_site/site_all_61_28_1_1.sdf
28_1,-3.1,-0.62,24,,./report/pdb_by_site/site_all_24_28_1_1.sdf
28_1,-2.99,-0.5980000000000001,22,,./report/pdb_by_site/site_all_22_28_1_1.sdf
28_1,-2.9400000000000004,-0.5880000000000001,17,,./report/pdb_by_site/site_all_17_28_1_1.sdf
28_1,-2.93,-0.5860000000000001,27,,./report/pdb_by_site/site_all_27_28_1_1.sdf
28_1,-2.83,-0.5660000000000001,20,,./report/pdb_by_site/site_all_20_28_1_1.sdf
28_1,-2.78,-0.5559999999999999,18,,./report/pdb_by_site/site_all_18_28_1_1.sdf
28_1,-2.7700000000000005,-0.554,3,,./report/pdb_by_site/site_all_3_28_1_2.sdf
28_1,-2.76,-0.5519999999999999,2,,./report/pdb_by_site/site_all_2_28_1_3.sdf
28_1,-2.67,-0.534,20,,./report/pdb_by_site/site_all_20_28_1_2.sdf
28_1,-2.66,-0.532,38,,./report/pdb_by_site/site_all_38_28_1_1.sdf
28_1,-2.6100000000000003,-0.522,19,,./report/pdb_by_site/site_all_19_28_1_1.sdf
28_1,-2.61,-0.522,25,,./report/pdb_by_site/site_all_25_28_1_1.sdf
28_1,-2.6,-0.52,12,,./report/pdb_by_site/site_all_12_28_1_1.sdf
28_1,-2.5900000000000003,-0.518,35,,./report/pdb_by_site/site_all_35_28_1_1.sdf
28_1,-2.59,-0.518,2,,./report/pdb_by_site/site_all_2_28_1_4.sdf
28_1,-2.58,-0.516,34,,./report/pdb_by_site/site_all_34_28_1_1.sdf
28_1,-2.57,-0.514,5,,./report/pdb_by_site/site_all_5_28_1_3.sdf
28_1,-2.56,-0.512,44,,./report/pdb_by_site/site_all_44_28_1_1.sdf
28_1,-2.55,-0.51,5,,./report/pdb_by_site/site_all_5_28_1_4.sdf
28_1,-2.54,-0.508,3,,./report/pdb_by_site/site_all_3_28_1_3.sdf
28_1,-2.4749999999999996,-0.49499999999999994,9,,./report/pdb_by_site/site_all_9_28_1_2.sdf
28_1,-2.4699999999999998,-0.49399999999999994,30,,./report/pdb_by_site/site_all_30_28_1_1.sdf
28_1,-2.43,-0.48600000000000004,57,,./report/pdb_by_site/site_all_57_28_1_1.sdf
28_1,-2.38,-0.476,75,,./report/pdb_by_site/site_all_75_28_1_1.sdf
28_1,-2.34,-0.46799999999999997,22,,./report/pdb_by_site/site_all_22_28_1_2.sdf
28_1,-2.3200000000000003,-0.4640000000000001,30,,./report/pdb_by_site/site_all_30_28_1_2.sdf
28_1,-2.3200000000000003,-0.4640000000000001,10,,./report/pdb_by_site/site_all_10_28_1_2.sdf
28_1,-2.3,-0.45999999999999996,24,,./report/pdb_by_site/site_all_24_28_1_2.sdf
28_1,-2.22,-0.44400000000000006,74,,./report/pdb_by_site/site_all_74_28_1_1.sdf
28_1,-2.217,-0.4434,10,,./report/pdb_by_site/site_all_10_28_1_3.sdf
28_1,-2.17,-0.434,36,,./report/pdb_by_site/site_all_36_28_1_1.sdf
28_1,-2.16,-0.43200000000000005,56,,./report/pdb_by_site/site_all_56_28_1_1.sdf
28_1,-2.101,-0.4202,26,,./report/pdb_by_site/site_all_26_28_1_1.sdf
28_1,-2.0999999999999996,-0.41999999999999993,77,,./report/pdb_by_site/site_all_77_28_1_1.sdf
28_1,-2.0999999999999996,-0.41999999999999993,5,,./report/pdb_by_site/site_all_5_28_1_5.sdf
28_1,-2.08,-0.41600000000000004,41,,./report/pdb_by_site/site_all_41_28_1_1.sdf
28_1,-2.0700000000000003,-0.41400000000000003,41,,./report/pdb_by_site/site_all_41_28_1_2.sdf
28_1,-2.06,-0.41200000000000003,77,,./report/pdb_by_site/site_all_77_28_1_2.sdf
28_1,-2.0540000000000003,-0.41080000000000005,56,,./report/pdb_by_site/site_all_56_28_1_2.sdf
28_1,-2.05,-0.41,80,,./report/pdb_by_site/site_all_80_28_1_1.sdf
28_1,-2.05,-0.41,85,,./report/pdb_by_site/site_all_85_28_1_1.sdf
28_1,-2.04,-0.40800000000000003,10,,./report/pdb_by_site/site_all_10_28_1_4.sdf
28_1,-2.02,-0.404,58,,./report/pdb_by_site/site_all_58_28_1_1.sdf
28_1,-2.02,-0.404,10,,./report/pdb_by_site/site_all_10_28_1_5.sdf
28_1,-2.019,-0.40380000000000005,2,,./report/pdb_by_site/site_all_2_28_1_5.sdf
28_1,-2.0100000000000002,-0.402,25,,./report/pdb_by_site/site_all_25_28_1_2.sdf
28_2,-3.604,-0.7208,19,,./report/pdb_by_site/site_all_19_28_2_1.sdf
28_2,-3.0300000000000002,-0.6060000000000001,38,,./report/pdb_by_site/site_all_38_28_2_1.sdf
28_2,-2.9400000000000004,-0.5880000000000001,14,,./report/pdb_by_site/site_all_14_28_2_1.sdf
28_2,-2.82,-0.564,36,,./report/pdb_by_site/site_all_36_28_2_1.sdf
28_2,-2.79,-0.558,4,,./report/pdb_by_site/site_all_4_28_2_1.sdf
28_2,-2.6380000000000003,-0.5276000000000001,81,,./report/pdb_by_site/site_all_81_28_2_1.sdf
28_2,-2.618,-0.5236,36,,./report/pdb_by_site/site_all_36_28_2_2.sdf
28_2,-2.563,-0.5126000000000001,31,,./report/pdb_by_site/site_all_31_28_2_1.sdf
28_2,-2.532,-0.5064,4,,./report/pdb_by_site/site_all_4_28_2_2.sdf
28_2,-2.5,-0.5,5,,./report/pdb_by_site/site_all_5_28_2_1.sdf
28_2,-2.408,-0.4816,18,,./report/pdb_by_site/site_all_18_28_2_1.sdf
28_2,-2.348,-0.46959999999999996,13,,./report/pdb_by_site/site_all_13_28_2_1.sdf
28_2,-2.347,-0.4694,31,,./report/pdb_by_site/site_all_31_28_2_2.sdf
28_2,-2.3400000000000003,-0.4680000000000001,81,,./report/pdb_by_site/site_all_81_28_2_2.sdf
28_2,-2.332,-0.4664,12,,./report/pdb_by_site/site_all_12_28_2_1.sdf
28_2,-2.303,-0.4606,12,,./report/pdb_by_site/site_all_12_28_2_2.sdf
28_2,-2.3000000000000003,-0.4600000000000001,38,,./report/pdb_by_site/site_all_38_28_2_2.sdf
28_2,-2.29,-0.458,12,,./report/pdb_by_site/site_all_12_28_2_3.sdf
28_2,-2.281,-0.45620000000000005,39,,./report/pdb_by_site/site_all_39_28_2_1.sdf
28_2,-2.2727000000000004,-0.45454000000000006,24,,./report/pdb_by_site/site_all_24_28_2_1.sdf
28_2,-2.25,-0.45,5,,./report/pdb_by_site/site_all_5_28_2_2.sdf
28_2,-2.2347,-0.44694,36,,./report/pdb_by_site/site_all_36_28_2_3.sdf
28_2,-2.2,-0.44000000000000006,5,,./report/pdb_by_site/site_all_5_28_2_3.sdf
28_2,-2.167,-0.43339999999999995,9,,./report/pdb_by_site/site_all_9_28_2_1.sdf
28_2,-2.16,-0.43200000000000005,21,,./report/pdb_by_site/site_all_21_28_2_1.sdf
28_2,-2.157,-0.4314,81,,./report/pdb_by_site/site_all_81_28_2_3.sdf
28_2,-2.149,-0.4298,40,,./report/pdb_by_site/site_all_40_28_2_1.sdf
28_2,-2.1399999999999997,-0.42799999999999994,35,,./report/pdb_by_site/site_all_35_28_2_1.sdf
28_2,-2.12,-0.42400000000000004,2,,./report/pdb_by_site/site_all_2_28_2_1.sdf
28_2,-2.1020000000000003,-0.42040000000000005,19,,./report/pdb_by_site/site_all_19_28_2_2.sdf
28_2,-2.1,-0.42000000000000004,15,,./report/pdb_by_site/site_all_15_28_2_1.sdf
28_2,-2.0989999999999998,-0.41979999999999995,65,,./report/pdb_by_site/site_all_65_28_2_1.sdf
28_2,-2.0829999999999997,-0.41659999999999997,12,,./report/pdb_by_site/site_all_12_28_2_4.sdf
28_2,-2.077,-0.4154,53,,./report/pdb_by_site/site_all_53_28_2_1.sdf
28_2,-2.056,-0.4112,15,,./report/pdb_by_site/site_all_15_28_2_2.sdf
28_2,-2.04,-0.40800000000000003,48,,./report/pdb_by_site/site_all_48_28_2_1.sdf
28_2,-2.04,-0.40800000000000003,38,,./report/pdb_by_site/site_all_38_28_2_3.sdf
28_2,-2.02,-0.404,22,,./report/pdb_by_site/site_all_22_28_2_1.sdf
28_2,-2.012,-0.4024,55,,./report/pdb_by_site/site_all_55_28_2_1.sdf
29_1,-5.45,-0.7785714285714286,3,,./report/pdb_by_site/site_all_3_29_1_1.sdf
29_1,-5.27,-0.7528571428571428,10,,./report/pdb_by_site/site_all_10_29_1_1.sdf
29_1,-4.76,-0.6799999999999999,9,,./report/pdb_by_site/site_all_9_29_1_1.sdf
29_1,-4.41,-0.63,11,,./report/pdb_by_site/site_all_11_29_1_1.sdf
29_1,-4.220000000000001,-0.602857142857143,10,,./report/pdb_by_site/site_all_10_29_1_2.sdf
29_1,-4.15,-0.5928571428571429,5,,./report/pdb_by_site/site_all_5_29_1_1.sdf
29_1,-4.101,-0.5858571428571429,10,,./report/pdb_by_site/site_all_10_29_1_3.sdf
29_1,-4.07,-0.5814285714285715,5,,./report/pdb_by_site/site_all_5_29_1_2.sdf
29_1,-3.852,-0.5502857142857143,21,,./report/pdb_by_site/site_all_21_29_1_1.sdf
29_1,-3.8450000000000006,-0.5492857142857144,2,,./report/pdb_by_site/site_all_2_29_1_1.sdf
29_1,-3.8,-0.5428571428571428,2,,./report/pdb_by_site/site_all_2_29_1_2.sdf
29_1,-3.74,-0.5342857142857144,24,,./report/pdb_by_site/site_all_24_29_1_1.sdf
29_1,-3.48,-0.49714285714285716,5,,./report/pdb_by_site/site_all_5_29_1_3.sdf
29_1,-3.47,-0.4957142857142857,27,,./report/pdb_by_site/site_all_27_29_1_1.sdf
29_1,-3.45,-0.4928571428571429,24,,./report/pdb_by_site/site_all_24_29_1_2.sdf
29_1,-3.4299999999999997,-0.48999999999999994,17,,./report/pdb_by_site/site_all_17_29_1_1.sdf
29_1,-3.37,-0.48142857142857143,3,,./report/pdb_by_site/site_all_3_29_1_2.sdf
29_1,-3.29,-0.47000000000000003,19,,./report/pdb_by_site/site_all_19_29_1_1.sdf
29_1,-3.21,-0.4585714285714286,20,,./report/pdb_by_site/site_all_20_29_1_1.sdf
29_1,-3.2,-0.4571428571428572,18,,./report/pdb_by_site/site_all_18_29_1_1.sdf
29_1,-3.198,-0.45685714285714285,12,,./report/pdb_by_site/site_all_12_29_1_1.sdf
29_1,-3.18,-0.4542857142857143,25,,./report/pdb_by_site/site_all_25_29_1_1.sdf
29_1,-3.157,-0.451,22,,./report/pdb_by_site/site_all_22_29_1_1.sdf
29_1,-3.0999999999999996,-0.4428571428571428,77,,./report/pdb_by_site/site_all_77_29_1_1.sdf
29_1,-3.0829999999999997,-0.4404285714285714,38,,./report/pdb_by_site/site_all_38_29_1_1.sdf
29_1,-3.0813,-0.4401857142857143,20,,./report/pdb_by_site/site_all_20_29_1_2.sdf
29_1,-3.071,-0.4387142857142857,12,,./report/pdb_by_site/site_all_12_29_1_2.sdf
29_1,-3.0500000000000003,-0.4357142857142858,56,,./report/pdb_by_site/site_all_56_29_1_1.sdf
29_1,-3.026,-0.4322857142857143,30,,./report/pdb_by_site/site_all_30_29_1_1.sdf
29_1,-3.0140000000000002,-0.4305714285714286,17,,./report/pdb_by_site/site_all_17_29_1_2.sdf
29_1,-2.958,-0.4225714285714286,30,,./report/pdb_by_site/site_all_30_29_1_2.sdf
29_1,-2.941,-0.4201428571428571,53,,./report/pdb_by_site/site_all_53_29_1_1.sdf
29_1,-2.883,-0.41185714285714287,38,,./report/pdb_by_site/site_all_38_29_1_2.sdf
29_1,-2.865,-0.4092857142857143,57,,./report/pdb_by_site/site_all_57_29_1_1.sdf
29_1,-2.86,-0.40857142857142853,24,,./report/pdb_by_site/site_all_24_29_1_3.sdf
29_1,-2.8373,-0.4053285714285714,26,,./report/pdb_by_site/site_all_26_29_1_1.sdf
29_1,-2.745,-0.3921428571428572,41,,./report/pdb_by_site/site_all_41_29_1_1.sdf
29_1,-2.721,-0.38871428571428573,44,,./report/pdb_by_site/site_all_44_29_1_1.sdf
29_1,-2.71,-0.3871428571428571,56,,./report/pdb_by_site/site_all_56_29_1_2.sdf
29_1,-2.6899999999999995,-0.38428571428571423,74,,./report/pdb_by_site/site_all_74_29_1_1.sdf
29_1,-2.651,-0.37871428571428567,35,,./report/pdb_by_site/site_all_35_29_1_1.sdf
29_1,-2.6100000000000003,-0.3728571428571429,79,,./report/pdb_by_site/site_all_79_29_1_1.sdf
29_1,-2.58,-0.3685714285714286,9,,./report/pdb_by_site/site_all_9_29_1_2.sdf
29_1,-2.56,-0.3657142857142857,41,,./report/pdb_by_site/site_all_41_29_1_2.sdf
29_1,-2.52,-0.36,70,,./report/pdb_by_site/site_all_70_29_1_1.sdf
29_1,-2.512,-0.3588571428571429,3,,./report/pdb_by_site/site_all_3_29_1_3.sdf
29_1,-2.475,-0.3535714285714286,75,,./report/pdb_by_site/site_all_75_29_1_1.sdf
29_1,-2.47,-0.35285714285714287,77,,./report/pdb_by_site/site_all_77_29_1_2.sdf
29_1,-2.469,-0.3527142857142857,36,,./report/pdb_by_site/site_all_36_29_1_1.sdf
29_1,-2.447,-0.3495714285714286,74,,./report/pdb_by_site/site_all_74_29_1_2.sdf
29_1,-2.436,-0.348,15,,./report/pdb_by_site/site_all_15_29_1_1.sdf
29_1,-2.41,-0.3442857142857143,58,,./report/pdb_by_site/site_all_58_29_1_1.sdf
29_1,-2.4019999999999997,-0.3431428571428571,80,,./report/pdb_by_site/site_all_80_29_1_1.sdf
29_1,-2.3907,-0.3415285714285714,19,,./report/pdb_by_site/site_all_19_29_1_2.sdf
29_1,-2.359,-0.337,81,,./report/pdb_by_site/site_all_81_29_1_1.sdf
29_1,-2.3040000000000003,-0.3291428571428572,85,,./report/pdb_by_site/site_all_85_29_1_1.sdf
29_1,-2.2760000000000002,-0.3251428571428572,34,,./report/pdb_by_site/site_all_34_29_1_1.sdf
29_1,-2.19,-0.31285714285714283,57,,./report/pdb_by_site/site_all_57_29_1_2.sdf
29_1,-2.1860000000000004,-0.31228571428571433,50,,./report/pdb_by_site/site_all_50_29_1_1.sdf
29_1,-2.17,-0.31,41,,./report/pdb_by_site/site_all_41_29_1_3.sdf
29_1,-2.153,-0.30757142857142855,25,,./report/pdb_by_site/site_all_25_29_1_2.sdf
29_1,-2.073,-0.29614285714285715,58,,./report/pdb_by_site/site_all_58_29_1_2.sdf
29_1,-2.04,-0.2914285714285714,111,,./report/pdb_by_site/site_all_111_29_1_1.sdf
29_1,-2.031,-0.29014285714285715,67,,./report/pdb_by_site/site_all_67_29_1_1.sdf
29_1,-2.023,-0.28900000000000003,25,,./report/pdb_by_site/site_all_25_29_1_3.sdf
29_1,-2.0189999999999997,-0.28842857142857137,108,,./report/pdb_by_site/site_all_108_29_1_1.sdf
29_1,-2.011,-0.2872857142857143,56,,./report/pdb_by_site/site_all_56_29_1_3.sdf
29_1,-2.0073000000000003,-0.2867571428571429,109,,./report/pdb_by_site/site_all_109_29_1_1.sdf
29_2,-6.8027,-0.9718142857142856,19,,./report/pdb_by_site/site_all_19_29_2_1.sdf
29_2,-6.68,-0.9542857142857143,4,,./report/pdb_by_site/site_all_4_29_2_1.sdf
29_2,-6.072,-0.8674285714285714,13,,./report/pdb_by_site/site_all_13_29_2_1.sdf
29_2,-6.01,-0.8585714285714285,5,,./report/pdb_by_site/site_all_5_29_2_1.sdf
29_2,-5.8753,-0.8393285714285714,14,,./report/pdb_by_site/site_all_14_29_2_1.sdf
29_2,-5.84,-0.8342857142857143,36,,./report/pdb_by_site/site_all_36_29_2_1.sdf
29_2,-5.82,-0.8314285714285715,5,,./report/pdb_by_site/site_all_5_29_2_2.sdf
29_2,-5.6667000000000005,-0.8095285714285715,38,,./report/pdb_by_site/site_all_38_29_2_1.sdf
29_2,-5.470000000000001,-0.7814285714285715,12,,./report/pdb_by_site/site_all_12_29_2_1.sdf
29_2,-5.470000000000001,-0.7814285714285715,31,,./report/pdb_by_site/site_all_31_29_2_1.sdf
29_2,-5.446,-0.7779999999999999,36,,./report/pdb_by_site/site_all_36_29_2_2.sdf
29_2,-5.4,-0.7714285714285715,15,,./report/pdb_by_site/site_all_15_29_2_1.sdf
29_2,-5.390000000000001,-0.7700000000000001,7,,./report/pdb_by_site/site_all_7_29_2_1.sdf
29_2,-5.33,-0.7614285714285715,4,,./report/pdb_by_site/site_all_4_29_2_2.sdf
29_2,-5.276,-0.7537142857142857,36,,./report/pdb_by_site/site_all_36_29_2_3.sdf
29_2,-5.026,-0.718,81,,./report/pdb_by_site/site_all_81_29_2_1.sdf
29_2,-4.99,-0.7128571428571429,22,,./report/pdb_by_site/site_all_22_29_2_1.sdf
29_2,-4.975,-0.7107142857142856,16,,./report/pdb_by_site/site_all_16_29_2_1.sdf
29_2,-4.859999999999999,-0.6942857142857142,48,,./report/pdb_by_site/site_all_48_29_2_1.sdf
29_2,-4.77,-0.6814285714285714,35,,./report/pdb_by_site/site_all_35_29_2_1.sdf
29_2,-4.75,-0.6785714285714286,9,,./report/pdb_by_site/site_all_9_29_2_1.sdf
29_2,-4.626,-0.6608571428571429,65,,./report/pdb_by_site/site_all_65_29_2_1.sdf
29_2,-4.502000000000001,-0.6431428571428572,2,,./report/pdb_by_site/site_all_2_29_2_1.sdf
29_2,-4.473,-0.639,12,,./report/pdb_by_site/site_all_12_29_2_2.sdf
29_2,-4.4433,-0.6347571428571428,40,,./report/pdb_by_site/site_all_40_29_2_1.sdf
29_2,-4.417999999999999,-0.631142857142857,78,,./report/pdb_by_site/site_all_78_29_2_1.sdf
29_2,-4.413,-0.6304285714285714,9,,./report/pdb_by_site/site_all_9_29_2_2.sdf
29_2,-4.41,-0.63,34,,./report/pdb_by_site/site_all_34_29_2_1.sdf
29_2,-4.35433,-0.6220471428571429,53,,./report/pdb_by_site/site_all_53_29_2_1.sdf
29_2,-4.2379999999999995,-0.6054285714285713,65,,./report/pdb_by_site/site_all_65_29_2_2.sdf
29_2,-4.204,-0.6005714285714285,13,,./report/pdb_by_site/site_all_13_29_2_2.sdf
29_2,-4.042,-0.5774285714285714,109,,./report/pdb_by_site/site_all_109_29_2_1.sdf
29_2,-4.037,-0.5767142857142857,55,,./report/pdb_by_site/site_all_55_29_2_1.sdf
29_2,-4.0,-0.5714285714285714,38,,./report/pdb_by_site/site_all_38_29_2_2.sdf
29_2,-3.99,-0.5700000000000001,27,,./report/pdb_by_site/site_all_27_29_2_1.sdf
29_2,-3.937,-0.5624285714285714,15,,./report/pdb_by_site/site_all_15_29_2_2.sdf
29_2,-3.902,-0.5574285714285715,69,,./report/pdb_by_site/site_all_69_29_2_1.sdf
29_2,-3.899,-0.557,11,,./report/pdb_by_site/site_all_11_29_2_1.sdf
29_2,-3.8899999999999997,-0.5557142857142857,60,,./report/pdb_by_site/site_all_60_29_2_1.sdf
29_2,-3.83,-0.5471428571428572,28,,./report/pdb_by_site/site_all_28_29_2_1.sdf
29_2,-3.8019999999999996,-0.543142857142857,25,,./report/pdb_by_site/site_all_25_29_2_1.sdf
29_2,-3.7799999999999994,-0.5399999999999999,17,,./report/pdb_by_site/site_all_17_29_2_1.sdf
29_2,-3.776,-0.5394285714285714,65,,./report/pdb_by_site/site_all_65_29_2_3.sdf
29_2,-3.7150000000000003,-0.5307142857142858,58,,./report/pdb_by_site/site_all_58_29_2_1.sdf
29_2,-3.6100000000000003,-0.5157142857142858,3,,./report/pdb_by_site/site_all_3_29_2_1.sdf
29_2,-3.604,-0.5148571428571429,69,,./report/pdb_by_site/site_all_69_29_2_2.sdf
29_2,-3.556,-0.508,109,,./report/pdb_by_site/site_all_109_29_2_2.sdf
29_2,-3.534,-0.5048571428571428,69,,./report/pdb_by_site/site_all_69_29_2_3.sdf
29_2,-3.5140000000000002,-0.502,44,,./report/pdb_by_site/site_all_44_29_2_1.sdf
29_2,-3.5050000000000003,-0.5007142857142858,106,,./report/pdb_by_site/site_all_106_29_2_1.sdf
29_2,-3.493,-0.499,90,,./report/pdb_by_site/site_all_90_29_2_1.sdf
29_2,-3.456,-0.4937142857142857,26,,./report/pdb_by_site/site_all_26_29_2_1.sdf
29_2,-3.419,-0.48842857142857143,72,,./report/pdb_by_site/site_all_72_29_2_1.sdf
29_2,-3.384,-0.48342857142857143,108,,./report/pdb_by_site/site_all_108_29_2_1.sdf
29_2,-3.37,-0.48142857142857143,33,,./report/pdb_by_site/site_all_33_29_2_1.sdf
29_2,-3.354,-0.47914285714285715,100,,./report/pdb_by_site/site_all_100_29_2_1.sdf
29_2,-3.312,-0.47314285714285714,97,,./report/pdb_by_site/site_all_97_29_2_1.sdf
29_2,-3.293,-0.4704285714285715,30,,./report/pdb_by_site/site_all_30_29_2_1.sdf
29_2,-3.225,-0.46071428571428574,118,,./report/pdb_by_site/site_all_118_29_2_1.sdf
29_2,-3.2087000000000003,-0.45838571428571434,16,,./report/pdb_by_site/site_all_16_29_2_2.sdf
29_2,-3.1823,-0.45461428571428575,62,,./report/pdb_by_site/site_all_62_29_2_1.sdf
29_2,-3.1776999999999997,-0.45395714285714284,64,,./report/pdb_by_site/site_all_64_29_2_1.sdf
29_2,-3.1340000000000003,-0.4477142857142858,47,,./report/pdb_by_site/site_all_47_29_2_1.sdf
29_2,-3.1323,-0.4474714285714286,71,,./report/pdb_by_site/site_all_71_29_2_1.sdf
29_2,-3.051,-0.4358571428571429,46,,./report/pdb_by_site/site_all_46_29_2_1.sdf
29_2,-3.014,-0.43057142857142855,42,,./report/pdb_by_site/site_all_42_29_2_1.sdf
29_2,-2.965,-0.42357142857142854,74,,./report/pdb_by_site/site_all_74_29_2_1.sdf
29_2,-2.959,-0.4227142857142857,47,,./report/pdb_by_site/site_all_47_29_2_2.sdf
29_2,-2.95,-0.42142857142857143,92,,./report/pdb_by_site/site_all_92_29_2_1.sdf
29_2,-2.907,-0.4152857142857143,33,,./report/pdb_by_site/site_all_33_29_2_2.sdf
29_2,-2.8653000000000004,-0.4093285714285715,32,,./report/pdb_by_site/site_all_32_29_2_1.sdf
29_2,-2.84,-0.4057142857142857,14,,./report/pdb_by_site/site_all_14_29_2_2.sdf
29_2,-2.8307,-0.4043857142857143,83,,./report/pdb_by_site/site_all_83_29_2_1.sdf
29_2,-2.824,-0.4034285714285714,68,,./report/pdb_by_site/site_all_68_29_2_1.sdf
29_2,-2.7399999999999998,-0.3914285714285714,27,,./report/pdb_by_site/site_all_27_29_2_2.sdf
29_2,-2.7300000000000004,-0.39000000000000007,3,,./report/pdb_by_site/site_all_3_29_2_2.sdf
29_2,-2.722,-0.38885714285714285,21,,./report/pdb_by_site/site_all_21_29_2_1.sdf
29_2,-2.6800000000000006,-0.38285714285714295,3,,./report/pdb_by_site/site_all_3_29_2_3.sdf
29_2,-2.659,-0.37985714285714284,42,,./report/pdb_by_site/site_all_42_29_2_2.sdf
29_2,-2.615,-0.3735714285714286,20,,./report/pdb_by_site/site_all_20_29_2_1.sdf
29_2,-2.6100000000000003,-0.3728571428571429,30,,./report/pdb_by_site/site_all_30_29_2_2.sdf
29_2,-2.61,-0.37285714285714283,17,,./report/pdb_by_site/site_all_17_29_2_2.sdf
29_2,-2.5883000000000003,-0.3697571428571429,73,,./report/pdb_by_site/site_all_73_29_2_1.sdf
29_2,-2.5883000000000003,-0.3697571428571429,73,,./report/pdb_by_site/site_all_73_29_2_2.sdf
29_2,-2.4807,-0.3543857142857143,62,,./report/pdb_by_site/site_all_62_29_2_2.sdf
29_2,-2.4539999999999997,-0.35057142857142853,67,,./report/pdb_by_site/site_all_67_29_2_1.sdf
29_2,-2.416,-0.34514285714285714,116,,./report/pdb_by_site/site_all_116_29_2_1.sdf
29_2,-2.4080000000000004,-0.34400000000000003,25,,./report/pdb_by_site/site_all_25_29_2_2.sdf
29_2,-2.336,-0.3337142857142857,68,,./report/pdb_by_site/site_all_68_29_2_2.sdf
29_2,-2.28,-0.3257142857142857,57,,./report/pdb_by_site/site_all_57_29_2_1.sdf
29_2,-2.242,-0.3202857142857143,48,,./report/pdb_by_site/site_all_48_29_2_2.sdf
29_2,-2.126,-0.3037142857142857,24,,./report/pdb_by_site/site_all_24_29_2_1.sdf
29_2,-2.1,-0.3,81,,./report/pdb_by_site/site_all_81_29_2_2.sdf
29_2,-2.0260000000000002,-0.2894285714285715,135,,./report/pdb_by_site/site_all_135_29_2_1.sdf
29_2,-2.0100000000000002,-0.2871428571428572,36,,./report/pdb_by_site/site_all_36_29_2_4.sdf
30_1,-6.25,-0.8928571428571429,3,,./report/pdb_by_site/site_all_3_30_1_1.sdf
30_1,-5.1000000000000005,-0.7285714285714286,9,,./report/pdb_by_site/site_all_9_30_1_1.sdf
30_1,-4.89,-0.6985714285714285,10,,./report/pdb_by_site/site_all_10_30_1_1.sdf
30_1,-4.7299999999999995,-0.6757142857142856,10,,./report/pdb_by_site/site_all_10_30_1_2.sdf
30_1,-4.5600000000000005,-0.6514285714285715,5,,./report/pdb_by_site/site_all_5_30_1_1.sdf
30_1,-4.470000000000001,-0.6385714285714287,2,,./report/pdb_by_site/site_all_2_30_1_1.sdf
30_1,-4.450000000000001,-0.6357142857142859,2,,./report/pdb_by_site/site_all_2_30_1_2.sdf
30_1,-4.3999999999999995,-0.6285714285714284,5,,./report/pdb_by_site/site_all_5_30_1_2.sdf
30_1,-4.39,-0.6271428571428571,24,,./report/pdb_by_site/site_all_24_30_1_1.sdf
30_1,-4.35,-0.6214285714285713,10,,./report/pdb_by_site/site_all_10_30_1_3.sdf
30_1,-4.23,-0.6042857142857143,17,,./report/pdb_by_site/site_all_17_30_1_1.sdf
30_1,-4.130000000000001,-0.5900000000000001,10,,./report/pdb_by_site/site_all_10_30_1_4.sdf
30_1,-4.09,-0.5842857142857143,19,,./report/pdb_by_site/site_all_19_30_1_1.sdf
30_1,-4.087,-0.5838571428571429,21,,./report/pdb_by_site/site_all_21_30_1_1.sdf
30_1,-4.05,-0.5785714285714285,5,,./report/pdb_by_site/site_all_5_30_1_3.sdf
30_1,-3.99,-0.5700000000000001,24,,./report/pdb_by_site/site_all_24_30_1_2.sdf
30_1,-3.95,-0.5642857142857143,30,,./report/pdb_by_site/site_all_30_30_1_1.sdf
30_1,-3.9400000000000004,-0.562857142857143,20,,./report/pdb_by_site/site_all_20_30_1_1.sdf
30_1,-3.91,-0.5585714285714286,50,,./report/pdb_by_site/site_all_50_30_1_1.sdf
30_1,-3.89,-0.5557142857142857,12,,./report/pdb_by_site/site_all_12_30_1_1.sdf
30_1,-3.85,-0.55,25,,./report/pdb_by_site/site_all_25_30_1_1.sdf
30_1,-3.76,-0.5371428571428571,22,,./report/pdb_by_site/site_all_22_30_1_1.sdf
30_1,-3.74,-0.5342857142857144,3,,./report/pdb_by_site/site_all_3_30_1_2.sdf
30_1,-3.63,-0.5185714285714286,18,,./report/pdb_by_site/site_all_18_30_1_1.sdf
30_1,-3.63,-0.5185714285714286,26,,./report/pdb_by_site/site_all_26_30_1_1.sdf
30_1,-3.63,-0.5185714285714286,2,,./report/pdb_by_site/site_all_2_30_1_3.sdf
30_1,-3.54,-0.5057142857142857,3,,./report/pdb_by_site/site_all_3_30_1_3.sdf
30_1,-3.5300000000000002,-0.5042857142857143,41,,./report/pdb_by_site/site_all_41_30_1_1.sdf
30_1,-3.504,-0.5005714285714286,15,,./report/pdb_by_site/site_all_15_30_1_1.sdf
30_1,-3.42,-0.48857142857142855,57,,./report/pdb_by_site/site_all_57_30_1_1.sdf
30_1,-3.36,-0.48,44,,./report/pdb_by_site/site_all_44_30_1_1.sdf
30_1,-3.3280000000000003,-0.4754285714285715,70,,./report/pdb_by_site/site_all_70_30_1_1.sdf
30_1,-3.2727,-0.4675285714285714,34,,./report/pdb_by_site/site_all_34_30_1_1.sdf
30_1,-3.2700000000000005,-0.4671428571428572,10,,./report/pdb_by_site/site_all_10_30_1_5.sdf
30_1,-3.24,-0.4628571428571429,11,,./report/pdb_by_site/site_all_11_30_1_1.sdf
30_1,-3.181,-0.45442857142857146,3,,./report/pdb_by_site/site_all_3_30_1_4.sdf
30_1,-3.1500000000000004,-0.45000000000000007,27,,./report/pdb_by_site/site_all_27_30_1_1.sdf
30_1,-3.14,-0.44857142857142857,56,,./report/pdb_by_site/site_all_56_30_1_1.sdf
30_1,-3.07,-0.43857142857142856,24,,./report/pdb_by_site/site_all_24_30_1_3.sdf
30_1,-3.041,-0.43442857142857144,20,,./report/pdb_by_site/site_all_20_30_1_2.sdf
30_1,-3.0000000000000004,-0.42857142857142866,30,,./report/pdb_by_site/site_all_30_30_1_2.sdf
30_1,-2.9699999999999998,-0.42428571428571427,36,,./report/pdb_by_site/site_all_36_30_1_1.sdf
30_1,-2.9600000000000004,-0.42285714285714293,17,,./report/pdb_by_site/site_all_17_30_1_2.sdf
30_1,-2.94,-0.42,31,,./report/pdb_by_site/site_all_31_30_1_1.sdf
30_1,-2.92,-0.41714285714285715,53,,./report/pdb_by_site/site_all_53_30_1_1.sdf
30_1,-2.8600000000000003,-0.40857142857142864,80,,./report/pdb_by_site/site_all_80_30_1_1.sdf
30_1,-2.85,-0.40714285714285714,57,,./report/pdb_by_site/site_all_57_30_1_2.sdf
30_1,-2.8400000000000003,-0.40571428571428575,30,,./report/pdb_by_site/site_all_30_30_1_3.sdf
30_1,-2.83,-0.4042857142857143,10,,./report/pdb_by_site/site_all_10_30_1_6.sdf
30_1,-2.83,-0.4042857142857143,58,,./report/pdb_by_site/site_all_58_30_1_1.sdf
30_1,-2.8200000000000003,-0.4028571428571429,27,,./report/pdb_by_site/site_all_27_30_1_2.sdf
30_1,-2.82,-0.40285714285714286,36,,./report/pdb_by_site/site_all_36_30_1_2.sdf
30_1,-2.796,-0.3994285714285714,53,,./report/pdb_by_site/site_all_53_30_1_2.sdf
30_1,-2.75,-0.39285714285714285,36,,./report/pdb_by_site/site_all_36_30_1_3.sdf
30_1,-2.7409999999999997,-0.3915714285714285,79,,./report/pdb_by_site/site_all_79_30_1_1.sdf
30_1,-2.73,-0.39,57,,./report/pdb_by_site/site_all_57_30_1_3.sdf
30_1,-2.73,-0.39,41,,./report/pdb_by_site/site_all_41_30_1_2.sdf
30_1,-2.727,-0.38957142857142857,58,,./report/pdb_by_site/site_all_58_30_1_2.sdf
30_1,-2.684,-0.38342857142857145,74,,./report/pdb_by_site/site_all_74_30_1_1.sdf
30_1,-2.68,-0.3828571428571429,77,,./report/pdb_by_site/site_all_77_30_1_1.sdf
30_1,-2.66,-0.38,85,,./report/pdb_by_site/site_all_85_30_1_1.sdf
30_1,-2.56,-0.3657142857142857,17,,./report/pdb_by_site/site_all_17_30_1_3.sdf
30_1,-2.48,-0.35428571428571426,56,,./report/pdb_by_site/site_all_56_30_1_2.sdf
30_1,-2.46,-0.3514285714285714,22,,./report/pdb_by_site/site_all_22_30_1_2.sdf
30_1,-2.46,-0.3514285714285714,41,,./report/pdb_by_site/site_all_41_30_1_3.sdf
30_1,-2.45,-0.35000000000000003,56,,./report/pdb_by_site/site_all_56_30_1_3.sdf
30_1,-2.421,-0.3458571428571428,80,,./report/pdb_by_site/site_all_80_30_1_2.sdf
30_1,-2.384,-0.3405714285714286,35,,./report/pdb_by_site/site_all_35_30_1_1.sdf
30_1,-2.38,-0.33999999999999997,41,,./report/pdb_by_site/site_all_41_30_1_4.sdf
30_1,-2.38,-0.33999999999999997,81,,./report/pdb_by_site/site_all_81_30_1_1.sdf
30_1,-2.379,-0.33985714285714286,75,,./report/pdb_by_site/site_all_75_30_1_1.sdf
30_1,-2.3400000000000003,-0.33428571428571435,108,,./report/pdb_by_site/site_all_108_30_1_1.sdf
30_1,-2.339,-0.33414285714285713,44,,./report/pdb_by_site/site_all_44_30_1_2.sdf
30_1,-2.333,-0.3332857142857143,54,,./report/pdb_by_site/site_all_54_30_1_1.sdf
30_1,-2.33,-0.33285714285714285,9,,./report/pdb_by_site/site_all_9_30_1_2.sdf
30_1,-2.33,-0.33285714285714285,11,,./report/pdb_by_site/site_all_11_30_1_2.sdf
30_1,-2.313,-0.33042857142857146,25,,./report/pdb_by_site/site_all_25_30_1_2.sdf
30_1,-2.311,-0.3301428571428571,67,,./report/pdb_by_site/site_all_67_30_1_1.sdf
30_1,-2.31,-0.33,108,,./report/pdb_by_site/site_all_108_30_1_2.sdf
30_1,-2.3000000000000003,-0.3285714285714286,67,,./report/pdb_by_site/site_all_67_30_1_2.sdf
30_1,-2.2600000000000002,-0.3228571428571429,11,,./report/pdb_by_site/site_all_11_30_1_3.sdf
30_1,-2.26,-0.32285714285714284,75,,./report/pdb_by_site/site_all_75_30_1_2.sdf
30_1,-2.242,-0.3202857142857143,38,,./report/pdb_by_site/site_all_38_30_1_1.sdf
30_1,-2.24,-0.32,109,,./report/pdb_by_site/site_all_109_30_1_1.sdf
30_1,-2.2289999999999996,-0.3184285714285714,80,,./report/pdb_by_site/site_all_80_30_1_3.sdf
30_1,-2.218,-0.31685714285714284,100,,./report/pdb_by_site/site_all_100_30_1_1.sdf
30_1,-2.2,-0.31428571428571433,87,,./report/pdb_by_site/site_all_87_30_1_1.sdf
30_1,-2.198,-0.314,61,,./report/pdb_by_site/site_all_61_30_1_1.sdf
30_1,-2.194,-0.31342857142857145,85,,./report/pdb_by_site/site_all_85_30_1_2.sdf
30_1,-2.192,-0.31314285714285717,111,,./report/pdb_by_site/site_all_111_30_1_1.sdf
30_1,-2.159,-0.3084285714285714,22,,./report/pdb_by_site/site_all_22_30_1_3.sdf
30_1,-2.1500000000000004,-0.3071428571428572,113,,./report/pdb_by_site/site_all_113_30_1_1.sdf
30_1,-2.12,-0.3028571428571429,50,,./report/pdb_by_site/site_all_50_30_1_2.sdf
30_1,-2.1100000000000003,-0.3014285714285715,58,,./report/pdb_by_site/site_all_58_30_1_3.sdf
30_1,-2.0523,-0.29318571428571427,111,,./report/pdb_by_site/site_all_111_30_1_2.sdf
30_1,-2.034,-0.29057142857142854,26,,./report/pdb_by_site/site_all_26_30_1_2.sdf
30_1,-2.023,-0.28900000000000003,102,,./report/pdb_by_site/site_all_102_30_1_1.sdf
30_1,-2.002,-0.286,9,,./report/pdb_by_site/site_all_9_30_1_3.sdf
30_2,-5.35,-0.7642857142857142,3,,./report/pdb_by_site/site_all_3_30_2_1.sdf
30_2,-5.210000000000001,-0.7442857142857144,5,,./report/pdb_by_site/site_all_5_30_2_1.sdf
30_2,-5.112299999999999,-0.7303285714285713,10,,./report/pdb_by_site/site_all_10_30_2_1.sdf
30_2,-5.0277,-0.7182428571428572,5,,./report/pdb_by_site/site_all_5_30_2_2.sdf
30_2,-4.84,-0.6914285714285714,10,,./report/pdb_by_site/site_all_10_30_2_2.sdf
30_2,-4.7,-0.6714285714285715,5,,./report/pdb_by_site/site_all_5_30_2_3.sdf
30_2,-4.639,-0.6627142857142857,21,,./report/pdb_by_site/site_all_21_30_2_1.sdf
30_2,-4.63,-0.6614285714285714,17,,./report/pdb_by_site/site_all_17_30_2_1.sdf
30_2,-4.588,-0.6554285714285715,22,,./report/pdb_by_site/site_all_22_30_2_1.sdf
30_2,-4.529999999999999,-0.647142857142857,36,,./report/pdb_by_site/site_all_36_30_2_1.sdf
30_2,-4.52,-0.6457142857142857,15,,./report/pdb_by_site/site_all_15_30_2_1.sdf
30_2,-4.4270000000000005,-0.6324285714285715,38,,./report/pdb_by_site/site_all_38_30_2_1.sdf
30_2,-4.4,-0.6285714285714287,2,,./report/pdb_by_site/site_all_2_30_2_1.sdf
30_2,-4.260000000000001,-0.6085714285714287,24,,./report/pdb_by_site/site_all_24_30_2_1.sdf
30_2,-4.26,-0.6085714285714285,10,,./report/pdb_by_site/site_all_10_30_2_3.sdf
30_2,-4.242,-0.606,12,,./report/pdb_by_site/site_all_12_30_2_1.sdf
30_2,-4.15,-0.5928571428571429,29,,./report/pdb_by_site/site_all_29_30_2_1.sdf
30_2,-4.140000000000001,-0.5914285714285715,26,,./report/pdb_by_site/site_all_26_30_2_1.sdf
30_2,-4.09,-0.5842857142857143,25,,./report/pdb_by_site/site_all_25_30_2_1.sdf
30_2,-4.085000000000001,-0.5835714285714287,14,,./report/pdb_by_site/site_all_14_30_2_1.sdf
30_2,-4.075,-0.5821428571428572,11,,./report/pdb_by_site/site_all_11_30_2_1.sdf
30_2,-4.050000000000001,-0.5785714285714286,18,,./report/pdb_by_site/site_all_18_30_2_1.sdf
30_2,-4.0,-0.5714285714285714,36,,./report/pdb_by_site/site_all_36_30_2_2.sdf
30_2,-3.96,-0.5657142857142857,27,,./report/pdb_by_site/site_all_27_30_2_1.sdf
30_2,-3.9400000000000004,-0.562857142857143,61,,./report/pdb_by_site/site_all_61_30_2_1.sdf
30_2,-3.8499999999999996,-0.5499999999999999,44,,./report/pdb_by_site/site_all_44_30_2_1.sdf
30_2,-3.8000000000000003,-0.5428571428571429,49,,./report/pdb_by_site/site_all_49_30_2_1.sdf
30_2,-3.6910000000000003,-0.5272857142857144,31,,./report/pdb_by_site/site_all_31_30_2_1.sdf
30_2,-3.68,-0.5257142857142857,3,,./report/pdb_by_site/site_all_3_30_2_2.sdf
30_2,-3.569,-0.5098571428571429,9,,./report/pdb_by_site/site_all_9_30_2_1.sdf
30_2,-3.5400000000000005,-0.5057142857142858,77,,./report/pdb_by_site/site_all_77_30_2_1.sdf
30_2,-3.52,-0.5028571428571429,58,,./report/pdb_by_site/site_all_58_30_2_1.sdf
30_2,-3.46,-0.4942857142857143,30,,./report/pdb_by_site/site_all_30_30_2_1.sdf
30_2,-3.39,-0.4842857142857143,19,,./report/pdb_by_site/site_all_19_30_2_1.sdf
30_2,-3.38,-0.4828571428571428,70,,./report/pdb_by_site/site_all_70_30_2_1.sdf
30_2,-3.3600000000000003,-0.48000000000000004,57,,./report/pdb_by_site/site_all_57_30_2_1.sdf
30_2,-3.3489999999999998,-0.47842857142857137,38,,./report/pdb_by_site/site_all_38_30_2_2.sdf
30_2,-3.3370000000000006,-0.4767142857142858,79,,./report/pdb_by_site/site_all_79_30_2_1.sdf
30_2,-3.311,-0.473,36,,./report/pdb_by_site/site_all_36_30_2_3.sdf
30_2,-3.27,-0.46714285714285714,30,,./report/pdb_by_site/site_all_30_30_2_2.sdf
30_2,-3.2300000000000004,-0.46142857142857147,38,,./report/pdb_by_site/site_all_38_30_2_3.sdf
30_2,-3.23,-0.4614285714285714,30,,./report/pdb_by_site/site_all_30_30_2_3.sdf
30_2,-3.2189999999999994,-0.4598571428571428,9,,./report/pdb_by_site/site_all_9_30_2_2.sdf
30_2,-3.1500000000000004,-0.45000000000000007,65,,./report/pdb_by_site/site_all_65_30_2_1.sdf
30_2,-3.095,-0.44214285714285717,31,,./report/pdb_by_site/site_all_31_30_2_2.sdf
30_2,-3.08,-0.44,41,,./report/pdb_by_site/site_all_41_30_2_1.sdf
30_2,-3.0700000000000003,-0.4385714285714286,24,,./report/pdb_by_site/site_all_24_30_2_2.sdf
30_2,-3.0370000000000004,-0.4338571428571429,12,,./report/pdb_by_site/site_all_12_30_2_2.sdf
30_2,-3.036,-0.4337142857142857,75,,./report/pdb_by_site/site_all_75_30_2_1.sdf
30_2,-3.0140000000000002,-0.4305714285714286,40,,./report/pdb_by_site/site_all_40_30_2_1.sdf
30_2,-2.96,-0.4228571428571429,20,,./report/pdb_by_site/site_all_20_30_2_1.sdf
30_2,-2.94,-0.42,69,,./report/pdb_by_site/site_all_69_30_2_1.sdf
30_2,-2.9,-0.41428571428571426,53,,./report/pdb_by_site/site_all_53_30_2_1.sdf
30_2,-2.88,-0.4114285714285714,58,,./report/pdb_by_site/site_all_58_30_2_2.sdf
30_2,-2.802,-0.4002857142857143,69,,./report/pdb_by_site/site_all_69_30_2_2.sdf
30_2,-2.801,-0.4001428571428572,35,,./report/pdb_by_site/site_all_35_30_2_1.sdf
30_2,-2.7960000000000003,-0.39942857142857147,78,,./report/pdb_by_site/site_all_78_30_2_1.sdf
30_2,-2.7769999999999997,-0.3967142857142857,7,,./report/pdb_by_site/site_all_7_30_2_1.sdf
30_2,-2.73,-0.39,41,,./report/pdb_by_site/site_all_41_30_2_2.sdf
30_2,-2.72,-0.3885714285714286,36,,./report/pdb_by_site/site_all_36_30_2_4.sdf
30_2,-2.68,-0.3828571428571429,70,,./report/pdb_by_site/site_all_70_30_2_2.sdf
30_2,-2.6799999999999997,-0.38285714285714284,24,,./report/pdb_by_site/site_all_24_30_2_3.sdf
30_2,-2.6700000000000004,-0.3814285714285715,56,,./report/pdb_by_site/site_all_56_30_2_1.sdf
30_2,-2.6160000000000005,-0.3737142857142858,24,,./report/pdb_by_site/site_all_24_30_2_4.sdf
30_2,-2.6,-0.37142857142857144,81,,./report/pdb_by_site/site_all_81_30_2_1.sdf
30_2,-2.598,-0.3711428571428571,109,,./report/pdb_by_site/site_all_109_30_2_1.sdf
30_2,-2.543,-0.3632857142857143,74,,./report/pdb_by_site/site_all_74_30_2_1.sdf
30_2,-2.5199999999999996,-0.35999999999999993,80,,./report/pdb_by_site/site_all_80_30_2_1.sdf
30_2,-2.5100000000000002,-0.3585714285714286,92,,./report/pdb_by_site/site_all_92_30_2_1.sdf
30_2,-2.4550000000000005,-0.3507142857142858,58,,./report/pdb_by_site/site_all_58_30_2_3.sdf
30_2,-2.45,-0.35000000000000003,39,,./report/pdb_by_site/site_all_39_30_2_1.sdf
30_2,-2.41,-0.3442857142857143,53,,./report/pdb_by_site/site_all_53_30_2_2.sdf
30_2,-2.4099999999999997,-0.34428571428571425,109,,./report/pdb_by_site/site_all_109_30_2_2.sdf
30_2,-2.368,-0.33828571428571425,111,,./report/pdb_by_site/site_all_111_30_2_1.sdf
30_2,-2.34,-0.33428571428571424,57,,./report/pdb_by_site/site_all_57_30_2_2.sdf
30_2,-2.34,-0.33428571428571424,57,,./report/pdb_by_site/site_all_57_30_2_3.sdf
30_2,-2.3390000000000004,-0.3341428571428572,81,,./report/pdb_by_site/site_all_81_30_2_2.sdf
30_2,-2.33,-0.33285714285714285,96,,./report/pdb_by_site/site_all_96_30_2_1.sdf
30_2,-2.33,-0.33285714285714285,85,,./report/pdb_by_site/site_all_85_30_2_1.sdf
30_2,-2.33,-0.33285714285714285,57,,./report/pdb_by_site/site_all_57_30_2_4.sdf
30_2,-2.3260000000000005,-0.33228571428571435,39,,./report/pdb_by_site/site_all_39_30_2_2.sdf
30_2,-2.3200000000000003,-0.33142857142857146,80,,./report/pdb_by_site/site_all_80_30_2_2.sdf
30_2,-2.3120000000000003,-0.33028571428571435,74,,./report/pdb_by_site/site_all_74_30_2_2.sdf
30_2,-2.31,-0.33,56,,./report/pdb_by_site/site_all_56_30_2_2.sdf
30_2,-2.305,-0.3292857142857143,106,,./report/pdb_by_site/site_all_106_30_2_1.sdf
30_2,-2.301,-0.32871428571428574,80,,./report/pdb_by_site/site_all_80_30_2_3.sdf
30_2,-2.292,-0.3274285714285714,97,,./report/pdb_by_site/site_all_97_30_2_1.sdf
30_2,-2.2800000000000002,-0.32571428571428573,41,,./report/pdb_by_site/site_all_41_30_2_3.sdf
30_2,-2.2700000000000005,-0.32428571428571434,10,,./report/pdb_by_site/site_all_10_30_2_4.sdf
30_2,-2.265,-0.32357142857142857,67,,./report/pdb_by_site/site_all_67_30_2_1.sdf
30_2,-2.229,-0.31842857142857145,39,,./report/pdb_by_site/site_all_39_30_2_3.sdf
30_2,-2.198,-0.314,67,,./report/pdb_by_site/site_all_67_30_2_2.sdf
30_2,-2.193,-0.3132857142857143,25,,./report/pdb_by_site/site_all_25_30_2_2.sdf
30_2,-2.175,-0.31071428571428567,56,,./report/pdb_by_site/site_all_56_30_2_3.sdf
30_2,-2.1500000000000004,-0.3071428571428572,113,,./report/pdb_by_site/site_all_113_30_2_1.sdf
30_2,-2.1450000000000005,-0.3064285714285715,118,,./report/pdb_by_site/site_all_118_30_2_1.sdf
30_2,-2.141,-0.3058571428571429,55,,./report/pdb_by_site/site_all_55_30_2_1.sdf
30_2,-2.1397,-0.30567142857142854,12,,./report/pdb_by_site/site_all_12_30_2_3.sdf
30_2,-2.107,-0.30100000000000005,47,,./report/pdb_by_site/site_all_47_30_2_1.sdf
30_2,-2.1,-0.3,11,,./report/pdb_by_site/site_all_11_30_2_2.sdf
30_2,-2.084,-0.2977142857142857,106,,./report/pdb_by_site/site_all_106_30_2_2.sdf
30_2,-2.08,-0.29714285714285715,61,,./report/pdb_by_site/site_all_61_30_2_2.sdf
30_2,-2.059,-0.29414285714285715,17,,./report/pdb_by_site/site_all_17_30_2_2.sdf
30_2,-2.05,-0.2928571428571428,111,,./report/pdb_by_site/site_all_111_30_2_2.sdf
30_2,-2.032,-0.2902857142857143,44,,./report/pdb_by_site/site_all_44_30_2_2.sdf
30_2,-2.0319999999999996,-0.2902857142857142,48,,./report/pdb_by_site/site_all_48_30_2_1.sdf
30_2,-2.0300000000000002,-0.29000000000000004,49,,./report/pdb_by_site/site_all_49_30_2_2.sdf
30_2,-2.02,-0.2885714285714286,77,,./report/pdb_by_site/site_all_77_30_2_2.sdf
30_2,-2.0130000000000003,-0.28757142857142864,25,,./report/pdb_by_site/site_all_25_30_2_3.sdf
31_1,-5.48,-0.7828571428571429,3,,./report/pdb_by_site/site_all_3_31_1_1.sdf
31_1,-5.17,-0.7385714285714285,9,,./report/pdb_by_site/site_all_9_31_1_1.sdf
31_1,-4.63,-0.6614285714285714,2,,./report/pdb_by_site/site_all_2_31_1_1.sdf
31_1,-4.340000000000001,-0.6200000000000001,10,,./report/pdb_by_site/site_all_10_31_1_1.sdf
31_1,-4.23,-0.6042857142857143,10,,./report/pdb_by_site/site_all_10_31_1_2.sdf
31_1,-4.18,-0.5971428571428571,10,,./report/pdb_by_site/site_all_10_31_1_3.sdf
31_1,-4.17,-0.5957142857142858,11,,./report/pdb_by_site/site_all_11_31_1_1.sdf
31_1,-4.14,-0.5914285714285714,5,,./report/pdb_by_site/site_all_5_31_1_1.sdf
31_1,-4.13,-0.59,3,,./report/pdb_by_site/site_all_3_31_1_2.sdf
31_1,-4.1,-0.5857142857142856,17,,./report/pdb_by_site/site_all_17_31_1_1.sdf
31_1,-4.01,-0.5728571428571428,24,,./report/pdb_by_site/site_all_24_31_1_1.sdf
31_1,-3.97,-0.5671428571428572,2,,./report/pdb_by_site/site_all_2_31_1_2.sdf
31_1,-3.9600000000000004,-0.5657142857142857,22,,./report/pdb_by_site/site_all_22_31_1_1.sdf
31_1,-3.91,-0.5585714285714286,24,,./report/pdb_by_site/site_all_24_31_1_2.sdf
31_1,-3.8699999999999997,-0.5528571428571428,5,,./report/pdb_by_site/site_all_5_31_1_2.sdf
31_1,-3.83,-0.5471428571428572,25,,./report/pdb_by_site/site_all_25_31_1_1.sdf
31_1,-3.66,-0.5228571428571429,2,,./report/pdb_by_site/site_all_2_31_1_3.sdf
31_1,-3.55,-0.5071428571428571,19,,./report/pdb_by_site/site_all_19_31_1_1.sdf
31_1,-3.55,-0.5071428571428571,12,,./report/pdb_by_site/site_all_12_31_1_1.sdf
31_1,-3.5100000000000002,-0.5014285714285714,57,,./report/pdb_by_site/site_all_57_31_1_1.sdf
31_1,-3.5100000000000002,-0.5014285714285714,20,,./report/pdb_by_site/site_all_20_31_1_1.sdf
31_1,-3.49,-0.4985714285714286,5,,./report/pdb_by_site/site_all_5_31_1_3.sdf
31_1,-3.46,-0.4942857142857143,26,,./report/pdb_by_site/site_all_26_31_1_1.sdf
31_1,-3.4000000000000004,-0.48571428571428577,50,,./report/pdb_by_site/site_all_50_31_1_1.sdf
31_1,-3.39,-0.4842857142857143,15,,./report/pdb_by_site/site_all_15_31_1_1.sdf
31_1,-3.303,-0.47185714285714286,21,,./report/pdb_by_site/site_all_21_31_1_1.sdf
31_1,-3.3,-0.4714285714285714,41,,./report/pdb_by_site/site_all_41_31_1_1.sdf
31_1,-3.29,-0.47000000000000003,27,,./report/pdb_by_site/site_all_27_31_1_1.sdf
31_1,-3.23,-0.4614285714285714,30,,./report/pdb_by_site/site_all_30_31_1_1.sdf
31_1,-3.2199999999999998,-0.45999999999999996,18,,./report/pdb_by_site/site_all_18_31_1_1.sdf
31_1,-3.02,-0.43142857142857144,44,,./report/pdb_by_site/site_all_44_31_1_1.sdf
31_1,-2.9700000000000006,-0.4242857142857144,27,,./report/pdb_by_site/site_all_27_31_1_2.sdf
31_1,-2.95,-0.42142857142857143,53,,./report/pdb_by_site/site_all_53_31_1_1.sdf
31_1,-2.94,-0.42,3,,./report/pdb_by_site/site_all_3_31_1_3.sdf
31_1,-2.8890000000000002,-0.41271428571428576,20,,./report/pdb_by_site/site_all_20_31_1_2.sdf
31_1,-2.76,-0.39428571428571424,30,,./report/pdb_by_site/site_all_30_31_1_2.sdf
31_1,-2.75,-0.39285714285714285,56,,./report/pdb_by_site/site_all_56_31_1_1.sdf
31_1,-2.7,-0.38571428571428573,58,,./report/pdb_by_site/site_all_58_31_1_1.sdf
31_1,-2.69,-0.3842857142857143,79,,./report/pdb_by_site/site_all_79_31_1_1.sdf
31_1,-2.6670000000000003,-0.38100000000000006,36,,./report/pdb_by_site/site_all_36_31_1_1.sdf
31_1,-2.649,-0.37842857142857145,3,,./report/pdb_by_site/site_all_3_31_1_4.sdf
31_1,-2.6399999999999997,-0.3771428571428571,80,,./report/pdb_by_site/site_all_80_31_1_1.sdf
31_1,-2.6300000000000003,-0.3757142857142858,36,,./report/pdb_by_site/site_all_36_31_1_2.sdf
31_1,-2.6300000000000003,-0.3757142857142858,77,,./report/pdb_by_site/site_all_77_31_1_1.sdf
31_1,-2.59,-0.37,80,,./report/pdb_by_site/site_all_80_31_1_2.sdf
31_1,-2.58,-0.3685714285714286,58,,./report/pdb_by_site/site_all_58_31_1_2.sdf
31_1,-2.4699999999999998,-0.3528571428571428,74,,./report/pdb_by_site/site_all_74_31_1_1.sdf
31_1,-2.44,-0.3485714285714286,22,,./report/pdb_by_site/site_all_22_31_1_2.sdf
31_1,-2.425,-0.3464285714285714,19,,./report/pdb_by_site/site_all_19_31_1_2.sdf
31_1,-2.41,-0.3442857142857143,26,,./report/pdb_by_site/site_all_26_31_1_2.sdf
31_1,-2.4099999999999997,-0.34428571428571425,10,,./report/pdb_by_site/site_all_10_31_1_4.sdf
31_1,-2.4000000000000004,-0.3428571428571429,75,,./report/pdb_by_site/site_all_75_31_1_1.sdf
31_1,-2.398,-0.3425714285714286,10,,./report/pdb_by_site/site_all_10_31_1_5.sdf
31_1,-2.39,-0.34142857142857147,121,,./report/pdb_by_site/site_all_121_31_1_1.sdf
31_1,-2.3899999999999997,-0.34142857142857136,57,,./report/pdb_by_site/site_all_57_31_1_2.sdf
31_1,-2.38,-0.33999999999999997,81,,./report/pdb_by_site/site_all_81_31_1_1.sdf
31_1,-2.38,-0.33999999999999997,41,,./report/pdb_by_site/site_all_41_31_1_2.sdf
31_1,-2.37,-0.3385714285714286,17,,./report/pdb_by_site/site_all_17_31_1_2.sdf
31_1,-2.3500000000000005,-0.3357142857142858,27,,./report/pdb_by_site/site_all_27_31_1_3.sdf
31_1,-2.35,-0.33571428571428574,85,,./report/pdb_by_site/site_all_85_31_1_1.sdf
31_1,-2.3400000000000003,-0.33428571428571435,41,,./report/pdb_by_site/site_all_41_31_1_3.sdf
31_1,-2.2920000000000003,-0.32742857142857146,111,,./report/pdb_by_site/site_all_111_31_1_1.sdf
31_1,-2.29,-0.3271428571428571,11,,./report/pdb_by_site/site_all_11_31_1_2.sdf
31_1,-2.29,-0.3271428571428571,85,,./report/pdb_by_site/site_all_85_31_1_2.sdf
31_1,-2.26,-0.32285714285714284,57,,./report/pdb_by_site/site_all_57_31_1_3.sdf
31_1,-2.192,-0.31314285714285717,109,,./report/pdb_by_site/site_all_109_31_1_1.sdf
31_1,-2.19,-0.31285714285714283,102,,./report/pdb_by_site/site_all_102_31_1_1.sdf
31_1,-2.188,-0.3125714285714286,67,,./report/pdb_by_site/site_all_67_31_1_1.sdf
31_1,-2.17,-0.31,81,,./report/pdb_by_site/site_all_81_31_1_2.sdf
31_1,-2.1572999999999998,-0.30818571428571423,75,,./report/pdb_by_site/site_all_75_31_1_2.sdf
31_1,-2.15,-0.3071428571428571,100,,./report/pdb_by_site/site_all_100_31_1_1.sdf
31_1,-2.1300000000000003,-0.3042857142857143,67,,./report/pdb_by_site/site_all_67_31_1_2.sdf
31_1,-2.13,-0.30428571428571427,87,,./report/pdb_by_site/site_all_87_31_1_1.sdf
31_1,-2.13,-0.30428571428571427,70,,./report/pdb_by_site/site_all_70_31_1_1.sdf
31_1,-2.12,-0.3028571428571429,57,,./report/pdb_by_site/site_all_57_31_1_4.sdf
31_1,-2.1,-0.3,24,,./report/pdb_by_site/site_all_24_31_1_3.sdf
31_1,-2.08,-0.29714285714285715,19,,./report/pdb_by_site/site_all_19_31_1_3.sdf
31_1,-2.07,-0.2957142857142857,80,,./report/pdb_by_site/site_all_80_31_1_3.sdf
31_1,-2.068,-0.29542857142857143,34,,./report/pdb_by_site/site_all_34_31_1_1.sdf
31_1,-2.06,-0.2942857142857143,69,,./report/pdb_by_site/site_all_69_31_1_1.sdf
31_1,-2.05,-0.2928571428571428,108,,./report/pdb_by_site/site_all_108_31_1_1.sdf
31_1,-2.0420000000000003,-0.29171428571428576,36,,./report/pdb_by_site/site_all_36_31_1_3.sdf
31_1,-2.04,-0.2914285714285714,14,,./report/pdb_by_site/site_all_14_31_1_1.sdf
31_1,-2.039,-0.2912857142857143,25,,./report/pdb_by_site/site_all_25_31_1_2.sdf
31_1,-2.035,-0.29071428571428576,24,,./report/pdb_by_site/site_all_24_31_1_4.sdf
31_1,-2.03,-0.29,113,,./report/pdb_by_site/site_all_113_31_1_1.sdf
31_2,-5.401,-0.7715714285714286,4,,./report/pdb_by_site/site_all_4_31_2_1.sdf
31_2,-5.19,-0.7414285714285714,5,,./report/pdb_by_site/site_all_5_31_2_1.sdf
31_2,-4.93,-0.7042857142857143,3,,./report/pdb_by_site/site_all_3_31_2_1.sdf
31_2,-4.72,-0.6742857142857143,2,,./report/pdb_by_site/site_all_2_31_2_1.sdf
31_2,-4.59,-0.6557142857142857,5,,./report/pdb_by_site/site_all_5_31_2_2.sdf
31_2,-4.5,-0.6428571428571429,22,,./report/pdb_by_site/site_all_22_31_2_1.sdf
31_2,-4.468,-0.6382857142857142,21,,./report/pdb_by_site/site_all_21_31_2_1.sdf
31_2,-4.389,-0.627,38,,./report/pdb_by_site/site_all_38_31_2_1.sdf
31_2,-4.317,-0.6167142857142858,15,,./report/pdb_by_site/site_all_15_31_2_1.sdf
31_2,-4.3,-0.6142857142857142,9,,./report/pdb_by_site/site_all_9_31_2_1.sdf
31_2,-4.297700000000001,-0.613957142857143,12,,./report/pdb_by_site/site_all_12_31_2_1.sdf
31_2,-4.263,-0.609,14,,./report/pdb_by_site/site_all_14_31_2_1.sdf
31_2,-4.23,-0.6042857142857143,36,,./report/pdb_by_site/site_all_36_31_2_1.sdf
31_2,-4.19,-0.5985714285714286,10,,./report/pdb_by_site/site_all_10_31_2_1.sdf
31_2,-4.17,-0.5957142857142858,2,,./report/pdb_by_site/site_all_2_31_2_2.sdf
31_2,-4.16,-0.5942857142857143,17,,./report/pdb_by_site/site_all_17_31_2_1.sdf
31_2,-3.9899999999999998,-0.57,5,,./report/pdb_by_site/site_all_5_31_2_3.sdf
31_2,-3.89,-0.5557142857142857,13,,./report/pdb_by_site/site_all_13_31_2_1.sdf
31_2,-3.82,-0.5457142857142857,25,,./report/pdb_by_site/site_all_25_31_2_1.sdf
31_2,-3.81,-0.5442857142857143,11,,./report/pdb_by_site/site_all_11_31_2_1.sdf
31_2,-3.69,-0.5271428571428571,27,,./report/pdb_by_site/site_all_27_31_2_1.sdf
31_2,-3.64,-0.52,27,,./report/pdb_by_site/site_all_27_31_2_2.sdf
31_2,-3.54,-0.5057142857142857,2,,./report/pdb_by_site/site_all_2_31_2_3.sdf
31_2,-3.5389999999999997,-0.5055714285714286,31,,./report/pdb_by_site/site_all_31_31_2_1.sdf
31_2,-3.5,-0.5,10,,./report/pdb_by_site/site_all_10_31_2_2.sdf
31_2,-3.41,-0.48714285714285716,58,,./report/pdb_by_site/site_all_58_31_2_1.sdf
31_2,-3.3200000000000003,-0.4742857142857143,10,,./report/pdb_by_site/site_all_10_31_2_3.sdf
31_2,-3.31,-0.47285714285714286,18,,./report/pdb_by_site/site_all_18_31_2_1.sdf
31_2,-3.1500000000000004,-0.45000000000000007,10,,./report/pdb_by_site/site_all_10_31_2_4.sdf
31_2,-3.1500000000000004,-0.45000000000000007,24,,./report/pdb_by_site/site_all_24_31_2_1.sdf
31_2,-3.1,-0.4428571428571429,44,,./report/pdb_by_site/site_all_44_31_2_1.sdf
31_2,-3.098,-0.44257142857142856,3,,./report/pdb_by_site/site_all_3_31_2_2.sdf
31_2,-3.09,-0.4414285714285714,9,,./report/pdb_by_site/site_all_9_31_2_2.sdf
31_2,-3.0500000000000003,-0.4357142857142858,75,,./report/pdb_by_site/site_all_75_31_2_1.sdf
31_2,-3.0399999999999996,-0.4342857142857142,30,,./report/pdb_by_site/site_all_30_31_2_1.sdf
31_2,-3.0362999999999998,-0.43375714285714284,19,,./report/pdb_by_site/site_all_19_31_2_1.sdf
31_2,-3.0280000000000005,-0.43257142857142866,65,,./report/pdb_by_site/site_all_65_31_2_1.sdf
31_2,-3.008,-0.4297142857142857,14,,./report/pdb_by_site/site_all_14_31_2_2.sdf
31_2,-2.995,-0.4278571428571429,40,,./report/pdb_by_site/site_all_40_31_2_1.sdf
31_2,-2.93,-0.4185714285714286,58,,./report/pdb_by_site/site_all_58_31_2_2.sdf
31_2,-2.907,-0.4152857142857143,24,,./report/pdb_by_site/site_all_24_31_2_2.sdf
31_2,-2.821,-0.403,31,,./report/pdb_by_site/site_all_31_31_2_2.sdf
31_2,-2.8200000000000007,-0.40285714285714297,24,,./report/pdb_by_site/site_all_24_31_2_3.sdf
31_2,-2.795,-0.3992857142857143,35,,./report/pdb_by_site/site_all_35_31_2_1.sdf
31_2,-2.7859999999999996,-0.39799999999999996,12,,./report/pdb_by_site/site_all_12_31_2_2.sdf
31_2,-2.76,-0.39428571428571424,30,,./report/pdb_by_site/site_all_30_31_2_2.sdf
31_2,-2.72,-0.3885714285714286,3,,./report/pdb_by_site/site_all_3_31_2_3.sdf
31_2,-2.7199999999999998,-0.3885714285714285,36,,./report/pdb_by_site/site_all_36_31_2_2.sdf
31_2,-2.675,-0.3821428571428571,9,,./report/pdb_by_site/site_all_9_31_2_3.sdf
31_2,-2.67,-0.3814285714285714,26,,./report/pdb_by_site/site_all_26_31_2_1.sdf
31_2,-2.605,-0.37214285714285716,78,,./report/pdb_by_site/site_all_78_31_2_1.sdf
31_2,-2.602,-0.3717142857142857,54,,./report/pdb_by_site/site_all_54_31_2_1.sdf
31_2,-2.582,-0.36885714285714283,36,,./report/pdb_by_site/site_all_36_31_2_3.sdf
31_2,-2.5600000000000005,-0.36571428571428577,41,,./report/pdb_by_site/site_all_41_31_2_1.sdf
31_2,-2.508,-0.35828571428571426,109,,./report/pdb_by_site/site_all_109_31_2_1.sdf
31_2,-2.5,-0.35714285714285715,80,,./report/pdb_by_site/site_all_80_31_2_1.sdf
31_2,-2.47,-0.35285714285714287,53,,./report/pdb_by_site/site_all_53_31_2_1.sdf
31_2,-2.47,-0.35285714285714287,20,,./report/pdb_by_site/site_all_20_31_2_1.sdf
31_2,-2.435,-0.34785714285714286,81,,./report/pdb_by_site/site_all_81_31_2_1.sdf
31_2,-2.43,-0.34714285714285714,3,,./report/pdb_by_site/site_all_3_31_2_4.sdf
31_2,-2.383,-0.3404285714285714,74,,./report/pdb_by_site/site_all_74_31_2_1.sdf
31_2,-2.357,-0.33671428571428574,69,,./report/pdb_by_site/site_all_69_31_2_1.sdf
31_2,-2.34,-0.33428571428571424,96,,./report/pdb_by_site/site_all_96_31_2_1.sdf
31_2,-2.32,-0.3314285714285714,92,,./report/pdb_by_site/site_all_92_31_2_1.sdf
31_2,-2.2830000000000004,-0.3261428571428572,55,,./report/pdb_by_site/site_all_55_31_2_1.sdf
31_2,-2.279,-0.32557142857142857,67,,./report/pdb_by_site/site_all_67_31_2_1.sdf
31_2,-2.27,-0.3242857142857143,56,,./report/pdb_by_site/site_all_56_31_2_1.sdf
31_2,-2.23,-0.31857142857142856,75,,./report/pdb_by_site/site_all_75_31_2_2.sdf
31_2,-2.182,-0.3117142857142857,38,,./report/pdb_by_site/site_all_38_31_2_2.sdf
31_2,-2.1633,-0.3090428571428571,54,,./report/pdb_by_site/site_all_54_31_2_2.sdf
31_2,-2.152,-0.30742857142857144,61,,./report/pdb_by_site/site_all_61_31_2_1.sdf
31_2,-2.1500000000000004,-0.3071428571428572,57,,./report/pdb_by_site/site_all_57_31_2_1.sdf
31_2,-2.1399999999999997,-0.30571428571428566,58,,./report/pdb_by_site/site_all_58_31_2_3.sdf
31_2,-2.1390000000000002,-0.3055714285714286,53,,./report/pdb_by_site/site_all_53_31_2_2.sdf
31_2,-2.1123,-0.30175714285714283,124,,./report/pdb_by_site/site_all_124_31_2_1.sdf
31_2,-2.107,-0.30100000000000005,36,,./report/pdb_by_site/site_all_36_31_2_4.sdf
31_2,-2.1,-0.3,41,,./report/pdb_by_site/site_all_41_31_2_2.sdf
31_2,-2.0927000000000002,-0.29895714285714287,48,,./report/pdb_by_site/site_all_48_31_2_1.sdf
31_2,-2.06,-0.2942857142857143,80,,./report/pdb_by_site/site_all_80_31_2_2.sdf
31_2,-2.0500000000000003,-0.29285714285714287,22,,./report/pdb_by_site/site_all_22_31_2_2.sdf
31_2,-2.032,-0.2902857142857143,106,,./report/pdb_by_site/site_all_106_31_2_1.sdf
31_2,-2.022,-0.2888571428571428,38,,./report/pdb_by_site/site_all_38_31_2_3.sdf
31_2,-2.0140000000000002,-0.28771428571428576,21,,./report/pdb_by_site/site_all_21_31_2_2.sdf
32,-5.93,-0.8471428571428571,3,,./report/pdb_by_site/site_all_3_32_1.sdf
32,-5.09,-0.7271428571428571,10,,./report/pdb_by_site/site_all_10_32_1.sdf
32,-4.98,-0.7114285714285715,9,,./report/pdb_by_site/site_all_9_32_1.sdf
32,-4.79,-0.6842857142857143,5,,./report/pdb_by_site/site_all_5_32_1.sdf
32,-4.76,-0.6799999999999999,2,,./report/pdb_by_site/site_all_2_32_1.sdf
32,-4.75,-0.6785714285714286,11,,./report/pdb_by_site/site_all_11_32_1.sdf
32,-4.59,-0.6557142857142857,5,,./report/pdb_by_site/site_all_5_32_2.sdf
32,-4.58,-0.6542857142857142,10,,./report/pdb_by_site/site_all_10_32_2.sdf
32,-4.460000000000001,-0.6371428571428572,2,,./report/pdb_by_site/site_all_2_32_2.sdf
32,-4.26,-0.6085714285714285,12,,./report/pdb_by_site/site_all_12_32_1.sdf
32,-4.24,-0.6057142857142858,4,,./report/pdb_by_site/site_all_4_32_1.sdf
32,-4.23,-0.6042857142857143,15,,./report/pdb_by_site/site_all_15_32_1.sdf
32,-4.18,-0.5971428571428571,10,,./report/pdb_by_site/site_all_10_32_3.sdf
32,-4.15,-0.5928571428571429,24,,./report/pdb_by_site/site_all_24_32_1.sdf
32,-4.123,-0.5890000000000001,21,,./report/pdb_by_site/site_all_21_32_1.sdf
32,-3.96,-0.5657142857142857,19,,./report/pdb_by_site/site_all_19_32_1.sdf
32,-3.96,-0.5657142857142857,17,,./report/pdb_by_site/site_all_17_32_1.sdf
32,-3.95,-0.5642857142857143,22,,./report/pdb_by_site/site_all_22_32_1.sdf
32,-3.94,-0.5628571428571428,44,,./report/pdb_by_site/site_all_44_32_1.sdf
32,-3.71,-0.53,30,,./report/pdb_by_site/site_all_30_32_1.sdf
32,-3.67,-0.5242857142857142,20,,./report/pdb_by_site/site_all_20_32_1.sdf
32,-3.65,-0.5214285714285715,20,,./report/pdb_by_site/site_all_20_32_2.sdf
32,-3.64,-0.52,50,,./report/pdb_by_site/site_all_50_32_1.sdf
32,-3.62,-0.5171428571428571,56,,./report/pdb_by_site/site_all_56_32_1.sdf
32,-3.5900000000000003,-0.5128571428571429,14,,./report/pdb_by_site/site_all_14_32_1.sdf
32,-3.5700000000000003,-0.51,3,,./report/pdb_by_site/site_all_3_32_2.sdf
32,-3.56,-0.5085714285714286,36,,./report/pdb_by_site/site_all_36_32_1.sdf
32,-3.55,-0.5071428571428571,41,,./report/pdb_by_site/site_all_41_32_1.sdf
32,-3.54,-0.5057142857142857,26,,./report/pdb_by_site/site_all_26_32_1.sdf
32,-3.49,-0.4985714285714286,10,,./report/pdb_by_site/site_all_10_32_4.sdf
32,-3.4627000000000003,-0.4946714285714286,34,,./report/pdb_by_site/site_all_34_32_1.sdf
32,-3.46,-0.4942857142857143,25,,./report/pdb_by_site/site_all_25_32_1.sdf
32,-3.41,-0.48714285714285716,30,,./report/pdb_by_site/site_all_30_32_2.sdf
32,-3.3400000000000003,-0.4771428571428572,56,,./report/pdb_by_site/site_all_56_32_2.sdf
32,-3.2600000000000002,-0.46571428571428575,27,,./report/pdb_by_site/site_all_27_32_1.sdf
32,-3.079999999999999,-0.4399999999999999,80,,./report/pdb_by_site/site_all_80_32_1.sdf
32,-3.0700000000000003,-0.4385714285714286,30,,./report/pdb_by_site/site_all_30_32_3.sdf
32,-3.0599999999999996,-0.4371428571428571,53,,./report/pdb_by_site/site_all_53_32_1.sdf
32,-3.0500000000000003,-0.4357142857142858,85,,./report/pdb_by_site/site_all_85_32_1.sdf
32,-3.04,-0.4342857142857143,18,,./report/pdb_by_site/site_all_18_32_1.sdf
32,-3.035,-0.4335714285714286,41,,./report/pdb_by_site/site_all_41_32_2.sdf
32,-3.0300000000000002,-0.4328571428571429,25,,./report/pdb_by_site/site_all_25_32_2.sdf
32,-2.9899999999999998,-0.4271428571428571,9,,./report/pdb_by_site/site_all_9_32_2.sdf
32,-2.968,-0.424,38,,./report/pdb_by_site/site_all_38_32_1.sdf
32,-2.917,-0.4167142857142857,3,,./report/pdb_by_site/site_all_3_32_3.sdf
32,-2.87,-0.41000000000000003,78,,./report/pdb_by_site/site_all_78_32_1.sdf
32,-2.84,-0.4057142857142857,58,,./report/pdb_by_site/site_all_58_32_1.sdf
32,-2.801,-0.4001428571428572,35,,./report/pdb_by_site/site_all_35_32_1.sdf
32,-2.8000000000000003,-0.4,79,,./report/pdb_by_site/site_all_79_32_1.sdf
32,-2.71,-0.3871428571428571,58,,./report/pdb_by_site/site_all_58_32_2.sdf
32,-2.6799999999999997,-0.38285714285714284,24,,./report/pdb_by_site/site_all_24_32_2.sdf
32,-2.66,-0.38,109,,./report/pdb_by_site/site_all_109_32_1.sdf
32,-2.6000000000000005,-0.3714285714285715,74,,./report/pdb_by_site/site_all_74_32_1.sdf
32,-2.5700000000000003,-0.36714285714285716,10,,./report/pdb_by_site/site_all_10_32_5.sdf
32,-2.5700000000000003,-0.36714285714285716,91,,./report/pdb_by_site/site_all_91_32_1.sdf
32,-2.56,-0.3657142857142857,50,,./report/pdb_by_site/site_all_50_32_2.sdf
32,-2.535,-0.36214285714285716,81,,./report/pdb_by_site/site_all_81_32_1.sdf
32,-2.5279999999999996,-0.3611428571428571,75,,./report/pdb_by_site/site_all_75_32_1.sdf
32,-2.4899999999999998,-0.3557142857142857,14,,./report/pdb_by_site/site_all_14_32_2.sdf
32,-2.4699999999999998,-0.3528571428571428,77,,./report/pdb_by_site/site_all_77_32_1.sdf
32,-2.46,-0.3514285714285714,41,,./report/pdb_by_site/site_all_41_32_3.sdf
32,-2.4499999999999997,-0.35,108,,./report/pdb_by_site/site_all_108_32_1.sdf
32,-2.4299999999999997,-0.3471428571428571,41,,./report/pdb_by_site/site_all_41_32_4.sdf
32,-2.423,-0.34614285714285714,22,,./report/pdb_by_site/site_all_22_32_2.sdf
32,-2.42,-0.3457142857142857,27,,./report/pdb_by_site/site_all_27_32_2.sdf
32,-2.41,-0.3442857142857143,80,,./report/pdb_by_site/site_all_80_32_2.sdf
32,-2.41,-0.3442857142857143,67,,./report/pdb_by_site/site_all_67_32_1.sdf
32,-2.3899999999999997,-0.34142857142857136,109,,./report/pdb_by_site/site_all_109_32_2.sdf
32,-2.3600000000000003,-0.3371428571428572,57,,./report/pdb_by_site/site_all_57_32_1.sdf
32,-2.32,-0.3314285714285714,67,,./report/pdb_by_site/site_all_67_32_2.sdf
32,-2.2960000000000003,-0.328,38,,./report/pdb_by_site/site_all_38_32_2.sdf
32,-2.29,-0.3271428571428571,67,,./report/pdb_by_site/site_all_67_32_3.sdf
32,-2.221,-0.3172857142857143,61,,./report/pdb_by_site/site_all_61_32_1.sdf
32,-2.1999999999999997,-0.3142857142857142,93,,./report/pdb_by_site/site_all_93_32_1.sdf
32,-2.1969999999999996,-0.3138571428571428,41,,./report/pdb_by_site/site_all_41_32_5.sdf
32,-2.17,-0.31,75,,./report/pdb_by_site/site_all_75_32_2.sdf
32,-2.15,-0.3071428571428571,21,,./report/pdb_by_site/site_all_21_32_2.sdf
32,-2.12,-0.3028571428571429,11,,./report/pdb_by_site/site_all_11_32_2.sdf
32,-2.08,-0.29714285714285715,87,,./report/pdb_by_site/site_all_87_32_1.sdf
32,-2.077,-0.2967142857142857,36,,./report/pdb_by_site/site_all_36_32_2.sdf
32,-2.069,-0.29557142857142854,65,,./report/pdb_by_site/site_all_65_32_1.sdf
32,-2.05,-0.2928571428571428,125,,./report/pdb_by_site/site_all_125_32_1.sdf
32,-2.049,-0.2927142857142857,79,,./report/pdb_by_site/site_all_79_32_2.sdf
32,-2.0443000000000002,-0.29204285714285716,19,,./report/pdb_by_site/site_all_19_32_2.sdf
32,-2.04,-0.2914285714285714,57,,./report/pdb_by_site/site_all_57_32_2.sdf
32,-2.0300000000000002,-0.29000000000000004,59,,./report/pdb_by_site/site_all_59_32_1.sdf
33,-6.390000000000001,-0.9128571428571429,3,,./report/pdb_by_site/site_all_3_33_1.sdf
33,-5.869999999999999,-0.8385714285714284,3,,./report/pdb_by_site/site_all_3_33_2.sdf
33,-5.6,-0.7999999999999999,10,,./report/pdb_by_site/site_all_10_33_1.sdf
33,-5.22,-0.7457142857142857,2,,./report/pdb_by_site/site_all_2_33_1.sdf
33,-5.2,-0.7428571428571429,9,,./report/pdb_by_site/site_all_9_33_1.sdf
33,-4.890000000000001,-0.6985714285714286,11,,./report/pdb_by_site/site_all_11_33_1.sdf
33,-4.77,-0.6814285714285714,10,,./report/pdb_by_site/site_all_10_33_2.sdf
33,-4.6690000000000005,-0.667,21,,./report/pdb_by_site/site_all_21_33_1.sdf
33,-4.65,-0.6642857142857144,27,,./report/pdb_by_site/site_all_27_33_1.sdf
33,-4.43,-0.6328571428571428,5,,./report/pdb_by_site/site_all_5_33_1.sdf
33,-4.37,-0.6242857142857143,5,,./report/pdb_by_site/site_all_5_33_2.sdf
33,-4.367999999999999,-0.6239999999999999,20,,./report/pdb_by_site/site_all_20_33_1.sdf
33,-4.342,-0.6202857142857142,2,,./report/pdb_by_site/site_all_2_33_2.sdf
33,-4.3,-0.6142857142857142,19,,./report/pdb_by_site/site_all_19_33_1.sdf
33,-4.2958,-0.6136857142857143,15,,./report/pdb_by_site/site_all_15_33_1.sdf
33,-4.2219999999999995,-0.6031428571428571,2,,./report/pdb_by_site/site_all_2_33_3.sdf
33,-4.128,-0.5897142857142857,27,,./report/pdb_by_site/site_all_27_33_2.sdf
33,-4.12,-0.5885714285714286,18,,./report/pdb_by_site/site_all_18_33_1.sdf
33,-4.108,-0.5868571428571429,24,,./report/pdb_by_site/site_all_24_33_1.sdf
33,-3.94,-0.5628571428571428,17,,./report/pdb_by_site/site_all_17_33_1.sdf
33,-3.8899999999999997,-0.5557142857142857,24,,./report/pdb_by_site/site_all_24_33_2.sdf
33,-3.8899999999999997,-0.5557142857142857,12,,./report/pdb_by_site/site_all_12_33_1.sdf
33,-3.76,-0.5371428571428571,26,,./report/pdb_by_site/site_all_26_33_1.sdf
33,-3.7329999999999997,-0.5332857142857143,20,,./report/pdb_by_site/site_all_20_33_2.sdf
33,-3.6300000000000003,-0.5185714285714286,22,,./report/pdb_by_site/site_all_22_33_1.sdf
33,-3.6100000000000003,-0.5157142857142858,3,,./report/pdb_by_site/site_all_3_33_3.sdf
33,-3.53,-0.5042857142857142,10,,./report/pdb_by_site/site_all_10_33_3.sdf
33,-3.52,-0.5028571428571429,41,,./report/pdb_by_site/site_all_41_33_1.sdf
33,-3.4899999999999998,-0.49857142857142855,25,,./report/pdb_by_site/site_all_25_33_1.sdf
33,-3.4299999999999997,-0.48999999999999994,30,,./report/pdb_by_site/site_all_30_33_1.sdf
33,-3.4059999999999997,-0.48657142857142854,3,,./report/pdb_by_site/site_all_3_33_4.sdf
33,-3.361,-0.48014285714285715,14,,./report/pdb_by_site/site_all_14_33_1.sdf
33,-3.325,-0.47500000000000003,27,,./report/pdb_by_site/site_all_27_33_3.sdf
33,-3.2669999999999995,-0.46671428571428564,19,,./report/pdb_by_site/site_all_19_33_2.sdf
33,-3.197,-0.45671428571428574,3,,./report/pdb_by_site/site_all_3_33_5.sdf
33,-3.165,-0.4521428571428571,30,,./report/pdb_by_site/site_all_30_33_2.sdf
33,-3.154,-0.45057142857142857,53,,./report/pdb_by_site/site_all_53_33_1.sdf
33,-3.061,-0.4372857142857143,21,,./report/pdb_by_site/site_all_21_33_2.sdf
33,-3.04,-0.4342857142857143,56,,./report/pdb_by_site/site_all_56_33_1.sdf
33,-3.019,-0.43128571428571433,44,,./report/pdb_by_site/site_all_44_33_1.sdf
33,-2.998,-0.4282857142857143,5,,./report/pdb_by_site/site_all_5_33_3.sdf
33,-2.8679999999999994,-0.40971428571428564,10,,./report/pdb_by_site/site_all_10_33_4.sdf
33,-2.8507,-0.40724285714285713,27,,./report/pdb_by_site/site_all_27_33_4.sdf
33,-2.85,-0.40714285714285714,4,,./report/pdb_by_site/site_all_4_33_1.sdf
33,-2.84,-0.4057142857142857,36,,./report/pdb_by_site/site_all_36_33_1.sdf
33,-2.839,-0.4055714285714286,38,,./report/pdb_by_site/site_all_38_33_1.sdf
33,-2.8299999999999996,-0.40428571428571425,80,,./report/pdb_by_site/site_all_80_33_1.sdf
33,-2.82,-0.40285714285714286,57,,./report/pdb_by_site/site_all_57_33_1.sdf
33,-2.78,-0.39714285714285713,58,,./report/pdb_by_site/site_all_58_33_1.sdf
33,-2.7720000000000002,-0.396,61,,./report/pdb_by_site/site_all_61_33_1.sdf
33,-2.76,-0.39428571428571424,58,,./report/pdb_by_site/site_all_58_33_2.sdf
33,-2.76,-0.39428571428571424,24,,./report/pdb_by_site/site_all_24_33_3.sdf
33,-2.74,-0.39142857142857146,17,,./report/pdb_by_site/site_all_17_33_2.sdf
33,-2.733,-0.39042857142857146,25,,./report/pdb_by_site/site_all_25_33_2.sdf
33,-2.706,-0.38657142857142857,94,,./report/pdb_by_site/site_all_94_33_1.sdf
33,-2.699,-0.38557142857142856,10,,./report/pdb_by_site/site_all_10_33_5.sdf
33,-2.686,-0.38371428571428573,74,,./report/pdb_by_site/site_all_74_33_1.sdf
33,-2.668,-0.38114285714285717,78,,./report/pdb_by_site/site_all_78_33_1.sdf
33,-2.6500000000000004,-0.3785714285714286,85,,./report/pdb_by_site/site_all_85_33_1.sdf
33,-2.614,-0.3734285714285714,31,,./report/pdb_by_site/site_all_31_33_1.sdf
33,-2.5450000000000004,-0.3635714285714286,96,,./report/pdb_by_site/site_all_96_33_1.sdf
33,-2.522,-0.36028571428571426,75,,./report/pdb_by_site/site_all_75_33_1.sdf
33,-2.499,-0.35700000000000004,30,,./report/pdb_by_site/site_all_30_33_3.sdf
33,-2.492,-0.356,102,,./report/pdb_by_site/site_all_102_33_1.sdf
33,-2.4699999999999998,-0.3528571428571428,41,,./report/pdb_by_site/site_all_41_33_2.sdf
33,-2.4619999999999997,-0.3517142857142857,57,,./report/pdb_by_site/site_all_57_33_2.sdf
33,-2.4499999999999997,-0.35,36,,./report/pdb_by_site/site_all_36_33_2.sdf
33,-2.4400000000000004,-0.34857142857142864,41,,./report/pdb_by_site/site_all_41_33_3.sdf
33,-2.408,-0.344,41,,./report/pdb_by_site/site_all_41_33_4.sdf
33,-2.3810000000000002,-0.3401428571428572,80,,./report/pdb_by_site/site_all_80_33_2.sdf
33,-2.373,-0.339,85,,./report/pdb_by_site/site_all_85_33_2.sdf
33,-2.363,-0.3375714285714286,91,,./report/pdb_by_site/site_all_91_33_1.sdf
33,-2.3614,-0.33734285714285717,53,,./report/pdb_by_site/site_all_53_33_2.sdf
33,-2.355,-0.3364285714285714,81,,./report/pdb_by_site/site_all_81_33_1.sdf
33,-2.3541,-0.3363,51,,./report/pdb_by_site/site_all_51_33_1.sdf
33,-2.342,-0.3345714285714286,79,,./report/pdb_by_site/site_all_79_33_1.sdf
33,-2.322,-0.33171428571428574,67,,./report/pdb_by_site/site_all_67_33_1.sdf
33,-2.295,-0.32785714285714285,80,,./report/pdb_by_site/site_all_80_33_3.sdf
33,-2.289,-0.327,61,,./report/pdb_by_site/site_all_61_33_2.sdf
33,-2.286,-0.32657142857142857,11,,./report/pdb_by_site/site_all_11_33_2.sdf
33,-2.2800000000000002,-0.32571428571428573,77,,./report/pdb_by_site/site_all_77_33_1.sdf
33,-2.239,-0.31985714285714284,115,,./report/pdb_by_site/site_all_115_33_1.sdf
33,-2.2319999999999998,-0.31885714285714284,67,,./report/pdb_by_site/site_all_67_33_2.sdf
33,-2.216,-0.3165714285714286,36,,./report/pdb_by_site/site_all_36_33_3.sdf
33,-2.21,-0.3157142857142857,80,,./report/pdb_by_site/site_all_80_33_4.sdf
33,-2.1813,-0.3116142857142857,108,,./report/pdb_by_site/site_all_108_33_1.sdf
33,-2.18,-0.31142857142857144,56,,./report/pdb_by_site/site_all_56_33_2.sdf
33,-2.174,-0.31057142857142855,22,,./report/pdb_by_site/site_all_22_33_2.sdf
33,-2.15,-0.3071428571428571,76,,./report/pdb_by_site/site_all_76_33_1.sdf
33,-2.09,-0.29857142857142854,78,,./report/pdb_by_site/site_all_78_33_2.sdf
33,-2.0669999999999997,-0.29528571428571426,17,,./report/pdb_by_site/site_all_17_33_3.sdf
33,-2.066,-0.2951428571428571,60,,./report/pdb_by_site/site_all_60_33_1.sdf
33,-2.046,-0.29228571428571426,109,,./report/pdb_by_site/site_all_109_33_1.sdf
33,-2.043,-0.29185714285714287,116,,./report/pdb_by_site/site_all_116_33_1.sdf
33,-2.008,-0.28685714285714287,25,,./report/pdb_by_site/site_all_25_33_3.sdf
33,-2.007,-0.28671428571428575,114,,./report/pdb_by_site/site_all_114_33_1.sdf
34,-4.659999999999999,-0.6657142857142856,3,,./report/pdb_by_site/site_all_3_34_1.sdf
34,-4.529999999999999,-0.647142857142857,17,,./report/pdb_by_site/site_all_17_34_1.sdf
34,-4.390000000000001,-0.6271428571428572,2,,./report/pdb_by_site/site_all_2_34_1.sdf
34,-4.2700000000000005,-0.6100000000000001,9,,./report/pdb_by_site/site_all_9_34_1.sdf
34,-4.05,-0.5785714285714285,41,,./report/pdb_by_site/site_all_41_34_1.sdf
34,-3.9200000000000004,-0.56,2,,./report/pdb_by_site/site_all_2_34_2.sdf
34,-3.9000000000000004,-0.5571428571428572,30,,./report/pdb_by_site/site_all_30_34_1.sdf
34,-3.87,-0.5528571428571428,10,,./report/pdb_by_site/site_all_10_34_1.sdf
34,-3.78,-0.5399999999999999,11,,./report/pdb_by_site/site_all_11_34_1.sdf
34,-3.7299999999999995,-0.5328571428571428,18,,./report/pdb_by_site/site_all_18_34_1.sdf
34,-3.7,-0.5285714285714286,25,,./report/pdb_by_site/site_all_25_34_1.sdf
34,-3.6099999999999994,-0.5157142857142857,10,,./report/pdb_by_site/site_all_10_34_2.sdf
34,-3.5799999999999996,-0.5114285714285713,5,,./report/pdb_by_site/site_all_5_34_1.sdf
34,-3.5020000000000002,-0.5002857142857143,4,,./report/pdb_by_site/site_all_4_34_1.sdf
34,-3.4499999999999997,-0.4928571428571428,3,,./report/pdb_by_site/site_all_3_34_2.sdf
34,-3.4299999999999997,-0.48999999999999994,12,,./report/pdb_by_site/site_all_12_34_1.sdf
34,-3.35,-0.4785714285714286,57,,./report/pdb_by_site/site_all_57_34_1.sdf
34,-3.2900000000000005,-0.4700000000000001,24,,./report/pdb_by_site/site_all_24_34_1.sdf
34,-3.27,-0.46714285714285714,26,,./report/pdb_by_site/site_all_26_34_1.sdf
34,-3.2600000000000002,-0.46571428571428575,70,,./report/pdb_by_site/site_all_70_34_1.sdf
34,-3.2299999999999995,-0.46142857142857135,19,,./report/pdb_by_site/site_all_19_34_1.sdf
34,-3.1900000000000004,-0.4557142857142858,3,,./report/pdb_by_site/site_all_3_34_3.sdf
34,-3.1599999999999997,-0.4514285714285714,27,,./report/pdb_by_site/site_all_27_34_1.sdf
34,-3.1300000000000003,-0.4471428571428572,22,,./report/pdb_by_site/site_all_22_34_1.sdf
34,-3.1199999999999997,-0.4457142857142857,22,,./report/pdb_by_site/site_all_22_34_2.sdf
34,-3.05,-0.43571428571428567,49,,./report/pdb_by_site/site_all_49_34_1.sdf
34,-3.04,-0.4342857142857143,20,,./report/pdb_by_site/site_all_20_34_1.sdf
34,-2.97,-0.4242857142857143,80,,./report/pdb_by_site/site_all_80_34_1.sdf
34,-2.92,-0.41714285714285715,58,,./report/pdb_by_site/site_all_58_34_1.sdf
34,-2.9099999999999997,-0.41571428571428565,36,,./report/pdb_by_site/site_all_36_34_1.sdf
34,-2.8299999999999996,-0.40428571428571425,67,,./report/pdb_by_site/site_all_67_34_1.sdf
34,-2.82,-0.40285714285714286,45,,./report/pdb_by_site/site_all_45_34_1.sdf
34,-2.75,-0.39285714285714285,96,,./report/pdb_by_site/site_all_96_34_1.sdf
34,-2.6999999999999993,-0.3857142857142856,5,,./report/pdb_by_site/site_all_5_34_2.sdf
34,-2.657,-0.37957142857142856,98,,./report/pdb_by_site/site_all_98_34_1.sdf
34,-2.6500000000000004,-0.3785714285714286,21,,./report/pdb_by_site/site_all_21_34_1.sdf
34,-2.63,-0.3757142857142857,44,,./report/pdb_by_site/site_all_44_34_1.sdf
34,-2.59,-0.37,70,,./report/pdb_by_site/site_all_70_34_2.sdf
34,-2.5500000000000003,-0.3642857142857143,105,,./report/pdb_by_site/site_all_105_34_1.sdf
34,-2.51,-0.35857142857142854,58,,./report/pdb_by_site/site_all_58_34_2.sdf
34,-2.5000000000000004,-0.3571428571428572,87,,./report/pdb_by_site/site_all_87_34_1.sdf
34,-2.4699999999999998,-0.3528571428571428,91,,./report/pdb_by_site/site_all_91_34_1.sdf
34,-2.46,-0.3514285714285714,77,,./report/pdb_by_site/site_all_77_34_1.sdf
34,-2.46,-0.3514285714285714,79,,./report/pdb_by_site/site_all_79_34_1.sdf
34,-2.4499999999999997,-0.35,15,,./report/pdb_by_site/site_all_15_34_1.sdf
34,-2.39,-0.34142857142857147,30,,./report/pdb_by_site/site_all_30_34_2.sdf
34,-2.32,-0.3314285714285714,111,,./report/pdb_by_site/site_all_111_34_1.sdf
34,-2.3000000000000003,-0.3285714285714286,24,,./report/pdb_by_site/site_all_24_34_2.sdf
34,-2.295,-0.32785714285714285,56,,./report/pdb_by_site/site_all_56_34_1.sdf
34,-2.28,-0.3257142857142857,21,,./report/pdb_by_site/site_all_21_34_2.sdf
34,-2.2300000000000004,-0.3185714285714286,85,,./report/pdb_by_site/site_all_85_34_1.sdf
34,-2.21,-0.3157142857142857,57,,./report/pdb_by_site/site_all_57_34_2.sdf
34,-2.19,-0.31285714285714283,69,,./report/pdb_by_site/site_all_69_34_1.sdf
34,-2.19,-0.31285714285714283,111,,./report/pdb_by_site/site_all_111_34_2.sdf
34,-2.18,-0.31142857142857144,121,,./report/pdb_by_site/site_all_121_34_1.sdf
34,-2.18,-0.31142857142857144,41,,./report/pdb_by_site/site_all_41_34_2.sdf
34,-2.1700000000000004,-0.31000000000000005,30,,./report/pdb_by_site/site_all_30_34_3.sdf
34,-2.17,-0.31,74,,./report/pdb_by_site/site_all_74_34_1.sdf
34,-2.17,-0.31,57,,./report/pdb_by_site/site_all_57_34_3.sdf
34,-2.15,-0.3071428571428571,26,,./report/pdb_by_site/site_all_26_34_2.sdf
34,-2.15,-0.3071428571428571,85,,./report/pdb_by_site/site_all_85_34_2.sdf
34,-2.13,-0.30428571428571427,93,,./report/pdb_by_site/site_all_93_34_1.sdf
34,-2.12,-0.3028571428571429,67,,./report/pdb_by_site/site_all_67_34_2.sdf
34,-2.1100000000000003,-0.3014285714285715,129,,./report/pdb_by_site/site_all_129_34_1.sdf
34,-2.1100000000000003,-0.3014285714285715,10,,./report/pdb_by_site/site_all_10_34_3.sdf
34,-2.09,-0.29857142857142854,11,,./report/pdb_by_site/site_all_11_34_2.sdf
34,-2.08,-0.29714285714285715,115,,./report/pdb_by_site/site_all_115_34_1.sdf
34,-2.07,-0.2957142857142857,80,,./report/pdb_by_site/site_all_80_34_2.sdf
34,-2.04,-0.2914285714285714,56,,./report/pdb_by_site/site_all_56_34_2.sdf
34,-2.03,-0.29,81,,./report/pdb_by_site/site_all_81_34_1.sdf
34,-2.02,-0.2885714285714286,27,,./report/pdb_by_site/site_all_27_34_2.sdf
34,-2.02,-0.2885714285714286,60,,./report/pdb_by_site/site_all_60_34_1.sdf
34,-2.013,-0.28757142857142853,24,,./report/pdb_by_site/site_all_24_34_3.sdf
35_1,-6.553,-1.0921666666666667,3,,./report/pdb_by_site/site_all_3_35_1_1.sdf
35_1,-6.0200000000000005,-1.0033333333333334,10,,./report/pdb_by_site/site_all_10_35_1_1.sdf
35_1,-5.586,-0.931,9,,./report/pdb_by_site/site_all_9_35_1_1.sdf
35_1,-5.15,-0.8583333333333334,5,,./report/pdb_by_site/site_all_5_35_1_1.sdf
35_1,-5.03,-0.8383333333333334,11,,./report/pdb_by_site/site_all_11_35_1_1.sdf
35_1,-4.952,-0.8253333333333334,10,,./report/pdb_by_site/site_all_10_35_1_2.sdf
35_1,-4.890000000000001,-0.8150000000000001,2,,./report/pdb_by_site/site_all_2_35_1_1.sdf
35_1,-4.8500000000000005,-0.8083333333333335,10,,./report/pdb_by_site/site_all_10_35_1_3.sdf
35_1,-4.7700000000000005,-0.795,21,,./report/pdb_by_site/site_all_21_35_1_1.sdf
35_1,-4.720000000000001,-0.7866666666666667,24,,./report/pdb_by_site/site_all_24_35_1_1.sdf
35_1,-4.39,-0.7316666666666666,10,,./report/pdb_by_site/site_all_10_35_1_4.sdf
35_1,-4.181,-0.6968333333333333,10,,./report/pdb_by_site/site_all_10_35_1_5.sdf
35_1,-4.18,-0.6966666666666667,2,,./report/pdb_by_site/site_all_2_35_1_2.sdf
35_1,-4.14,-0.69,18,,./report/pdb_by_site/site_all_18_35_1_1.sdf
35_1,-4.03,-0.6716666666666667,2,,./report/pdb_by_site/site_all_2_35_1_3.sdf
35_1,-3.95,-0.6583333333333333,3,,./report/pdb_by_site/site_all_3_35_1_2.sdf
35_1,-3.91,-0.6516666666666667,22,,./report/pdb_by_site/site_all_22_35_1_1.sdf
35_1,-3.9000000000000004,-0.65,17,,./report/pdb_by_site/site_all_17_35_1_1.sdf
35_1,-3.889,-0.6481666666666667,15,,./report/pdb_by_site/site_all_15_35_1_1.sdf
35_1,-3.8600000000000003,-0.6433333333333334,20,,./report/pdb_by_site/site_all_20_35_1_1.sdf
35_1,-3.8040000000000003,-0.634,19,,./report/pdb_by_site/site_all_19_35_1_1.sdf
35_1,-3.8000000000000007,-0.6333333333333334,27,,./report/pdb_by_site/site_all_27_35_1_1.sdf
35_1,-3.8000000000000003,-0.6333333333333334,5,,./report/pdb_by_site/site_all_5_35_1_2.sdf
35_1,-3.75,-0.625,2,,./report/pdb_by_site/site_all_2_35_1_4.sdf
35_1,-3.71,-0.6183333333333333,24,,./report/pdb_by_site/site_all_24_35_1_2.sdf
35_1,-3.68,-0.6133333333333334,25,,./report/pdb_by_site/site_all_25_35_1_1.sdf
35_1,-3.5900000000000003,-0.5983333333333334,38,,./report/pdb_by_site/site_all_38_35_1_1.sdf
35_1,-3.58,-0.5966666666666667,3,,./report/pdb_by_site/site_all_3_35_1_3.sdf
35_1,-3.579,-0.5965,12,,./report/pdb_by_site/site_all_12_35_1_1.sdf
35_1,-3.52,-0.5866666666666667,12,,./report/pdb_by_site/site_all_12_35_1_2.sdf
35_1,-3.48,-0.58,41,,./report/pdb_by_site/site_all_41_35_1_1.sdf
35_1,-3.44,-0.5733333333333334,5,,./report/pdb_by_site/site_all_5_35_1_3.sdf
35_1,-3.37,-0.5616666666666666,3,,./report/pdb_by_site/site_all_3_35_1_4.sdf
35_1,-3.36,-0.5599999999999999,57,,./report/pdb_by_site/site_all_57_35_1_1.sdf
35_1,-3.34,-0.5566666666666666,35,,./report/pdb_by_site/site_all_35_35_1_1.sdf
35_1,-3.31,-0.5516666666666666,56,,./report/pdb_by_site/site_all_56_35_1_1.sdf
35_1,-3.2800000000000002,-0.5466666666666667,9,,./report/pdb_by_site/site_all_9_35_1_2.sdf
35_1,-3.23,-0.5383333333333333,30,,./report/pdb_by_site/site_all_30_35_1_1.sdf
35_1,-3.1999999999999997,-0.5333333333333333,36,,./report/pdb_by_site/site_all_36_35_1_1.sdf
35_1,-3.1500000000000004,-0.525,30,,./report/pdb_by_site/site_all_30_35_1_2.sdf
35_1,-3.09,-0.515,53,,./report/pdb_by_site/site_all_53_35_1_1.sdf
35_1,-3.08,-0.5133333333333333,19,,./report/pdb_by_site/site_all_19_35_1_2.sdf
35_1,-3.076,-0.5126666666666667,22,,./report/pdb_by_site/site_all_22_35_1_2.sdf
35_1,-3.0700000000000003,-0.5116666666666667,27,,./report/pdb_by_site/site_all_27_35_1_2.sdf
35_1,-3.0600000000000005,-0.5100000000000001,34,,./report/pdb_by_site/site_all_34_35_1_1.sdf
35_1,-2.9800000000000004,-0.49666666666666676,74,,./report/pdb_by_site/site_all_74_35_1_1.sdf
35_1,-2.9399999999999995,-0.48999999999999994,30,,./report/pdb_by_site/site_all_30_35_1_3.sdf
35_1,-2.91,-0.48500000000000004,10,,./report/pdb_by_site/site_all_10_35_1_6.sdf
35_1,-2.9080000000000004,-0.48466666666666675,26,,./report/pdb_by_site/site_all_26_35_1_1.sdf
35_1,-2.8699999999999997,-0.4783333333333333,58,,./report/pdb_by_site/site_all_58_35_1_1.sdf
35_1,-2.8499999999999996,-0.4749999999999999,80,,./report/pdb_by_site/site_all_80_35_1_1.sdf
35_1,-2.8400000000000003,-0.4733333333333334,56,,./report/pdb_by_site/site_all_56_35_1_2.sdf
35_1,-2.8089999999999997,-0.4681666666666666,53,,./report/pdb_by_site/site_all_53_35_1_2.sdf
35_1,-2.7199999999999998,-0.4533333333333333,17,,./report/pdb_by_site/site_all_17_35_1_2.sdf
35_1,-2.71,-0.45166666666666666,56,,./report/pdb_by_site/site_all_56_35_1_3.sdf
35_1,-2.64,-0.44,79,,./report/pdb_by_site/site_all_79_35_1_1.sdf
35_1,-2.64,-0.44,41,,./report/pdb_by_site/site_all_41_35_1_2.sdf
35_1,-2.6100000000000003,-0.43500000000000005,85,,./report/pdb_by_site/site_all_85_35_1_1.sdf
35_1,-2.6100000000000003,-0.43500000000000005,41,,./report/pdb_by_site/site_all_41_35_1_3.sdf
35_1,-2.6,-0.43333333333333335,44,,./report/pdb_by_site/site_all_44_35_1_1.sdf
35_1,-2.5999999999999996,-0.4333333333333333,11,,./report/pdb_by_site/site_all_11_35_1_2.sdf
35_1,-2.564,-0.42733333333333334,24,,./report/pdb_by_site/site_all_24_35_1_3.sdf
35_1,-2.545,-0.42416666666666664,61,,./report/pdb_by_site/site_all_61_35_1_1.sdf
35_1,-2.54,-0.42333333333333334,57,,./report/pdb_by_site/site_all_57_35_1_2.sdf
35_1,-2.52,-0.42,70,,./report/pdb_by_site/site_all_70_35_1_1.sdf
35_1,-2.498,-0.4163333333333334,10,,./report/pdb_by_site/site_all_10_35_1_7.sdf
35_1,-2.481,-0.4135,41,,./report/pdb_by_site/site_all_41_35_1_4.sdf
35_1,-2.48,-0.41333333333333333,75,,./report/pdb_by_site/site_all_75_35_1_1.sdf
35_1,-2.47,-0.4116666666666667,22,,./report/pdb_by_site/site_all_22_35_1_3.sdf
35_1,-2.47,-0.4116666666666667,81,,./report/pdb_by_site/site_all_81_35_1_1.sdf
35_1,-2.465,-0.41083333333333333,115,,./report/pdb_by_site/site_all_115_35_1_1.sdf
35_1,-2.4429999999999996,-0.4071666666666666,27,,./report/pdb_by_site/site_all_27_35_1_3.sdf
35_1,-2.407,-0.40116666666666667,58,,./report/pdb_by_site/site_all_58_35_1_2.sdf
35_1,-2.4000000000000004,-0.4000000000000001,44,,./report/pdb_by_site/site_all_44_35_1_2.sdf
35_1,-2.3400000000000003,-0.39000000000000007,25,,./report/pdb_by_site/site_all_25_35_1_2.sdf
35_1,-2.34,-0.38999999999999996,61,,./report/pdb_by_site/site_all_61_35_1_2.sdf
35_1,-2.33,-0.38833333333333336,80,,./report/pdb_by_site/site_all_80_35_1_2.sdf
35_1,-2.33,-0.38833333333333336,36,,./report/pdb_by_site/site_all_36_35_1_2.sdf
35_1,-2.284,-0.38066666666666665,20,,./report/pdb_by_site/site_all_20_35_1_2.sdf
35_1,-2.26,-0.37666666666666665,81,,./report/pdb_by_site/site_all_81_35_1_2.sdf
35_1,-2.2129999999999996,-0.3688333333333333,14,,./report/pdb_by_site/site_all_14_35_1_1.sdf
35_1,-2.21,-0.36833333333333335,80,,./report/pdb_by_site/site_all_80_35_1_3.sdf
35_1,-2.21,-0.36833333333333335,65,,./report/pdb_by_site/site_all_65_35_1_1.sdf
35_1,-2.1790000000000003,-0.3631666666666667,9,,./report/pdb_by_site/site_all_9_35_1_3.sdf
35_1,-2.17,-0.36166666666666664,111,,./report/pdb_by_site/site_all_111_35_1_1.sdf
35_1,-2.17,-0.36166666666666664,113,,./report/pdb_by_site/site_all_113_35_1_1.sdf
35_1,-2.1300000000000003,-0.35500000000000004,54,,./report/pdb_by_site/site_all_54_35_1_1.sdf
35_1,-2.13,-0.355,75,,./report/pdb_by_site/site_all_75_35_1_2.sdf
35_1,-2.11,-0.3516666666666666,77,,./report/pdb_by_site/site_all_77_35_1_1.sdf
35_1,-2.096,-0.34933333333333333,109,,./report/pdb_by_site/site_all_109_35_1_1.sdf
35_1,-2.091,-0.34850000000000003,91,,./report/pdb_by_site/site_all_91_35_1_1.sdf
35_1,-2.091,-0.34850000000000003,31,,./report/pdb_by_site/site_all_31_35_1_1.sdf
35_1,-2.072,-0.3453333333333333,109,,./report/pdb_by_site/site_all_109_35_1_2.sdf
35_1,-2.069,-0.3448333333333333,108,,./report/pdb_by_site/site_all_108_35_1_1.sdf
35_1,-2.0683000000000002,-0.3447166666666667,79,,./report/pdb_by_site/site_all_79_35_1_2.sdf
35_1,-2.0300000000000002,-0.3383333333333334,67,,./report/pdb_by_site/site_all_67_35_1_1.sdf
35_1,-2.024,-0.3373333333333333,34,,./report/pdb_by_site/site_all_34_35_1_2.sdf
35_2,-7.26,-1.21,3,,./report/pdb_by_site/site_all_3_35_2_1.sdf
35_2,-6.720000000000001,-1.12,4,,./report/pdb_by_site/site_all_4_35_2_1.sdf
35_2,-6.159999999999999,-1.0266666666666666,9,,./report/pdb_by_site/site_all_9_35_2_1.sdf
35_2,-5.95,-0.9916666666666667,11,,./report/pdb_by_site/site_all_11_35_2_1.sdf
35_2,-5.67,-0.945,2,,./report/pdb_by_site/site_all_2_35_2_1.sdf
35_2,-5.619999999999999,-0.9366666666666665,10,,./report/pdb_by_site/site_all_10_35_2_1.sdf
35_2,-5.550000000000001,-0.9250000000000002,2,,./report/pdb_by_site/site_all_2_35_2_2.sdf
35_2,-5.42,-0.9033333333333333,5,,./report/pdb_by_site/site_all_5_35_2_1.sdf
35_2,-5.3,-0.8833333333333333,5,,./report/pdb_by_site/site_all_5_35_2_2.sdf
35_2,-5.159999999999999,-0.8599999999999999,21,,./report/pdb_by_site/site_all_21_35_2_1.sdf
35_2,-5.04,-0.84,15,,./report/pdb_by_site/site_all_15_35_2_1.sdf
35_2,-5.0,-0.8333333333333334,24,,./report/pdb_by_site/site_all_24_35_2_1.sdf
35_2,-4.9,-0.8166666666666668,27,,./report/pdb_by_site/site_all_27_35_2_1.sdf
35_2,-4.717,-0.7861666666666666,19,,./report/pdb_by_site/site_all_19_35_2_1.sdf
35_2,-4.58,-0.7633333333333333,10,,./report/pdb_by_site/site_all_10_35_2_2.sdf
35_2,-4.57,-0.7616666666666667,20,,./report/pdb_by_site/site_all_20_35_2_1.sdf
35_2,-4.54,-0.7566666666666667,22,,./report/pdb_by_site/site_all_22_35_2_1.sdf
35_2,-4.441000000000001,-0.7401666666666668,12,,./report/pdb_by_site/site_all_12_35_2_1.sdf
35_2,-4.4399999999999995,-0.7399999999999999,20,,./report/pdb_by_site/site_all_20_35_2_2.sdf
35_2,-4.43,-0.7383333333333333,19,,./report/pdb_by_site/site_all_19_35_2_2.sdf
35_2,-4.34,-0.7233333333333333,2,,./report/pdb_by_site/site_all_2_35_2_3.sdf
35_2,-4.3,-0.7166666666666667,3,,./report/pdb_by_site/site_all_3_35_2_2.sdf
35_2,-4.1899999999999995,-0.6983333333333333,18,,./report/pdb_by_site/site_all_18_35_2_1.sdf
35_2,-4.05,-0.6749999999999999,3,,./report/pdb_by_site/site_all_3_35_2_3.sdf
35_2,-4.01,-0.6683333333333333,26,,./report/pdb_by_site/site_all_26_35_2_1.sdf
35_2,-3.9899999999999998,-0.6649999999999999,17,,./report/pdb_by_site/site_all_17_35_2_1.sdf
35_2,-3.9899999999999998,-0.6649999999999999,38,,./report/pdb_by_site/site_all_38_35_2_1.sdf
35_2,-3.93,-0.655,3,,./report/pdb_by_site/site_all_3_35_2_4.sdf
35_2,-3.81,-0.635,35,,./report/pdb_by_site/site_all_35_35_2_1.sdf
35_2,-3.7699999999999996,-0.6283333333333333,10,,./report/pdb_by_site/site_all_10_35_2_3.sdf
35_2,-3.744,-0.624,20,,./report/pdb_by_site/site_all_20_35_2_3.sdf
35_2,-3.71,-0.6183333333333333,53,,./report/pdb_by_site/site_all_53_35_2_1.sdf
35_2,-3.6999999999999997,-0.6166666666666666,30,,./report/pdb_by_site/site_all_30_35_2_1.sdf
35_2,-3.69,-0.615,44,,./report/pdb_by_site/site_all_44_35_2_1.sdf
35_2,-3.665,-0.6108333333333333,9,,./report/pdb_by_site/site_all_9_35_2_2.sdf
35_2,-3.66,-0.61,10,,./report/pdb_by_site/site_all_10_35_2_4.sdf
35_2,-3.63,-0.605,30,,./report/pdb_by_site/site_all_30_35_2_2.sdf
35_2,-3.5999999999999996,-0.6,30,,./report/pdb_by_site/site_all_30_35_2_3.sdf
35_2,-3.5600000000000005,-0.5933333333333334,25,,./report/pdb_by_site/site_all_25_35_2_1.sdf
35_2,-3.52,-0.5866666666666667,34,,./report/pdb_by_site/site_all_34_35_2_1.sdf
35_2,-3.4899999999999998,-0.5816666666666667,57,,./report/pdb_by_site/site_all_57_35_2_1.sdf
35_2,-3.37,-0.5616666666666666,27,,./report/pdb_by_site/site_all_27_35_2_2.sdf
35_2,-3.34,-0.5566666666666666,56,,./report/pdb_by_site/site_all_56_35_2_1.sdf
35_2,-3.2973,-0.54955,75,,./report/pdb_by_site/site_all_75_35_2_1.sdf
35_2,-3.25,-0.5416666666666666,41,,./report/pdb_by_site/site_all_41_35_2_1.sdf
35_2,-3.1679999999999997,-0.5279999999999999,61,,./report/pdb_by_site/site_all_61_35_2_1.sdf
35_2,-3.1,-0.5166666666666667,22,,./report/pdb_by_site/site_all_22_35_2_2.sdf
35_2,-3.0999999999999996,-0.5166666666666666,5,,./report/pdb_by_site/site_all_5_35_2_3.sdf
35_2,-3.08,-0.5133333333333333,85,,./report/pdb_by_site/site_all_85_35_2_1.sdf
35_2,-3.01,-0.5016666666666666,56,,./report/pdb_by_site/site_all_56_35_2_2.sdf
35_2,-3.0,-0.5,56,,./report/pdb_by_site/site_all_56_35_2_3.sdf
35_2,-2.98,-0.49666666666666665,74,,./report/pdb_by_site/site_all_74_35_2_1.sdf
35_2,-2.96,-0.49333333333333335,41,,./report/pdb_by_site/site_all_41_35_2_2.sdf
35_2,-2.95,-0.4916666666666667,58,,./report/pdb_by_site/site_all_58_35_2_1.sdf
35_2,-2.9299999999999997,-0.4883333333333333,80,,./report/pdb_by_site/site_all_80_35_2_1.sdf
35_2,-2.92,-0.48666666666666664,61,,./report/pdb_by_site/site_all_61_35_2_2.sdf
35_2,-2.91,-0.48500000000000004,74,,./report/pdb_by_site/site_all_74_35_2_2.sdf
35_2,-2.9099999999999997,-0.48499999999999993,10,,./report/pdb_by_site/site_all_10_35_2_5.sdf
35_2,-2.878,-0.4796666666666667,58,,./report/pdb_by_site/site_all_58_35_2_2.sdf
35_2,-2.87,-0.47833333333333333,70,,./report/pdb_by_site/site_all_70_35_2_1.sdf
35_2,-2.8600000000000003,-0.47666666666666674,96,,./report/pdb_by_site/site_all_96_35_2_1.sdf
35_2,-2.803,-0.4671666666666667,27,,./report/pdb_by_site/site_all_27_35_2_3.sdf
35_2,-2.79,-0.465,75,,./report/pdb_by_site/site_all_75_35_2_2.sdf
35_2,-2.79,-0.465,80,,./report/pdb_by_site/site_all_80_35_2_2.sdf
35_2,-2.78,-0.4633333333333333,78,,./report/pdb_by_site/site_all_78_35_2_1.sdf
35_2,-2.77,-0.46166666666666667,79,,./report/pdb_by_site/site_all_79_35_2_1.sdf
35_2,-2.7699999999999996,-0.4616666666666666,41,,./report/pdb_by_site/site_all_41_35_2_3.sdf
35_2,-2.747,-0.4578333333333333,27,,./report/pdb_by_site/site_all_27_35_2_4.sdf
35_2,-2.73,-0.455,57,,./report/pdb_by_site/site_all_57_35_2_2.sdf
35_2,-2.7199999999999998,-0.4533333333333333,65,,./report/pdb_by_site/site_all_65_35_2_1.sdf
35_2,-2.701,-0.45016666666666666,102,,./report/pdb_by_site/site_all_102_35_2_1.sdf
35_2,-2.64,-0.44,81,,./report/pdb_by_site/site_all_81_35_2_1.sdf
35_2,-2.617,-0.43616666666666665,67,,./report/pdb_by_site/site_all_67_35_2_1.sdf
35_2,-2.589,-0.4315,14,,./report/pdb_by_site/site_all_14_35_2_1.sdf
35_2,-2.5599999999999996,-0.4266666666666666,30,,./report/pdb_by_site/site_all_30_35_2_4.sdf
35_2,-2.5500000000000003,-0.42500000000000004,10,,./report/pdb_by_site/site_all_10_35_2_6.sdf
35_2,-2.54,-0.42333333333333334,77,,./report/pdb_by_site/site_all_77_35_2_1.sdf
35_2,-2.5370000000000004,-0.4228333333333334,58,,./report/pdb_by_site/site_all_58_35_2_3.sdf
35_2,-2.5160000000000005,-0.4193333333333334,36,,./report/pdb_by_site/site_all_36_35_2_1.sdf
35_2,-2.51,-0.4183333333333333,11,,./report/pdb_by_site/site_all_11_35_2_2.sdf
35_2,-2.4979999999999998,-0.4163333333333333,108,,./report/pdb_by_site/site_all_108_35_2_1.sdf
35_2,-2.481,-0.4135,115,,./report/pdb_by_site/site_all_115_35_2_1.sdf
35_2,-2.48,-0.41333333333333333,11,,./report/pdb_by_site/site_all_11_35_2_3.sdf
35_2,-2.45,-0.4083333333333334,94,,./report/pdb_by_site/site_all_94_35_2_1.sdf
35_2,-2.42,-0.4033333333333333,70,,./report/pdb_by_site/site_all_70_35_2_2.sdf
35_2,-2.38,-0.39666666666666667,111,,./report/pdb_by_site/site_all_111_35_2_1.sdf
35_2,-2.3190000000000004,-0.38650000000000007,108,,./report/pdb_by_site/site_all_108_35_2_2.sdf
35_2,-2.31,-0.385,50,,./report/pdb_by_site/site_all_50_35_2_1.sdf
35_2,-2.301,-0.3835,31,,./report/pdb_by_site/site_all_31_35_2_1.sdf
35_2,-2.295,-0.3825,24,,./report/pdb_by_site/site_all_24_35_2_2.sdf
35_2,-2.29,-0.38166666666666665,80,,./report/pdb_by_site/site_all_80_35_2_3.sdf
35_2,-2.2800000000000002,-0.38000000000000006,25,,./report/pdb_by_site/site_all_25_35_2_2.sdf
35_2,-2.2800000000000002,-0.38000000000000006,85,,./report/pdb_by_site/site_all_85_35_2_2.sdf
35_2,-2.2649999999999997,-0.37749999999999995,109,,./report/pdb_by_site/site_all_109_35_2_1.sdf
35_2,-2.263,-0.37716666666666665,54,,./report/pdb_by_site/site_all_54_35_2_1.sdf
35_2,-2.246,-0.37433333333333335,27,,./report/pdb_by_site/site_all_27_35_2_5.sdf
35_2,-2.2089999999999996,-0.3681666666666666,17,,./report/pdb_by_site/site_all_17_35_2_2.sdf
35_2,-2.197,-0.3661666666666667,113,,./report/pdb_by_site/site_all_113_35_2_1.sdf
35_2,-2.183,-0.3638333333333333,124,,./report/pdb_by_site/site_all_124_35_2_1.sdf
35_2,-2.1799999999999997,-0.3633333333333333,67,,./report/pdb_by_site/site_all_67_35_2_2.sdf
35_2,-2.177,-0.36283333333333334,26,,./report/pdb_by_site/site_all_26_35_2_2.sdf
35_2,-2.174,-0.36233333333333334,19,,./report/pdb_by_site/site_all_19_35_2_3.sdf
35_2,-2.17,-0.36166666666666664,113,,./report/pdb_by_site/site_all_113_35_2_2.sdf
35_2,-2.153,-0.35883333333333334,76,,./report/pdb_by_site/site_all_76_35_2_1.sdf
35_2,-2.1399999999999997,-0.35666666666666663,100,,./report/pdb_by_site/site_all_100_35_2_1.sdf
35_2,-2.12,-0.35333333333333333,85,,./report/pdb_by_site/site_all_85_35_2_3.sdf
35_2,-2.087,-0.3478333333333334,114,,./report/pdb_by_site/site_all_114_35_2_1.sdf
35_2,-2.08,-0.3466666666666667,53,,./report/pdb_by_site/site_all_53_35_2_2.sdf
35_2,-2.0799999999999996,-0.3466666666666666,31,,./report/pdb_by_site/site_all_31_35_2_2.sdf
35_2,-2.0620000000000003,-0.34366666666666673,22,,./report/pdb_by_site/site_all_22_35_2_3.sdf
35_2,-2.056,-0.3426666666666667,69,,./report/pdb_by_site/site_all_69_35_2_1.sdf
35_2,-2.049,-0.34149999999999997,104,,./report/pdb_by_site/site_all_104_35_2_1.sdf
35_3,-6.763,-1.1271666666666667,3,,./report/pdb_by_site/site_all_3_35_3_1.sdf
35_3,-6.05,-1.0083333333333333,4,,./report/pdb_by_site/site_all_4_35_3_1.sdf
35_3,-5.78,-0.9633333333333334,11,,./report/pdb_by_site/site_all_11_35_3_1.sdf
35_3,-5.65,-0.9416666666666668,9,,./report/pdb_by_site/site_all_9_35_3_1.sdf
35_3,-5.56,-0.9266666666666666,2,,./report/pdb_by_site/site_all_2_35_3_1.sdf
35_3,-5.4399999999999995,-0.9066666666666666,2,,./report/pdb_by_site/site_all_2_35_3_2.sdf
35_3,-5.0440000000000005,-0.8406666666666668,10,,./report/pdb_by_site/site_all_10_35_3_1.sdf
35_3,-4.984,-0.8306666666666667,21,,./report/pdb_by_site/site_all_21_35_3_1.sdf
35_3,-4.75,-0.7916666666666666,5,,./report/pdb_by_site/site_all_5_35_3_1.sdf
35_3,-4.550000000000001,-0.7583333333333334,15,,./report/pdb_by_site/site_all_15_35_3_1.sdf
35_3,-4.51,-0.7516666666666666,24,,./report/pdb_by_site/site_all_24_35_3_1.sdf
35_3,-4.46,-0.7433333333333333,22,,./report/pdb_by_site/site_all_22_35_3_1.sdf
35_3,-4.279999999999999,-0.7133333333333333,3,,./report/pdb_by_site/site_all_3_35_3_2.sdf
35_3,-4.273,-0.7121666666666666,20,,./report/pdb_by_site/site_all_20_35_3_1.sdf
35_3,-4.2299999999999995,-0.705,3,,./report/pdb_by_site/site_all_3_35_3_3.sdf
35_3,-4.220000000000001,-0.7033333333333335,18,,./report/pdb_by_site/site_all_18_35_3_1.sdf
35_3,-4.16,-0.6933333333333334,5,,./report/pdb_by_site/site_all_5_35_3_2.sdf
35_3,-4.1593,-0.6932166666666667,12,,./report/pdb_by_site/site_all_12_35_3_1.sdf
35_3,-4.109999999999999,-0.6849999999999999,17,,./report/pdb_by_site/site_all_17_35_3_1.sdf
35_3,-4.0600000000000005,-0.6766666666666667,5,,./report/pdb_by_site/site_all_5_35_3_3.sdf
35_3,-4.04,-0.6733333333333333,24,,./report/pdb_by_site/site_all_24_35_3_2.sdf
35_3,-4.010000000000001,-0.6683333333333334,27,,./report/pdb_by_site/site_all_27_35_3_1.sdf
35_3,-4.007000000000001,-0.6678333333333334,27,,./report/pdb_by_site/site_all_27_35_3_2.sdf
35_3,-3.86,-0.6433333333333333,10,,./report/pdb_by_site/site_all_10_35_3_2.sdf
35_3,-3.84,-0.64,30,,./report/pdb_by_site/site_all_30_35_3_1.sdf
35_3,-3.784,-0.6306666666666666,38,,./report/pdb_by_site/site_all_38_35_3_1.sdf
35_3,-3.74,-0.6233333333333334,20,,./report/pdb_by_site/site_all_20_35_3_2.sdf
35_3,-3.6799999999999997,-0.6133333333333333,17,,./report/pdb_by_site/site_all_17_35_3_2.sdf
35_3,-3.62,-0.6033333333333334,25,,./report/pdb_by_site/site_all_25_35_3_1.sdf
35_3,-3.6199999999999997,-0.6033333333333333,10,,./report/pdb_by_site/site_all_10_35_3_3.sdf
35_3,-3.5110000000000006,-0.5851666666666667,29,,./report/pdb_by_site/site_all_29_35_3_1.sdf
35_3,-3.5100000000000002,-0.5850000000000001,53,,./report/pdb_by_site/site_all_53_35_3_1.sdf
35_3,-3.42,-0.57,44,,./report/pdb_by_site/site_all_44_35_3_1.sdf
35_3,-3.42,-0.57,35,,./report/pdb_by_site/site_all_35_35_3_1.sdf
35_3,-3.3910000000000005,-0.5651666666666667,19,,./report/pdb_by_site/site_all_19_35_3_1.sdf
35_3,-3.3899999999999997,-0.565,57,,./report/pdb_by_site/site_all_57_35_3_1.sdf
35_3,-3.338,-0.5563333333333333,26,,./report/pdb_by_site/site_all_26_35_3_1.sdf
35_3,-3.29,-0.5483333333333333,56,,./report/pdb_by_site/site_all_56_35_3_1.sdf
35_3,-3.2790000000000004,-0.5465000000000001,34,,./report/pdb_by_site/site_all_34_35_3_1.sdf
35_3,-3.26,-0.5433333333333333,30,,./report/pdb_by_site/site_all_30_35_3_2.sdf
35_3,-3.24,-0.54,41,,./report/pdb_by_site/site_all_41_35_3_1.sdf
35_3,-3.225,-0.5375,9,,./report/pdb_by_site/site_all_9_35_3_2.sdf
35_3,-3.170000000000001,-0.5283333333333334,85,,./report/pdb_by_site/site_all_85_35_3_1.sdf
35_3,-3.15,-0.525,10,,./report/pdb_by_site/site_all_10_35_3_4.sdf
35_3,-3.14,-0.5233333333333333,30,,./report/pdb_by_site/site_all_30_35_3_3.sdf
35_3,-3.1229999999999998,-0.5205,36,,./report/pdb_by_site/site_all_36_35_3_1.sdf
35_3,-3.11,-0.5183333333333333,56,,./report/pdb_by_site/site_all_56_35_3_2.sdf
35_3,-3.08,-0.5133333333333333,94,,./report/pdb_by_site/site_all_94_35_3_1.sdf
35_3,-3.072,-0.512,19,,./report/pdb_by_site/site_all_19_35_3_2.sdf
35_3,-3.04,-0.5066666666666667,58,,./report/pdb_by_site/site_all_58_35_3_1.sdf
35_3,-3.002,-0.5003333333333333,61,,./report/pdb_by_site/site_all_61_35_3_1.sdf
35_3,-2.99,-0.49833333333333335,77,,./report/pdb_by_site/site_all_77_35_3_1.sdf
35_3,-2.9800000000000004,-0.49666666666666676,10,,./report/pdb_by_site/site_all_10_35_3_5.sdf
35_3,-2.96,-0.49333333333333335,22,,./report/pdb_by_site/site_all_22_35_3_2.sdf
35_3,-2.951,-0.49183333333333334,38,,./report/pdb_by_site/site_all_38_35_3_2.sdf
35_3,-2.9400000000000004,-0.49000000000000005,74,,./report/pdb_by_site/site_all_74_35_3_1.sdf
35_3,-2.9400000000000004,-0.49000000000000005,3,,./report/pdb_by_site/site_all_3_35_3_4.sdf
35_3,-2.9399999999999995,-0.48999999999999994,41,,./report/pdb_by_site/site_all_41_35_3_2.sdf
35_3,-2.9290000000000003,-0.4881666666666667,75,,./report/pdb_by_site/site_all_75_35_3_1.sdf
35_3,-2.913,-0.4855,30,,./report/pdb_by_site/site_all_30_35_3_4.sdf
35_3,-2.9000000000000004,-0.4833333333333334,81,,./report/pdb_by_site/site_all_81_35_3_1.sdf
35_3,-2.891,-0.48183333333333334,56,,./report/pdb_by_site/site_all_56_35_3_3.sdf
35_3,-2.85,-0.47500000000000003,41,,./report/pdb_by_site/site_all_41_35_3_3.sdf
35_3,-2.85,-0.47500000000000003,80,,./report/pdb_by_site/site_all_80_35_3_1.sdf
35_3,-2.8383000000000003,-0.47305,25,,./report/pdb_by_site/site_all_25_35_3_2.sdf
35_3,-2.8200000000000003,-0.47000000000000003,3,,./report/pdb_by_site/site_all_3_35_3_5.sdf
35_3,-2.806,-0.4676666666666667,24,,./report/pdb_by_site/site_all_24_35_3_3.sdf
35_3,-2.806,-0.4676666666666667,3,,./report/pdb_by_site/site_all_3_35_3_6.sdf
35_3,-2.76,-0.45999999999999996,58,,./report/pdb_by_site/site_all_58_35_3_2.sdf
35_3,-2.7119999999999997,-0.45199999999999996,9,,./report/pdb_by_site/site_all_9_35_3_3.sdf
35_3,-2.7,-0.45,79,,./report/pdb_by_site/site_all_79_35_3_1.sdf
35_3,-2.695,-0.44916666666666666,80,,./report/pdb_by_site/site_all_80_35_3_2.sdf
35_3,-2.6029999999999998,-0.4338333333333333,14,,./report/pdb_by_site/site_all_14_35_3_1.sdf
35_3,-2.5599999999999996,-0.4266666666666666,75,,./report/pdb_by_site/site_all_75_35_3_2.sdf
35_3,-2.52,-0.42,78,,./report/pdb_by_site/site_all_78_35_3_1.sdf
35_3,-2.51,-0.4183333333333333,108,,./report/pdb_by_site/site_all_108_35_3_1.sdf
35_3,-2.51,-0.4183333333333333,57,,./report/pdb_by_site/site_all_57_35_3_2.sdf
35_3,-2.499,-0.41650000000000004,11,,./report/pdb_by_site/site_all_11_35_3_2.sdf
35_3,-2.45,-0.4083333333333334,41,,./report/pdb_by_site/site_all_41_35_3_4.sdf
35_3,-2.45,-0.4083333333333334,11,,./report/pdb_by_site/site_all_11_35_3_3.sdf
35_3,-2.425,-0.4041666666666666,76,,./report/pdb_by_site/site_all_76_35_3_1.sdf
35_3,-2.42,-0.4033333333333333,77,,./report/pdb_by_site/site_all_77_35_3_2.sdf
35_3,-2.3699999999999997,-0.39499999999999996,80,,./report/pdb_by_site/site_all_80_35_3_3.sdf
35_3,-2.3449999999999998,-0.3908333333333333,102,,./report/pdb_by_site/site_all_102_35_3_1.sdf
35_3,-2.32,-0.38666666666666666,70,,./report/pdb_by_site/site_all_70_35_3_1.sdf
35_3,-2.31,-0.385,50,,./report/pdb_by_site/site_all_50_35_3_1.sdf
35_3,-2.306,-0.38433333333333336,111,,./report/pdb_by_site/site_all_111_35_3_1.sdf
35_3,-2.2800000000000002,-0.38000000000000006,25,,./report/pdb_by_site/site_all_25_35_3_3.sdf
35_3,-2.277,-0.3795,109,,./report/pdb_by_site/site_all_109_35_3_1.sdf
35_3,-2.24,-0.37333333333333335,19,,./report/pdb_by_site/site_all_19_35_3_3.sdf
35_3,-2.2030000000000003,-0.3671666666666667,36,,./report/pdb_by_site/site_all_36_35_3_2.sdf
35_3,-2.2,-0.3666666666666667,109,,./report/pdb_by_site/site_all_109_35_3_2.sdf
35_3,-2.19,-0.365,113,,./report/pdb_by_site/site_all_113_35_3_1.sdf
35_3,-2.1700000000000004,-0.36166666666666675,54,,./report/pdb_by_site/site_all_54_35_3_1.sdf
35_3,-2.165,-0.36083333333333334,111,,./report/pdb_by_site/site_all_111_35_3_2.sdf
35_3,-2.16,-0.36000000000000004,125,,./report/pdb_by_site/site_all_125_35_3_1.sdf
35_3,-2.148,-0.35800000000000004,108,,./report/pdb_by_site/site_all_108_35_3_2.sdf
35_3,-2.0949999999999998,-0.3491666666666666,75,,./report/pdb_by_site/site_all_75_35_3_3.sdf
35_3,-2.0780000000000003,-0.3463333333333334,94,,./report/pdb_by_site/site_all_94_35_3_2.sdf
35_3,-2.05,-0.3416666666666666,127,,./report/pdb_by_site/site_all_127_35_3_1.sdf
35_3,-2.031,-0.3385,34,,./report/pdb_by_site/site_all_34_35_3_2.sdf
35_3,-2.03,-0.3383333333333333,77,,./report/pdb_by_site/site_all_77_35_3_3.sdf
35_3,-2.02,-0.33666666666666667,36,,./report/pdb_by_site/site_all_36_35_3_3.sdf
36_1,-5.79,-0.8271428571428572,3,,./report/pdb_by_site/site_all_3_36_1_1.sdf
36_1,-5.699999999999999,-0.8142857142857142,10,,./report/pdb_by_site/site_all_10_36_1_1.sdf
36_1,-5.68,-0.8114285714285714,3,,./report/pdb_by_site/site_all_3_36_1_2.sdf
36_1,-5.6,-0.7999999999999999,2,,./report/pdb_by_site/site_all_2_36_1_1.sdf
36_1,-5.196,-0.7422857142857142,9,,./report/pdb_by_site/site_all_9_36_1_1.sdf
36_1,-4.83,-0.6900000000000001,5,,./report/pdb_by_site/site_all_5_36_1_1.sdf
36_1,-4.66,-0.6657142857142857,11,,./report/pdb_by_site/site_all_11_36_1_1.sdf
36_1,-4.43,-0.6328571428571428,24,,./report/pdb_by_site/site_all_24_36_1_1.sdf
36_1,-4.311999999999999,-0.6159999999999999,10,,./report/pdb_by_site/site_all_10_36_1_2.sdf
36_1,-4.069999999999999,-0.5814285714285713,10,,./report/pdb_by_site/site_all_10_36_1_3.sdf
36_1,-4.053,-0.579,20,,./report/pdb_by_site/site_all_20_36_1_1.sdf
36_1,-4.0,-0.5714285714285714,2,,./report/pdb_by_site/site_all_2_36_1_2.sdf
36_1,-3.8680000000000003,-0.5525714285714286,21,,./report/pdb_by_site/site_all_21_36_1_1.sdf
36_1,-3.85,-0.55,5,,./report/pdb_by_site/site_all_5_36_1_2.sdf
36_1,-3.8100000000000005,-0.5442857142857144,41,,./report/pdb_by_site/site_all_41_36_1_1.sdf
36_1,-3.7200000000000006,-0.5314285714285715,17,,./report/pdb_by_site/site_all_17_36_1_1.sdf
36_1,-3.72,-0.5314285714285715,27,,./report/pdb_by_site/site_all_27_36_1_1.sdf
36_1,-3.69,-0.5271428571428571,18,,./report/pdb_by_site/site_all_18_36_1_1.sdf
36_1,-3.6500000000000004,-0.5214285714285715,3,,./report/pdb_by_site/site_all_3_36_1_3.sdf
36_1,-3.609,-0.5155714285714286,15,,./report/pdb_by_site/site_all_15_36_1_1.sdf
36_1,-3.5600000000000005,-0.5085714285714287,20,,./report/pdb_by_site/site_all_20_36_1_2.sdf
36_1,-3.5200000000000005,-0.5028571428571429,25,,./report/pdb_by_site/site_all_25_36_1_1.sdf
36_1,-3.4400000000000004,-0.4914285714285715,53,,./report/pdb_by_site/site_all_53_36_1_1.sdf
36_1,-3.3600000000000003,-0.48000000000000004,18,,./report/pdb_by_site/site_all_18_36_1_2.sdf
36_1,-3.335,-0.4764285714285714,12,,./report/pdb_by_site/site_all_12_36_1_1.sdf
36_1,-3.27,-0.46714285714285714,30,,./report/pdb_by_site/site_all_30_36_1_1.sdf
36_1,-3.24,-0.4628571428571429,22,,./report/pdb_by_site/site_all_22_36_1_1.sdf
36_1,-3.2399999999999998,-0.4628571428571428,56,,./report/pdb_by_site/site_all_56_36_1_1.sdf
36_1,-3.238,-0.4625714285714286,26,,./report/pdb_by_site/site_all_26_36_1_1.sdf
36_1,-3.2,-0.4571428571428572,57,,./report/pdb_by_site/site_all_57_36_1_1.sdf
36_1,-3.186,-0.4551428571428571,36,,./report/pdb_by_site/site_all_36_36_1_1.sdf
36_1,-3.1659999999999995,-0.45228571428571424,24,,./report/pdb_by_site/site_all_24_36_1_2.sdf
36_1,-3.13,-0.4471428571428571,36,,./report/pdb_by_site/site_all_36_36_1_2.sdf
36_1,-3.051,-0.4358571428571429,19,,./report/pdb_by_site/site_all_19_36_1_1.sdf
36_1,-2.916,-0.41657142857142854,44,,./report/pdb_by_site/site_all_44_36_1_1.sdf
36_1,-2.89,-0.41285714285714287,30,,./report/pdb_by_site/site_all_30_36_1_2.sdf
36_1,-2.864,-0.40914285714285714,27,,./report/pdb_by_site/site_all_27_36_1_2.sdf
36_1,-2.854,-0.40771428571428575,41,,./report/pdb_by_site/site_all_41_36_1_2.sdf
36_1,-2.85,-0.40714285714285714,58,,./report/pdb_by_site/site_all_58_36_1_1.sdf
36_1,-2.8200000000000003,-0.4028571428571429,10,,./report/pdb_by_site/site_all_10_36_1_4.sdf
36_1,-2.7800000000000002,-0.3971428571428572,27,,./report/pdb_by_site/site_all_27_36_1_3.sdf
36_1,-2.779,-0.39699999999999996,75,,./report/pdb_by_site/site_all_75_36_1_1.sdf
36_1,-2.7183,-0.38832857142857147,38,,./report/pdb_by_site/site_all_38_36_1_1.sdf
36_1,-2.6900000000000004,-0.38428571428571434,34,,./report/pdb_by_site/site_all_34_36_1_1.sdf
36_1,-2.65,-0.37857142857142856,41,,./report/pdb_by_site/site_all_41_36_1_3.sdf
36_1,-2.6420000000000003,-0.3774285714285715,80,,./report/pdb_by_site/site_all_80_36_1_1.sdf
36_1,-2.59,-0.37,79,,./report/pdb_by_site/site_all_79_36_1_1.sdf
36_1,-2.57,-0.3671428571428571,70,,./report/pdb_by_site/site_all_70_36_1_1.sdf
36_1,-2.564,-0.36628571428571427,58,,./report/pdb_by_site/site_all_58_36_1_2.sdf
36_1,-2.53,-0.3614285714285714,104,,./report/pdb_by_site/site_all_104_36_1_1.sdf
36_1,-2.53,-0.3614285714285714,9,,./report/pdb_by_site/site_all_9_36_1_2.sdf
36_1,-2.518,-0.3597142857142857,22,,./report/pdb_by_site/site_all_22_36_1_2.sdf
36_1,-2.5100000000000002,-0.3585714285714286,36,,./report/pdb_by_site/site_all_36_36_1_3.sdf
36_1,-2.51,-0.35857142857142854,80,,./report/pdb_by_site/site_all_80_36_1_2.sdf
36_1,-2.48,-0.35428571428571426,121,,./report/pdb_by_site/site_all_121_36_1_1.sdf
36_1,-2.478,-0.35400000000000004,85,,./report/pdb_by_site/site_all_85_36_1_1.sdf
36_1,-2.418,-0.3454285714285715,74,,./report/pdb_by_site/site_all_74_36_1_1.sdf
36_1,-2.412,-0.3445714285714286,61,,./report/pdb_by_site/site_all_61_36_1_1.sdf
36_1,-2.4,-0.34285714285714286,108,,./report/pdb_by_site/site_all_108_36_1_1.sdf
36_1,-2.4,-0.34285714285714286,111,,./report/pdb_by_site/site_all_111_36_1_1.sdf
36_1,-2.3800000000000003,-0.34,77,,./report/pdb_by_site/site_all_77_36_1_1.sdf
36_1,-2.3760000000000003,-0.33942857142857147,56,,./report/pdb_by_site/site_all_56_36_1_2.sdf
36_1,-2.3699999999999997,-0.3385714285714285,81,,./report/pdb_by_site/site_all_81_36_1_1.sdf
36_1,-2.3550000000000004,-0.33642857142857147,10,,./report/pdb_by_site/site_all_10_36_1_5.sdf
36_1,-2.319,-0.3312857142857143,83,,./report/pdb_by_site/site_all_83_36_1_1.sdf
36_1,-2.315,-0.3307142857142857,31,,./report/pdb_by_site/site_all_31_36_1_1.sdf
36_1,-2.31,-0.33,36,,./report/pdb_by_site/site_all_36_36_1_4.sdf
36_1,-2.27,-0.3242857142857143,67,,./report/pdb_by_site/site_all_67_36_1_1.sdf
36_1,-2.26,-0.32285714285714284,80,,./report/pdb_by_site/site_all_80_36_1_3.sdf
36_1,-2.221,-0.3172857142857143,80,,./report/pdb_by_site/site_all_80_36_1_4.sdf
36_1,-2.213,-0.31614285714285717,111,,./report/pdb_by_site/site_all_111_36_1_2.sdf
36_1,-2.1580000000000004,-0.30828571428571433,30,,./report/pdb_by_site/site_all_30_36_1_3.sdf
36_1,-2.1399999999999997,-0.30571428571428566,113,,./report/pdb_by_site/site_all_113_36_1_1.sdf
36_1,-2.135,-0.305,19,,./report/pdb_by_site/site_all_19_36_1_2.sdf
36_1,-2.059,-0.29414285714285715,25,,./report/pdb_by_site/site_all_25_36_1_2.sdf
36_2,-6.012,-0.8588571428571428,4,,./report/pdb_by_site/site_all_4_36_2_1.sdf
36_2,-5.76,-0.8228571428571428,3,,./report/pdb_by_site/site_all_3_36_2_1.sdf
36_2,-5.510000000000001,-0.7871428571428573,2,,./report/pdb_by_site/site_all_2_36_2_1.sdf
36_2,-5.35,-0.7642857142857142,5,,./report/pdb_by_site/site_all_5_36_2_1.sdf
36_2,-5.0,-0.7142857142857143,2,,./report/pdb_by_site/site_all_2_36_2_2.sdf
36_2,-4.88,-0.6971428571428572,2,,./report/pdb_by_site/site_all_2_36_2_3.sdf
36_2,-4.62,-0.66,11,,./report/pdb_by_site/site_all_11_36_2_1.sdf
36_2,-4.57,-0.6528571428571429,38,,./report/pdb_by_site/site_all_38_36_2_1.sdf
36_2,-4.49,-0.6414285714285715,5,,./report/pdb_by_site/site_all_5_36_2_2.sdf
36_2,-4.466,-0.638,12,,./report/pdb_by_site/site_all_12_36_2_1.sdf
36_2,-4.288,-0.6125714285714287,21,,./report/pdb_by_site/site_all_21_36_2_1.sdf
36_2,-4.268,-0.6097142857142857,36,,./report/pdb_by_site/site_all_36_36_2_1.sdf
36_2,-4.260000000000001,-0.6085714285714287,15,,./report/pdb_by_site/site_all_15_36_2_1.sdf
36_2,-4.233300000000001,-0.604757142857143,5,,./report/pdb_by_site/site_all_5_36_2_3.sdf
36_2,-4.218700000000001,-0.6026714285714287,14,,./report/pdb_by_site/site_all_14_36_2_1.sdf
36_2,-4.1083,-0.5869,9,,./report/pdb_by_site/site_all_9_36_2_1.sdf
36_2,-4.056,-0.5794285714285714,36,,./report/pdb_by_site/site_all_36_36_2_2.sdf
36_2,-4.05,-0.5785714285714285,17,,./report/pdb_by_site/site_all_17_36_2_1.sdf
36_2,-3.98,-0.5685714285714286,22,,./report/pdb_by_site/site_all_22_36_2_1.sdf
36_2,-3.92,-0.5599999999999999,3,,./report/pdb_by_site/site_all_3_36_2_2.sdf
36_2,-3.88,-0.5542857142857143,25,,./report/pdb_by_site/site_all_25_36_2_1.sdf
36_2,-3.8760000000000003,-0.5537142857142857,39,,./report/pdb_by_site/site_all_39_36_2_1.sdf
36_2,-3.7763,-0.5394714285714286,19,,./report/pdb_by_site/site_all_19_36_2_1.sdf
36_2,-3.73,-0.5328571428571428,18,,./report/pdb_by_site/site_all_18_36_2_1.sdf
36_2,-3.669,-0.5241428571428571,10,,./report/pdb_by_site/site_all_10_36_2_1.sdf
36_2,-3.59,-0.5128571428571428,9,,./report/pdb_by_site/site_all_9_36_2_2.sdf
36_2,-3.5309999999999997,-0.5044285714285713,10,,./report/pdb_by_site/site_all_10_36_2_2.sdf
36_2,-3.5100000000000002,-0.5014285714285714,9,,./report/pdb_by_site/site_all_9_36_2_3.sdf
36_2,-3.468,-0.49542857142857144,54,,./report/pdb_by_site/site_all_54_36_2_1.sdf
36_2,-3.468,-0.49542857142857144,26,,./report/pdb_by_site/site_all_26_36_2_1.sdf
36_2,-3.46,-0.4942857142857143,36,,./report/pdb_by_site/site_all_36_36_2_3.sdf
36_2,-3.45,-0.4928571428571429,53,,./report/pdb_by_site/site_all_53_36_2_1.sdf
36_2,-3.42,-0.48857142857142855,35,,./report/pdb_by_site/site_all_35_36_2_1.sdf
36_2,-3.39,-0.4842857142857143,58,,./report/pdb_by_site/site_all_58_36_2_1.sdf
36_2,-3.388,-0.484,31,,./report/pdb_by_site/site_all_31_36_2_1.sdf
36_2,-3.273,-0.4675714285714286,20,,./report/pdb_by_site/site_all_20_36_2_1.sdf
36_2,-3.2620000000000005,-0.4660000000000001,27,,./report/pdb_by_site/site_all_27_36_2_1.sdf
36_2,-3.17,-0.45285714285714285,24,,./report/pdb_by_site/site_all_24_36_2_1.sdf
36_2,-3.1649999999999996,-0.45214285714285707,76,,./report/pdb_by_site/site_all_76_36_2_1.sdf
36_2,-3.1399999999999997,-0.4485714285714285,58,,./report/pdb_by_site/site_all_58_36_2_2.sdf
36_2,-3.12,-0.44571428571428573,10,,./report/pdb_by_site/site_all_10_36_2_3.sdf
36_2,-3.06,-0.43714285714285717,31,,./report/pdb_by_site/site_all_31_36_2_2.sdf
36_2,-3.05,-0.43571428571428567,27,,./report/pdb_by_site/site_all_27_36_2_2.sdf
36_2,-3.0300000000000002,-0.4328571428571429,30,,./report/pdb_by_site/site_all_30_36_2_1.sdf
36_2,-3.027,-0.43242857142857144,17,,./report/pdb_by_site/site_all_17_36_2_2.sdf
36_2,-2.988,-0.4268571428571429,10,,./report/pdb_by_site/site_all_10_36_2_4.sdf
36_2,-2.9720000000000004,-0.42457142857142866,74,,./report/pdb_by_site/site_all_74_36_2_1.sdf
36_2,-2.952,-0.4217142857142857,44,,./report/pdb_by_site/site_all_44_36_2_1.sdf
36_2,-2.946,-0.4208571428571429,58,,./report/pdb_by_site/site_all_58_36_2_3.sdf
36_2,-2.92,-0.41714285714285715,57,,./report/pdb_by_site/site_all_57_36_2_1.sdf
36_2,-2.9010000000000002,-0.4144285714285715,30,,./report/pdb_by_site/site_all_30_36_2_2.sdf
36_2,-2.875,-0.4107142857142857,109,,./report/pdb_by_site/site_all_109_36_2_1.sdf
36_2,-2.873,-0.4104285714285715,31,,./report/pdb_by_site/site_all_31_36_2_3.sdf
36_2,-2.8600000000000003,-0.40857142857142864,3,,./report/pdb_by_site/site_all_3_36_2_3.sdf
36_2,-2.856,-0.408,9,,./report/pdb_by_site/site_all_9_36_2_4.sdf
36_2,-2.8449999999999998,-0.4064285714285714,76,,./report/pdb_by_site/site_all_76_36_2_2.sdf
36_2,-2.8360000000000003,-0.4051428571428572,81,,./report/pdb_by_site/site_all_81_36_2_1.sdf
36_2,-2.827,-0.40385714285714286,60,,./report/pdb_by_site/site_all_60_36_2_1.sdf
36_2,-2.79,-0.3985714285714286,34,,./report/pdb_by_site/site_all_34_36_2_1.sdf
36_2,-2.7830000000000004,-0.39757142857142863,40,,./report/pdb_by_site/site_all_40_36_2_1.sdf
36_2,-2.765,-0.395,10,,./report/pdb_by_site/site_all_10_36_2_5.sdf
36_2,-2.709,-0.387,9,,./report/pdb_by_site/site_all_9_36_2_5.sdf
36_2,-2.69,-0.3842857142857143,41,,./report/pdb_by_site/site_all_41_36_2_1.sdf
36_2,-2.6199999999999997,-0.3742857142857142,65,,./report/pdb_by_site/site_all_65_36_2_1.sdf
36_2,-2.583,-0.36900000000000005,78,,./report/pdb_by_site/site_all_78_36_2_1.sdf
36_2,-2.485,-0.355,80,,./report/pdb_by_site/site_all_80_36_2_1.sdf
36_2,-2.4847,-0.35495714285714286,27,,./report/pdb_by_site/site_all_27_36_2_3.sdf
36_2,-2.476,-0.3537142857142857,25,,./report/pdb_by_site/site_all_25_36_2_2.sdf
36_2,-2.41,-0.3442857142857143,97,,./report/pdb_by_site/site_all_97_36_2_1.sdf
36_2,-2.409,-0.34414285714285714,92,,./report/pdb_by_site/site_all_92_36_2_1.sdf
36_2,-2.3837,-0.34052857142857146,29,,./report/pdb_by_site/site_all_29_36_2_1.sdf
36_2,-2.369,-0.33842857142857147,20,,./report/pdb_by_site/site_all_20_36_2_2.sdf
36_2,-2.366,-0.338,106,,./report/pdb_by_site/site_all_106_36_2_1.sdf
36_2,-2.3470000000000004,-0.33528571428571435,49,,./report/pdb_by_site/site_all_49_36_2_1.sdf
36_2,-2.339,-0.33414285714285713,4,,./report/pdb_by_site/site_all_4_36_2_2.sdf
36_2,-2.3257000000000003,-0.3322428571428572,12,,./report/pdb_by_site/site_all_12_36_2_2.sdf
36_2,-2.292,-0.3274285714285714,124,,./report/pdb_by_site/site_all_124_36_2_1.sdf
36_2,-2.279,-0.32557142857142857,80,,./report/pdb_by_site/site_all_80_36_2_2.sdf
36_2,-2.278,-0.32542857142857146,69,,./report/pdb_by_site/site_all_69_36_2_1.sdf
36_2,-2.273,-0.32471428571428573,36,,./report/pdb_by_site/site_all_36_36_2_4.sdf
36_2,-2.26,-0.32285714285714284,70,,./report/pdb_by_site/site_all_70_36_2_1.sdf
36_2,-2.2279999999999998,-0.3182857142857142,64,,./report/pdb_by_site/site_all_64_36_2_1.sdf
36_2,-2.224,-0.3177142857142857,60,,./report/pdb_by_site/site_all_60_36_2_2.sdf
36_2,-2.1959999999999997,-0.31371428571428567,111,,./report/pdb_by_site/site_all_111_36_2_1.sdf
36_2,-2.188,-0.3125714285714286,83,,./report/pdb_by_site/site_all_83_36_2_1.sdf
36_2,-2.1460000000000004,-0.3065714285714286,27,,./report/pdb_by_site/site_all_27_36_2_4.sdf
36_2,-2.136,-0.30514285714285716,25,,./report/pdb_by_site/site_all_25_36_2_3.sdf
36_2,-2.126,-0.3037142857142857,19,,./report/pdb_by_site/site_all_19_36_2_2.sdf
36_2,-2.1,-0.3,85,,./report/pdb_by_site/site_all_85_36_2_1.sdf
36_2,-2.1,-0.3,41,,./report/pdb_by_site/site_all_41_36_2_2.sdf
36_2,-2.0869999999999997,-0.2981428571428571,33,,./report/pdb_by_site/site_all_33_36_2_1.sdf
36_2,-2.084,-0.2977142857142857,88,,./report/pdb_by_site/site_all_88_36_2_1.sdf
36_2,-2.07,-0.2957142857142857,70,,./report/pdb_by_site/site_all_70_36_2_2.sdf
36_2,-2.0530000000000004,-0.2932857142857143,106,,./report/pdb_by_site/site_all_106_36_2_2.sdf
36_2,-2.037,-0.291,67,,./report/pdb_by_site/site_all_67_36_2_1.sdf
36_2,-2.028,-0.2897142857142857,79,,./report/pdb_by_site/site_all_79_36_2_1.sdf
36_2,-2.0200000000000005,-0.28857142857142865,113,,./report/pdb_by_site/site_all_113_36_2_1.sdf
36_2,-2.0159999999999996,-0.2879999999999999,118,,./report/pdb_by_site/site_all_118_36_2_1.sdf
37_1,-5.0,-0.8333333333333334,3,,./report/pdb_by_site/site_all_3_37_1_1.sdf
37_1,-4.5,-0.75,10,,./report/pdb_by_site/site_all_10_37_1_1.sdf
37_1,-4.47,-0.745,9,,./report/pdb_by_site/site_all_9_37_1_1.sdf
37_1,-4.23,-0.7050000000000001,2,,./report/pdb_by_site/site_all_2_37_1_1.sdf
37_1,-4.14,-0.69,2,,./report/pdb_by_site/site_all_2_37_1_2.sdf
37_1,-4.109999999999999,-0.6849999999999999,4,,./report/pdb_by_site/site_all_4_37_1_1.sdf
37_1,-4.04,-0.6733333333333333,2,,./report/pdb_by_site/site_all_2_37_1_3.sdf
37_1,-4.01,-0.6683333333333333,11,,./report/pdb_by_site/site_all_11_37_1_1.sdf
37_1,-3.92,-0.6533333333333333,26,,./report/pdb_by_site/site_all_26_37_1_1.sdf
37_1,-3.79,-0.6316666666666667,50,,./report/pdb_by_site/site_all_50_37_1_1.sdf
37_1,-3.68,-0.6133333333333334,10,,./report/pdb_by_site/site_all_10_37_1_2.sdf
37_1,-3.58,-0.5966666666666667,19,,./report/pdb_by_site/site_all_19_37_1_1.sdf
37_1,-3.49,-0.5816666666666667,10,,./report/pdb_by_site/site_all_10_37_1_3.sdf
37_1,-3.4200000000000004,-0.5700000000000001,24,,./report/pdb_by_site/site_all_24_37_1_1.sdf
37_1,-3.42,-0.57,17,,./report/pdb_by_site/site_all_17_37_1_1.sdf
37_1,-3.2800000000000002,-0.5466666666666667,25,,./report/pdb_by_site/site_all_25_37_1_1.sdf
37_1,-3.2399999999999998,-0.5399999999999999,15,,./report/pdb_by_site/site_all_15_37_1_1.sdf
37_1,-3.21,-0.535,18,,./report/pdb_by_site/site_all_18_37_1_1.sdf
37_1,-3.1300000000000003,-0.5216666666666667,10,,./report/pdb_by_site/site_all_10_37_1_4.sdf
37_1,-3.13,-0.5216666666666666,5,,./report/pdb_by_site/site_all_5_37_1_1.sdf
37_1,-3.1000000000000005,-0.5166666666666667,12,,./report/pdb_by_site/site_all_12_37_1_1.sdf
37_1,-3.0500000000000003,-0.5083333333333334,22,,./report/pdb_by_site/site_all_22_37_1_1.sdf
37_1,-3.04,-0.5066666666666667,20,,./report/pdb_by_site/site_all_20_37_1_1.sdf
37_1,-3.0300000000000002,-0.505,53,,./report/pdb_by_site/site_all_53_37_1_1.sdf
37_1,-2.99,-0.49833333333333335,41,,./report/pdb_by_site/site_all_41_37_1_1.sdf
37_1,-2.99,-0.49833333333333335,3,,./report/pdb_by_site/site_all_3_37_1_2.sdf
37_1,-2.9699999999999998,-0.49499999999999994,5,,./report/pdb_by_site/site_all_5_37_1_2.sdf
37_1,-2.96,-0.49333333333333335,41,,./report/pdb_by_site/site_all_41_37_1_2.sdf
37_1,-2.95,-0.4916666666666667,30,,./report/pdb_by_site/site_all_30_37_1_1.sdf
37_1,-2.915,-0.48583333333333334,20,,./report/pdb_by_site/site_all_20_37_1_2.sdf
37_1,-2.9099999999999997,-0.48499999999999993,5,,./report/pdb_by_site/site_all_5_37_1_3.sdf
37_1,-2.87,-0.47833333333333333,3,,./report/pdb_by_site/site_all_3_37_1_3.sdf
37_1,-2.838,-0.47300000000000003,9,,./report/pdb_by_site/site_all_9_37_1_2.sdf
37_1,-2.83,-0.4716666666666667,57,,./report/pdb_by_site/site_all_57_37_1_1.sdf
37_1,-2.81,-0.4683333333333333,12,,./report/pdb_by_site/site_all_12_37_1_2.sdf
37_1,-2.75,-0.4583333333333333,10,,./report/pdb_by_site/site_all_10_37_1_5.sdf
37_1,-2.7119999999999997,-0.45199999999999996,3,,./report/pdb_by_site/site_all_3_37_1_4.sdf
37_1,-2.67,-0.445,85,,./report/pdb_by_site/site_all_85_37_1_1.sdf
37_1,-2.54,-0.42333333333333334,27,,./report/pdb_by_site/site_all_27_37_1_1.sdf
37_1,-2.5,-0.4166666666666667,56,,./report/pdb_by_site/site_all_56_37_1_1.sdf
37_1,-2.46,-0.41,44,,./report/pdb_by_site/site_all_44_37_1_1.sdf
37_1,-2.46,-0.41,36,,./report/pdb_by_site/site_all_36_37_1_1.sdf
37_1,-2.4400000000000004,-0.40666666666666673,58,,./report/pdb_by_site/site_all_58_37_1_1.sdf
37_1,-2.33,-0.38833333333333336,21,,./report/pdb_by_site/site_all_21_37_1_1.sdf
37_1,-2.309,-0.38483333333333336,21,,./report/pdb_by_site/site_all_21_37_1_2.sdf
37_1,-2.2800000000000002,-0.38000000000000006,17,,./report/pdb_by_site/site_all_17_37_1_2.sdf
37_1,-2.255,-0.3758333333333333,27,,./report/pdb_by_site/site_all_27_37_1_2.sdf
37_1,-2.25,-0.375,10,,./report/pdb_by_site/site_all_10_37_1_6.sdf
37_1,-2.247,-0.3745,18,,./report/pdb_by_site/site_all_18_37_1_2.sdf
37_1,-2.2399999999999998,-0.3733333333333333,80,,./report/pdb_by_site/site_all_80_37_1_1.sdf
37_1,-2.2199999999999998,-0.36999999999999994,93,,./report/pdb_by_site/site_all_93_37_1_1.sdf
37_1,-2.2199999999999998,-0.36999999999999994,58,,./report/pdb_by_site/site_all_58_37_1_2.sdf
37_1,-2.197,-0.3661666666666667,22,,./report/pdb_by_site/site_all_22_37_1_2.sdf
37_1,-2.1627,-0.36045,75,,./report/pdb_by_site/site_all_75_37_1_1.sdf
37_1,-2.15,-0.35833333333333334,41,,./report/pdb_by_site/site_all_41_37_1_3.sdf
37_1,-2.105,-0.35083333333333333,38,,./report/pdb_by_site/site_all_38_37_1_1.sdf
37_1,-2.095,-0.3491666666666667,20,,./report/pdb_by_site/site_all_20_37_1_3.sdf
37_1,-2.07,-0.345,17,,./report/pdb_by_site/site_all_17_37_1_3.sdf
37_1,-2.07,-0.345,49,,./report/pdb_by_site/site_all_49_37_1_1.sdf
37_1,-2.04,-0.34,26,,./report/pdb_by_site/site_all_26_37_1_2.sdf
37_1,-2.0149999999999997,-0.33583333333333326,67,,./report/pdb_by_site/site_all_67_37_1_1.sdf
37_1,-2.0100000000000002,-0.335,26,,./report/pdb_by_site/site_all_26_37_1_3.sdf
37_2,-4.57,-0.7616666666666667,67,,./report/pdb_by_site/site_all_67_37_2_1.sdf
37_2,-4.46,-0.7433333333333333,3,,./report/pdb_by_site/site_all_3_37_2_1.sdf
37_2,-3.24,-0.54,20,,./report/pdb_by_site/site_all_20_37_2_1.sdf
37_2,-3.2300000000000004,-0.5383333333333334,34,,./report/pdb_by_site/site_all_34_37_2_1.sdf
37_2,-3.18,-0.53,43,,./report/pdb_by_site/site_all_43_37_2_1.sdf
37_2,-3.0,-0.5,37,,./report/pdb_by_site/site_all_37_37_2_1.sdf
37_2,-2.96,-0.49333333333333335,87,,./report/pdb_by_site/site_all_87_37_2_1.sdf
37_2,-2.88,-0.48,17,,./report/pdb_by_site/site_all_17_37_2_1.sdf
37_2,-2.73,-0.455,59,,./report/pdb_by_site/site_all_59_37_2_1.sdf
37_2,-2.64,-0.44,93,,./report/pdb_by_site/site_all_93_37_2_1.sdf
37_2,-2.5300000000000002,-0.4216666666666667,87,,./report/pdb_by_site/site_all_87_37_2_2.sdf
37_2,-2.51,-0.4183333333333333,87,,./report/pdb_by_site/site_all_87_37_2_3.sdf
37_2,-2.43,-0.405,3,,./report/pdb_by_site/site_all_3_37_2_2.sdf
37_2,-2.41,-0.40166666666666667,77,,./report/pdb_by_site/site_all_77_37_2_1.sdf
37_2,-2.4099999999999997,-0.4016666666666666,88,,./report/pdb_by_site/site_all_88_37_2_1.sdf
37_2,-2.33,-0.38833333333333336,77,,./report/pdb_by_site/site_all_77_37_2_2.sdf
37_2,-2.2600000000000002,-0.3766666666666667,25,,./report/pdb_by_site/site_all_25_37_2_1.sdf
37_2,-2.2,-0.3666666666666667,19,,./report/pdb_by_site/site_all_19_37_2_1.sdf
37_2,-2.17,-0.36166666666666664,85,,./report/pdb_by_site/site_all_85_37_2_1.sdf
37_2,-2.1470000000000002,-0.3578333333333334,87,,./report/pdb_by_site/site_all_87_37_2_4.sdf
37_2,-2.106,-0.351,102,,./report/pdb_by_site/site_all_102_37_2_1.sdf
37_2,-2.1,-0.35000000000000003,108,,./report/pdb_by_site/site_all_108_37_2_1.sdf
37_2,-2.0500000000000003,-0.34166666666666673,111,,./report/pdb_by_site/site_all_111_37_2_1.sdf
37_2,-2.05,-0.3416666666666666,61,,./report/pdb_by_site/site_all_61_37_2_1.sdf
37_2,-2.04,-0.34,102,,./report/pdb_by_site/site_all_102_37_2_2.sdf
37_2,-2.029,-0.33816666666666667,128,,./report/pdb_by_site/site_all_128_37_2_1.sdf
37_2,-2.01,-0.33499999999999996,108,,./report/pdb_by_site/site_all_108_37_2_2.sdf
38,-3.8099999999999996,-0.6349999999999999,3,,./report/pdb_by_site/site_all_3_38_1.sdf
38,-3.1700000000000004,-0.5283333333333334,2,,./report/pdb_by_site/site_all_2_38_1.sdf
38,-3.0100000000000007,-0.5016666666666668,9,,./report/pdb_by_site/site_all_9_38_1.sdf
38,-2.93,-0.48833333333333334,11,,./report/pdb_by_site/site_all_11_38_1.sdf
38,-2.87,-0.47833333333333333,10,,./report/pdb_by_site/site_all_10_38_1.sdf
38,-2.8600000000000003,-0.47666666666666674,2,,./report/pdb_by_site/site_all_2_38_2.sdf
38,-2.8139999999999996,-0.4689999999999999,4,,./report/pdb_by_site/site_all_4_38_1.sdf
38,-2.61,-0.435,2,,./report/pdb_by_site/site_all_2_38_3.sdf
38,-2.5700000000000003,-0.4283333333333334,17,,./report/pdb_by_site/site_all_17_38_1.sdf
38,-2.53,-0.42166666666666663,5,,./report/pdb_by_site/site_all_5_38_1.sdf
38,-2.49,-0.41500000000000004,5,,./report/pdb_by_site/site_all_5_38_2.sdf
38,-2.41,-0.40166666666666667,10,,./report/pdb_by_site/site_all_10_38_2.sdf
38,-2.33,-0.38833333333333336,20,,./report/pdb_by_site/site_all_20_38_1.sdf
38,-2.33,-0.38833333333333336,27,,./report/pdb_by_site/site_all_27_38_1.sdf
38,-2.3100000000000005,-0.38500000000000006,18,,./report/pdb_by_site/site_all_18_38_1.sdf
38,-2.3089999999999997,-0.3848333333333333,10,,./report/pdb_by_site/site_all_10_38_3.sdf
38,-2.303,-0.3838333333333333,24,,./report/pdb_by_site/site_all_24_38_1.sdf
38,-2.29,-0.38166666666666665,41,,./report/pdb_by_site/site_all_41_38_1.sdf
38,-2.23,-0.37166666666666665,21,,./report/pdb_by_site/site_all_21_38_1.sdf
38,-2.228,-0.37133333333333335,15,,./report/pdb_by_site/site_all_15_38_1.sdf
38,-2.2260000000000004,-0.37100000000000005,20,,./report/pdb_by_site/site_all_20_38_2.sdf
38,-2.1879999999999997,-0.36466666666666664,26,,./report/pdb_by_site/site_all_26_38_1.sdf
38,-2.161,-0.3601666666666667,19,,./report/pdb_by_site/site_all_19_38_1.sdf
38,-2.16,-0.36000000000000004,5,,./report/pdb_by_site/site_all_5_38_3.sdf
38,-2.13,-0.355,25,,./report/pdb_by_site/site_all_25_38_1.sdf
38,-2.12,-0.35333333333333333,3,,./report/pdb_by_site/site_all_3_38_2.sdf
38,-2.1,-0.35000000000000003,3,,./report/pdb_by_site/site_all_3_38_3.sdf
38,-2.08,-0.3466666666666667,22,,./report/pdb_by_site/site_all_22_38_1.sdf
38,-2.076,-0.34600000000000003,12,,./report/pdb_by_site/site_all_12_38_1.sdf
38,-2.07,-0.345,30,,./report/pdb_by_site/site_all_30_38_1.sdf
38,-2.04,-0.34,57,,./report/pdb_by_site/site_all_57_38_1.sdf
38,-2.02,-0.33666666666666667,10,,./report/pdb_by_site/site_all_10_38_4.sdf
39_1,-5.08,-0.7257142857142858,3,,./report/pdb_by_site/site_all_3_39_1_1.sdf
39_1,-4.65,-0.6642857142857144,2,,./report/pdb_by_site/site_all_2_39_1_1.sdf
39_1,-4.539,-0.6484285714285714,4,,./report/pdb_by_site/site_all_4_39_1_1.sdf
39_1,-4.52,-0.6457142857142857,2,,./report/pdb_by_site/site_all_2_39_1_2.sdf
39_1,-4.44,-0.6342857142857143,5,,./report/pdb_by_site/site_all_5_39_1_1.sdf
39_1,-4.436,-0.6337142857142857,3,,./report/pdb_by_site/site_all_3_39_1_2.sdf
39_1,-4.3100000000000005,-0.6157142857142858,11,,./report/pdb_by_site/site_all_11_39_1_1.sdf
39_1,-4.17,-0.5957142857142858,5,,./report/pdb_by_site/site_all_5_39_1_2.sdf
39_1,-4.15,-0.5928571428571429,9,,./report/pdb_by_site/site_all_9_39_1_1.sdf
39_1,-4.0760000000000005,-0.5822857142857144,24,,./report/pdb_by_site/site_all_24_39_1_1.sdf
39_1,-3.8689999999999998,-0.5527142857142857,10,,./report/pdb_by_site/site_all_10_39_1_1.sdf
39_1,-3.86,-0.5514285714285714,10,,./report/pdb_by_site/site_all_10_39_1_2.sdf
39_1,-3.644,-0.5205714285714286,21,,./report/pdb_by_site/site_all_21_39_1_1.sdf
39_1,-3.63,-0.5185714285714286,17,,./report/pdb_by_site/site_all_17_39_1_1.sdf
39_1,-3.62,-0.5171428571428571,15,,./report/pdb_by_site/site_all_15_39_1_1.sdf
39_1,-3.54,-0.5057142857142857,57,,./report/pdb_by_site/site_all_57_39_1_1.sdf
39_1,-3.54,-0.5057142857142857,25,,./report/pdb_by_site/site_all_25_39_1_1.sdf
39_1,-3.4879999999999995,-0.4982857142857142,2,,./report/pdb_by_site/site_all_2_39_1_3.sdf
39_1,-3.4400000000000004,-0.4914285714285715,41,,./report/pdb_by_site/site_all_41_39_1_1.sdf
39_1,-3.34,-0.47714285714285715,22,,./report/pdb_by_site/site_all_22_39_1_1.sdf
39_1,-3.2459999999999996,-0.46371428571428563,19,,./report/pdb_by_site/site_all_19_39_1_1.sdf
39_1,-3.2199999999999998,-0.45999999999999996,30,,./report/pdb_by_site/site_all_30_39_1_1.sdf
39_1,-3.199,-0.45699999999999996,3,,./report/pdb_by_site/site_all_3_39_1_3.sdf
39_1,-3.19,-0.4557142857142857,3,,./report/pdb_by_site/site_all_3_39_1_4.sdf
39_1,-3.1710000000000003,-0.453,20,,./report/pdb_by_site/site_all_20_39_1_1.sdf
39_1,-3.16,-0.45142857142857146,18,,./report/pdb_by_site/site_all_18_39_1_1.sdf
39_1,-3.0100000000000002,-0.43000000000000005,12,,./report/pdb_by_site/site_all_12_39_1_1.sdf
39_1,-2.98,-0.4257142857142857,27,,./report/pdb_by_site/site_all_27_39_1_1.sdf
39_1,-2.9699999999999998,-0.42428571428571427,56,,./report/pdb_by_site/site_all_56_39_1_1.sdf
39_1,-2.9600000000000004,-0.42285714285714293,53,,./report/pdb_by_site/site_all_53_39_1_1.sdf
39_1,-2.82,-0.40285714285714286,36,,./report/pdb_by_site/site_all_36_39_1_1.sdf
39_1,-2.7990000000000004,-0.3998571428571429,30,,./report/pdb_by_site/site_all_30_39_1_2.sdf
39_1,-2.7739999999999996,-0.39628571428571424,26,,./report/pdb_by_site/site_all_26_39_1_1.sdf
39_1,-2.75,-0.39285714285714285,74,,./report/pdb_by_site/site_all_74_39_1_1.sdf
39_1,-2.7399999999999998,-0.3914285714285714,41,,./report/pdb_by_site/site_all_41_39_1_2.sdf
39_1,-2.7305,-0.39007142857142857,19,,./report/pdb_by_site/site_all_19_39_1_2.sdf
39_1,-2.7169999999999996,-0.38814285714285707,44,,./report/pdb_by_site/site_all_44_39_1_1.sdf
39_1,-2.715,-0.38785714285714284,27,,./report/pdb_by_site/site_all_27_39_1_2.sdf
39_1,-2.71,-0.3871428571428571,5,,./report/pdb_by_site/site_all_5_39_1_3.sdf
39_1,-2.687,-0.38385714285714284,20,,./report/pdb_by_site/site_all_20_39_1_2.sdf
39_1,-2.673,-0.38185714285714284,22,,./report/pdb_by_site/site_all_22_39_1_2.sdf
39_1,-2.619,-0.37414285714285717,12,,./report/pdb_by_site/site_all_12_39_1_2.sdf
39_1,-2.617,-0.37385714285714283,30,,./report/pdb_by_site/site_all_30_39_1_3.sdf
39_1,-2.608,-0.3725714285714286,25,,./report/pdb_by_site/site_all_25_39_1_2.sdf
39_1,-2.5957,-0.3708142857142857,34,,./report/pdb_by_site/site_all_34_39_1_1.sdf
39_1,-2.578,-0.36828571428571427,58,,./report/pdb_by_site/site_all_58_39_1_1.sdf
39_1,-2.549,-0.36414285714285716,24,,./report/pdb_by_site/site_all_24_39_1_2.sdf
39_1,-2.5430000000000006,-0.3632857142857144,24,,./report/pdb_by_site/site_all_24_39_1_3.sdf
39_1,-2.54,-0.3628571428571429,27,,./report/pdb_by_site/site_all_27_39_1_3.sdf
39_1,-2.5200000000000005,-0.36000000000000004,10,,./report/pdb_by_site/site_all_10_39_1_3.sdf
39_1,-2.52,-0.36,58,,./report/pdb_by_site/site_all_58_39_1_2.sdf
39_1,-2.5145,-0.3592142857142857,80,,./report/pdb_by_site/site_all_80_39_1_1.sdf
39_1,-2.463,-0.35185714285714287,80,,./report/pdb_by_site/site_all_80_39_1_2.sdf
39_1,-2.4610000000000003,-0.3515714285714286,3,,./report/pdb_by_site/site_all_3_39_1_5.sdf
39_1,-2.458,-0.35114285714285715,104,,./report/pdb_by_site/site_all_104_39_1_1.sdf
39_1,-2.4050000000000002,-0.3435714285714286,9,,./report/pdb_by_site/site_all_9_39_1_2.sdf
39_1,-2.398,-0.3425714285714286,14,,./report/pdb_by_site/site_all_14_39_1_1.sdf
39_1,-2.392,-0.3417142857142857,58,,./report/pdb_by_site/site_all_58_39_1_3.sdf
39_1,-2.335,-0.3335714285714286,81,,./report/pdb_by_site/site_all_81_39_1_1.sdf
39_1,-2.33,-0.33285714285714285,24,,./report/pdb_by_site/site_all_24_39_1_4.sdf
39_1,-2.3100000000000005,-0.33000000000000007,85,,./report/pdb_by_site/site_all_85_39_1_1.sdf
39_1,-2.2700000000000005,-0.32428571428571434,77,,./report/pdb_by_site/site_all_77_39_1_1.sdf
39_1,-2.263,-0.3232857142857143,38,,./report/pdb_by_site/site_all_38_39_1_1.sdf
39_1,-2.26,-0.32285714285714284,79,,./report/pdb_by_site/site_all_79_39_1_1.sdf
39_1,-2.25,-0.32142857142857145,75,,./report/pdb_by_site/site_all_75_39_1_1.sdf
39_1,-2.249,-0.3212857142857143,36,,./report/pdb_by_site/site_all_36_39_1_2.sdf
39_1,-2.226,-0.318,75,,./report/pdb_by_site/site_all_75_39_1_2.sdf
39_1,-2.22,-0.31714285714285717,57,,./report/pdb_by_site/site_all_57_39_1_2.sdf
39_1,-2.21,-0.3157142857142857,111,,./report/pdb_by_site/site_all_111_39_1_1.sdf
39_1,-2.191,-0.313,57,,./report/pdb_by_site/site_all_57_39_1_3.sdf
39_1,-2.108,-0.30114285714285716,67,,./report/pdb_by_site/site_all_67_39_1_1.sdf
39_1,-2.1,-0.3,57,,./report/pdb_by_site/site_all_57_39_1_4.sdf
39_1,-2.077,-0.2967142857142857,10,,./report/pdb_by_site/site_all_10_39_1_4.sdf
39_1,-2.07,-0.2957142857142857,109,,./report/pdb_by_site/site_all_109_39_1_1.sdf
39_1,-2.066,-0.2951428571428571,38,,./report/pdb_by_site/site_all_38_39_1_2.sdf
39_1,-2.0073,-0.2867571428571428,85,,./report/pdb_by_site/site_all_85_39_1_2.sdf
39_1,-2.002,-0.286,22,,./report/pdb_by_site/site_all_22_39_1_3.sdf
39_2,-6.55,-0.9357142857142857,3,,./report/pdb_by_site/site_all_3_39_2_1.sdf
39_2,-5.083,-0.7261428571428572,20,,./report/pdb_by_site/site_all_20_39_2_1.sdf
39_2,-5.029999999999999,-0.7185714285714285,2,,./report/pdb_by_site/site_all_2_39_2_1.sdf
39_2,-4.819999999999999,-0.6885714285714285,67,,./report/pdb_by_site/site_all_67_39_2_1.sdf
39_2,-4.3069999999999995,-0.6152857142857142,67,,./report/pdb_by_site/site_all_67_39_2_2.sdf
39_2,-4.13,-0.59,11,,./report/pdb_by_site/site_all_11_39_2_1.sdf
39_2,-3.92,-0.5599999999999999,9,,./report/pdb_by_site/site_all_9_39_2_1.sdf
39_2,-3.73,-0.5328571428571428,17,,./report/pdb_by_site/site_all_17_39_2_1.sdf
39_2,-3.66,-0.5228571428571429,3,,./report/pdb_by_site/site_all_3_39_2_2.sdf
39_2,-3.5799999999999996,-0.5114285714285713,87,,./report/pdb_by_site/site_all_87_39_2_1.sdf
39_2,-3.546,-0.5065714285714286,77,,./report/pdb_by_site/site_all_77_39_2_1.sdf
39_2,-3.4770000000000003,-0.4967142857142858,75,,./report/pdb_by_site/site_all_75_39_2_1.sdf
39_2,-3.35,-0.4785714285714286,93,,./report/pdb_by_site/site_all_93_39_2_1.sdf
39_2,-3.261,-0.46585714285714286,24,,./report/pdb_by_site/site_all_24_39_2_1.sdf
39_2,-3.26,-0.4657142857142857,2,,./report/pdb_by_site/site_all_2_39_2_2.sdf
39_2,-3.2560000000000002,-0.4651428571428572,61,,./report/pdb_by_site/site_all_61_39_2_1.sdf
39_2,-3.117,-0.4452857142857143,5,,./report/pdb_by_site/site_all_5_39_2_1.sdf
39_2,-3.1161,-0.44515714285714286,20,,./report/pdb_by_site/site_all_20_39_2_2.sdf
39_2,-3.0600000000000005,-0.4371428571428572,53,,./report/pdb_by_site/site_all_53_39_2_1.sdf
39_2,-3.06,-0.43714285714285717,50,,./report/pdb_by_site/site_all_50_39_2_1.sdf
39_2,-3.031,-0.433,59,,./report/pdb_by_site/site_all_59_39_2_1.sdf
39_2,-2.8970000000000002,-0.41385714285714287,5,,./report/pdb_by_site/site_all_5_39_2_2.sdf
39_2,-2.88,-0.4114285714285714,25,,./report/pdb_by_site/site_all_25_39_2_1.sdf
39_2,-2.8699999999999997,-0.41,56,,./report/pdb_by_site/site_all_56_39_2_1.sdf
39_2,-2.835,-0.40499999999999997,3,,./report/pdb_by_site/site_all_3_39_2_3.sdf
39_2,-2.7640000000000002,-0.3948571428571429,43,,./report/pdb_by_site/site_all_43_39_2_1.sdf
39_2,-2.75,-0.39285714285714285,102,,./report/pdb_by_site/site_all_102_39_2_1.sdf
39_2,-2.73,-0.39,41,,./report/pdb_by_site/site_all_41_39_2_1.sdf
39_2,-2.73,-0.39,10,,./report/pdb_by_site/site_all_10_39_2_1.sdf
39_2,-2.73,-0.39,10,,./report/pdb_by_site/site_all_10_39_2_2.sdf
39_2,-2.679,-0.3827142857142857,80,,./report/pdb_by_site/site_all_80_39_2_1.sdf
39_2,-2.625,-0.375,34,,./report/pdb_by_site/site_all_34_39_2_1.sdf
39_2,-2.588,-0.3697142857142857,11,,./report/pdb_by_site/site_all_11_39_2_2.sdf
39_2,-2.58,-0.3685714285714286,111,,./report/pdb_by_site/site_all_111_39_2_1.sdf
39_2,-2.5641700000000003,-0.36631,108,,./report/pdb_by_site/site_all_108_39_2_1.sdf
39_2,-2.56,-0.3657142857142857,19,,./report/pdb_by_site/site_all_19_39_2_1.sdf
39_2,-2.5483000000000002,-0.36404285714285717,21,,./report/pdb_by_site/site_all_21_39_2_1.sdf
39_2,-2.52,-0.36,41,,./report/pdb_by_site/site_all_41_39_2_2.sdf
39_2,-2.4939999999999998,-0.35628571428571426,100,,./report/pdb_by_site/site_all_100_39_2_1.sdf
39_2,-2.46,-0.3514285714285714,18,,./report/pdb_by_site/site_all_18_39_2_1.sdf
39_2,-2.4560000000000004,-0.3508571428571429,85,,./report/pdb_by_site/site_all_85_39_2_1.sdf
39_2,-2.4400000000000004,-0.34857142857142864,108,,./report/pdb_by_site/site_all_108_39_2_2.sdf
39_2,-2.44,-0.3485714285714286,26,,./report/pdb_by_site/site_all_26_39_2_1.sdf
39_2,-2.414,-0.34485714285714286,57,,./report/pdb_by_site/site_all_57_39_2_1.sdf
39_2,-2.407,-0.34385714285714286,77,,./report/pdb_by_site/site_all_77_39_2_2.sdf
39_2,-2.4,-0.34285714285714286,41,,./report/pdb_by_site/site_all_41_39_2_3.sdf
39_2,-2.398,-0.3425714285714286,37,,./report/pdb_by_site/site_all_37_39_2_1.sdf
39_2,-2.39,-0.34142857142857147,98,,./report/pdb_by_site/site_all_98_39_2_1.sdf
39_2,-2.345,-0.335,87,,./report/pdb_by_site/site_all_87_39_2_2.sdf
39_2,-2.194,-0.31342857142857145,80,,./report/pdb_by_site/site_all_80_39_2_2.sdf
39_2,-2.1870000000000003,-0.31242857142857144,27,,./report/pdb_by_site/site_all_27_39_2_1.sdf
39_2,-2.185,-0.31214285714285717,116,,./report/pdb_by_site/site_all_116_39_2_1.sdf
39_2,-2.1825,-0.3117857142857143,116,,./report/pdb_by_site/site_all_116_39_2_2.sdf
39_2,-2.181,-0.31157142857142855,111,,./report/pdb_by_site/site_all_111_39_2_2.sdf
39_2,-2.16,-0.3085714285714286,22,,./report/pdb_by_site/site_all_22_39_2_1.sdf
39_2,-2.1319999999999997,-0.30457142857142855,10,,./report/pdb_by_site/site_all_10_39_2_3.sdf
39_2,-2.13,-0.30428571428571427,21,,./report/pdb_by_site/site_all_21_39_2_2.sdf
39_2,-2.128,-0.304,116,,./report/pdb_by_site/site_all_116_39_2_3.sdf
39_2,-2.1199999999999997,-0.3028571428571428,5,,./report/pdb_by_site/site_all_5_39_2_3.sdf
39_2,-2.117,-0.30242857142857144,102,,./report/pdb_by_site/site_all_102_39_2_2.sdf
39_2,-2.103,-0.30042857142857143,94,,./report/pdb_by_site/site_all_94_39_2_1.sdf
39_2,-2.1,-0.3,57,,./report/pdb_by_site/site_all_57_39_2_2.sdf
39_2,-2.0940000000000003,-0.2991428571428572,87,,./report/pdb_by_site/site_all_87_39_2_3.sdf
39_2,-2.0839999999999996,-0.29771428571428565,84,,./report/pdb_by_site/site_all_84_39_2_1.sdf
39_2,-2.077,-0.2967142857142857,75,,./report/pdb_by_site/site_all_75_39_2_2.sdf
39_2,-2.0300000000000002,-0.29000000000000004,36,,./report/pdb_by_site/site_all_36_39_2_1.sdf
39_2,-2.02,-0.2885714285714286,136,,./report/pdb_by_site/site_all_136_39_2_1.sdf
39_2,-2.009,-0.287,128,,./report/pdb_by_site/site_all_128_39_2_1.sdf
39_3,-5.6899999999999995,-0.8128571428571428,3,,./report/pdb_by_site/site_all_3_39_3_1.sdf
39_3,-5.59,-0.7985714285714286,9,,./report/pdb_by_site/site_all_9_39_3_1.sdf
39_3,-5.4,-0.7714285714285715,2,,./report/pdb_by_site/site_all_2_39_3_1.sdf
39_3,-5.390000000000001,-0.7700000000000001,10,,./report/pdb_by_site/site_all_10_39_3_1.sdf
39_3,-5.390000000000001,-0.7700000000000001,10,,./report/pdb_by_site/site_all_10_39_3_2.sdf
39_3,-4.76,-0.6799999999999999,2,,./report/pdb_by_site/site_all_2_39_3_2.sdf
39_3,-4.452,-0.636,11,,./report/pdb_by_site/site_all_11_39_3_1.sdf
39_3,-4.359999999999999,-0.6228571428571428,19,,./report/pdb_by_site/site_all_19_39_3_1.sdf
39_3,-4.32,-0.6171428571428572,26,,./report/pdb_by_site/site_all_26_39_3_1.sdf
39_3,-4.173,-0.5961428571428572,27,,./report/pdb_by_site/site_all_27_39_3_1.sdf
39_3,-4.04,-0.5771428571428572,10,,./report/pdb_by_site/site_all_10_39_3_3.sdf
39_3,-3.9690000000000003,-0.5670000000000001,2,,./report/pdb_by_site/site_all_2_39_3_3.sdf
39_3,-3.9289999999999994,-0.5612857142857142,24,,./report/pdb_by_site/site_all_24_39_3_1.sdf
39_3,-3.8600000000000003,-0.5514285714285715,18,,./report/pdb_by_site/site_all_18_39_3_1.sdf
39_3,-3.8200000000000003,-0.5457142857142857,17,,./report/pdb_by_site/site_all_17_39_3_1.sdf
39_3,-3.8000000000000003,-0.5428571428571429,41,,./report/pdb_by_site/site_all_41_39_3_1.sdf
39_3,-3.7960000000000003,-0.5422857142857144,10,,./report/pdb_by_site/site_all_10_39_3_4.sdf
39_3,-3.7270000000000003,-0.5324285714285715,35,,./report/pdb_by_site/site_all_35_39_3_1.sdf
39_3,-3.7,-0.5285714285714286,5,,./report/pdb_by_site/site_all_5_39_3_1.sdf
39_3,-3.674,-0.5248571428571428,22,,./report/pdb_by_site/site_all_22_39_3_1.sdf
39_3,-3.6100000000000003,-0.5157142857142858,53,,./report/pdb_by_site/site_all_53_39_3_1.sdf
39_3,-3.58,-0.5114285714285715,5,,./report/pdb_by_site/site_all_5_39_3_2.sdf
39_3,-3.58,-0.5114285714285715,25,,./report/pdb_by_site/site_all_25_39_3_1.sdf
39_3,-3.5799999999999996,-0.5114285714285713,12,,./report/pdb_by_site/site_all_12_39_3_1.sdf
39_3,-3.545,-0.5064285714285715,21,,./report/pdb_by_site/site_all_21_39_3_1.sdf
39_3,-3.5237999999999996,-0.5034,15,,./report/pdb_by_site/site_all_15_39_3_1.sdf
39_3,-3.48,-0.49714285714285716,30,,./report/pdb_by_site/site_all_30_39_3_1.sdf
39_3,-3.4240000000000004,-0.4891428571428572,3,,./report/pdb_by_site/site_all_3_39_3_2.sdf
39_3,-3.3789999999999996,-0.48271428571428565,2,,./report/pdb_by_site/site_all_2_39_3_4.sdf
39_3,-3.36,-0.48,57,,./report/pdb_by_site/site_all_57_39_3_1.sdf
39_3,-3.3529999999999998,-0.479,20,,./report/pdb_by_site/site_all_20_39_3_1.sdf
39_3,-3.34,-0.47714285714285715,5,,./report/pdb_by_site/site_all_5_39_3_3.sdf
39_3,-3.33,-0.4757142857142857,10,,./report/pdb_by_site/site_all_10_39_3_5.sdf
39_3,-3.29,-0.47000000000000003,3,,./report/pdb_by_site/site_all_3_39_3_3.sdf
39_3,-3.275,-0.46785714285714286,27,,./report/pdb_by_site/site_all_27_39_3_2.sdf
39_3,-3.1879999999999997,-0.4554285714285714,27,,./report/pdb_by_site/site_all_27_39_3_3.sdf
39_3,-3.0999999999999996,-0.4428571428571428,56,,./report/pdb_by_site/site_all_56_39_3_1.sdf
39_3,-2.997,-0.4281428571428571,19,,./report/pdb_by_site/site_all_19_39_3_2.sdf
39_3,-2.96,-0.4228571428571429,30,,./report/pdb_by_site/site_all_30_39_3_2.sdf
39_3,-2.9530000000000003,-0.4218571428571429,9,,./report/pdb_by_site/site_all_9_39_3_2.sdf
39_3,-2.9450000000000003,-0.42071428571428576,75,,./report/pdb_by_site/site_all_75_39_3_1.sdf
39_3,-2.751,-0.39299999999999996,9,,./report/pdb_by_site/site_all_9_39_3_3.sdf
39_3,-2.6715,-0.3816428571428571,3,,./report/pdb_by_site/site_all_3_39_3_4.sdf
39_3,-2.667,-0.38099999999999995,56,,./report/pdb_by_site/site_all_56_39_3_2.sdf
39_3,-2.66,-0.38,57,,./report/pdb_by_site/site_all_57_39_3_2.sdf
39_3,-2.6300000000000003,-0.3757142857142858,58,,./report/pdb_by_site/site_all_58_39_3_1.sdf
39_3,-2.6187,-0.3741,61,,./report/pdb_by_site/site_all_61_39_3_1.sdf
39_3,-2.596,-0.3708571428571429,74,,./report/pdb_by_site/site_all_74_39_3_1.sdf
39_3,-2.594,-0.37057142857142855,85,,./report/pdb_by_site/site_all_85_39_3_1.sdf
39_3,-2.59,-0.37,80,,./report/pdb_by_site/site_all_80_39_3_1.sdf
39_3,-2.56,-0.3657142857142857,58,,./report/pdb_by_site/site_all_58_39_3_2.sdf
39_3,-2.549,-0.36414285714285716,116,,./report/pdb_by_site/site_all_116_39_3_1.sdf
39_3,-2.469,-0.3527142857142857,24,,./report/pdb_by_site/site_all_24_39_3_2.sdf
39_3,-2.452,-0.35028571428571426,22,,./report/pdb_by_site/site_all_22_39_3_2.sdf
39_3,-2.4278,-0.34682857142857143,67,,./report/pdb_by_site/site_all_67_39_3_1.sdf
39_3,-2.42,-0.3457142857142857,74,,./report/pdb_by_site/site_all_74_39_3_2.sdf
39_3,-2.38,-0.33999999999999997,30,,./report/pdb_by_site/site_all_30_39_3_3.sdf
39_3,-2.3777,-0.33967142857142857,50,,./report/pdb_by_site/site_all_50_39_3_1.sdf
39_3,-2.37,-0.3385714285714286,67,,./report/pdb_by_site/site_all_67_39_3_2.sdf
39_3,-2.361,-0.3372857142857143,36,,./report/pdb_by_site/site_all_36_39_3_1.sdf
39_3,-2.36,-0.33714285714285713,44,,./report/pdb_by_site/site_all_44_39_3_1.sdf
39_3,-2.35,-0.33571428571428574,41,,./report/pdb_by_site/site_all_41_39_3_2.sdf
39_3,-2.32983,-0.3328328571428571,102,,./report/pdb_by_site/site_all_102_39_3_1.sdf
39_3,-2.3240000000000003,-0.332,70,,./report/pdb_by_site/site_all_70_39_3_1.sdf
39_3,-2.2925,-0.3275,38,,./report/pdb_by_site/site_all_38_39_3_1.sdf
39_3,-2.28,-0.3257142857142857,41,,./report/pdb_by_site/site_all_41_39_3_3.sdf
39_3,-2.28,-0.3257142857142857,77,,./report/pdb_by_site/site_all_77_39_3_1.sdf
39_3,-2.2640000000000002,-0.32342857142857145,70,,./report/pdb_by_site/site_all_70_39_3_2.sdf
39_3,-2.2399999999999998,-0.31999999999999995,80,,./report/pdb_by_site/site_all_80_39_3_2.sdf
39_3,-2.2199999999999998,-0.3171428571428571,11,,./report/pdb_by_site/site_all_11_39_3_2.sdf
39_3,-2.215,-0.3164285714285714,85,,./report/pdb_by_site/site_all_85_39_3_2.sdf
39_3,-2.214,-0.3162857142857143,24,,./report/pdb_by_site/site_all_24_39_3_3.sdf
39_3,-2.2079999999999997,-0.3154285714285714,67,,./report/pdb_by_site/site_all_67_39_3_3.sdf
39_3,-2.16,-0.3085714285714286,57,,./report/pdb_by_site/site_all_57_39_3_3.sdf
39_3,-2.158,-0.3082857142857143,91,,./report/pdb_by_site/site_all_91_39_3_1.sdf
39_3,-2.15,-0.3071428571428571,115,,./report/pdb_by_site/site_all_115_39_3_1.sdf
39_3,-2.1448,-0.3064,79,,./report/pdb_by_site/site_all_79_39_3_1.sdf
39_3,-2.1399999999999997,-0.30571428571428566,98,,./report/pdb_by_site/site_all_98_39_3_1.sdf
39_3,-2.128,-0.304,105,,./report/pdb_by_site/site_all_105_39_3_1.sdf
39_3,-2.1180000000000003,-0.3025714285714286,56,,./report/pdb_by_site/site_all_56_39_3_3.sdf
39_3,-2.0869999999999997,-0.2981428571428571,109,,./report/pdb_by_site/site_all_109_39_3_1.sdf
39_3,-2.055,-0.2935714285714286,75,,./report/pdb_by_site/site_all_75_39_3_2.sdf
39_3,-2.024,-0.28914285714285715,44,,./report/pdb_by_site/site_all_44_39_3_2.sdf
39_3,-2.023,-0.28900000000000003,17,,./report/pdb_by_site/site_all_17_39_3_2.sdf
39_3,-2.011,-0.2872857142857143,34,,./report/pdb_by_site/site_all_34_39_3_1.sdf
39_3,-2.0100000000000002,-0.2871428571428572,81,,./report/pdb_by_site/site_all_81_39_3_1.sdf
40_1,-5.720000000000001,-0.8171428571428573,3,,./report/pdb_by_site/site_all_3_40_1_1.sdf
40_1,-5.42,-0.7742857142857142,2,,./report/pdb_by_site/site_all_2_40_1_1.sdf
40_1,-5.35,-0.7642857142857142,9,,./report/pdb_by_site/site_all_9_40_1_1.sdf
40_1,-5.205,-0.7435714285714285,2,,./report/pdb_by_site/site_all_2_40_1_2.sdf
40_1,-4.8737,-0.6962428571428572,4,,./report/pdb_by_site/site_all_4_40_1_1.sdf
40_1,-4.263,-0.609,4,,./report/pdb_by_site/site_all_4_40_1_2.sdf
40_1,-4.23,-0.6042857142857143,11,,./report/pdb_by_site/site_all_11_40_1_1.sdf
40_1,-4.17,-0.5957142857142858,10,,./report/pdb_by_site/site_all_10_40_1_1.sdf
40_1,-4.081,-0.5830000000000001,10,,./report/pdb_by_site/site_all_10_40_1_2.sdf
40_1,-4.065,-0.5807142857142857,10,,./report/pdb_by_site/site_all_10_40_1_3.sdf
40_1,-4.031,-0.5758571428571428,27,,./report/pdb_by_site/site_all_27_40_1_1.sdf
40_1,-3.96,-0.5657142857142857,20,,./report/pdb_by_site/site_all_20_40_1_1.sdf
40_1,-3.9149999999999996,-0.5592857142857143,2,,./report/pdb_by_site/site_all_2_40_1_3.sdf
40_1,-3.9,-0.5571428571428572,26,,./report/pdb_by_site/site_all_26_40_1_1.sdf
40_1,-3.8600000000000003,-0.5514285714285715,41,,./report/pdb_by_site/site_all_41_40_1_1.sdf
40_1,-3.7600000000000002,-0.5371428571428571,24,,./report/pdb_by_site/site_all_24_40_1_1.sdf
40_1,-3.7199999999999998,-0.5314285714285714,18,,./report/pdb_by_site/site_all_18_40_1_1.sdf
40_1,-3.71,-0.53,25,,./report/pdb_by_site/site_all_25_40_1_1.sdf
40_1,-3.6399999999999997,-0.5199999999999999,5,,./report/pdb_by_site/site_all_5_40_1_1.sdf
40_1,-3.6300000000000003,-0.5185714285714286,17,,./report/pdb_by_site/site_all_17_40_1_1.sdf
40_1,-3.59,-0.5128571428571428,19,,./report/pdb_by_site/site_all_19_40_1_1.sdf
40_1,-3.481,-0.4972857142857143,20,,./report/pdb_by_site/site_all_20_40_1_2.sdf
40_1,-3.4108,-0.4872571428571429,15,,./report/pdb_by_site/site_all_15_40_1_1.sdf
40_1,-3.41,-0.48714285714285716,30,,./report/pdb_by_site/site_all_30_40_1_1.sdf
40_1,-3.314,-0.4734285714285714,27,,./report/pdb_by_site/site_all_27_40_1_2.sdf
40_1,-3.314,-0.4734285714285714,14,,./report/pdb_by_site/site_all_14_40_1_1.sdf
40_1,-3.3000000000000003,-0.4714285714285715,5,,./report/pdb_by_site/site_all_5_40_1_2.sdf
40_1,-3.2530000000000006,-0.4647142857142858,53,,./report/pdb_by_site/site_all_53_40_1_1.sdf
40_1,-3.25,-0.4642857142857143,3,,./report/pdb_by_site/site_all_3_40_1_2.sdf
40_1,-3.176,-0.45371428571428574,3,,./report/pdb_by_site/site_all_3_40_1_3.sdf
40_1,-3.173,-0.4532857142857143,12,,./report/pdb_by_site/site_all_12_40_1_1.sdf
40_1,-3.066,-0.438,11,,./report/pdb_by_site/site_all_11_40_1_2.sdf
40_1,-2.974,-0.4248571428571429,22,,./report/pdb_by_site/site_all_22_40_1_1.sdf
40_1,-2.934,-0.41914285714285715,5,,./report/pdb_by_site/site_all_5_40_1_3.sdf
40_1,-2.91,-0.41571428571428576,26,,./report/pdb_by_site/site_all_26_40_1_2.sdf
40_1,-2.819,-0.4027142857142857,51,,./report/pdb_by_site/site_all_51_40_1_1.sdf
40_1,-2.7700000000000005,-0.3957142857142858,58,,./report/pdb_by_site/site_all_58_40_1_1.sdf
40_1,-2.7479999999999998,-0.3925714285714285,21,,./report/pdb_by_site/site_all_21_40_1_1.sdf
40_1,-2.68,-0.3828571428571429,80,,./report/pdb_by_site/site_all_80_40_1_1.sdf
40_1,-2.64,-0.37714285714285717,58,,./report/pdb_by_site/site_all_58_40_1_2.sdf
40_1,-2.609,-0.3727142857142857,9,,./report/pdb_by_site/site_all_9_40_1_2.sdf
40_1,-2.587,-0.3695714285714286,38,,./report/pdb_by_site/site_all_38_40_1_1.sdf
40_1,-2.543,-0.3632857142857143,80,,./report/pdb_by_site/site_all_80_40_1_2.sdf
40_1,-2.497,-0.3567142857142857,27,,./report/pdb_by_site/site_all_27_40_1_3.sdf
40_1,-2.487,-0.3552857142857143,74,,./report/pdb_by_site/site_all_74_40_1_1.sdf
40_1,-2.4859999999999998,-0.3551428571428571,31,,./report/pdb_by_site/site_all_31_40_1_1.sdf
40_1,-2.477,-0.3538571428571428,79,,./report/pdb_by_site/site_all_79_40_1_1.sdf
40_1,-2.4600000000000004,-0.3514285714285715,30,,./report/pdb_by_site/site_all_30_40_1_2.sdf
40_1,-2.4442000000000004,-0.34917142857142863,61,,./report/pdb_by_site/site_all_61_40_1_1.sdf
40_1,-2.44,-0.3485714285714286,116,,./report/pdb_by_site/site_all_116_40_1_1.sdf
40_1,-2.4250000000000003,-0.3464285714285715,75,,./report/pdb_by_site/site_all_75_40_1_1.sdf
40_1,-2.39,-0.34142857142857147,67,,./report/pdb_by_site/site_all_67_40_1_1.sdf
40_1,-2.387,-0.341,85,,./report/pdb_by_site/site_all_85_40_1_1.sdf
40_1,-2.374,-0.33914285714285713,36,,./report/pdb_by_site/site_all_36_40_1_1.sdf
40_1,-2.3550000000000004,-0.33642857142857147,44,,./report/pdb_by_site/site_all_44_40_1_1.sdf
40_1,-2.3541,-0.3363,50,,./report/pdb_by_site/site_all_50_40_1_1.sdf
40_1,-2.35,-0.33571428571428574,57,,./report/pdb_by_site/site_all_57_40_1_1.sdf
40_1,-2.3489999999999998,-0.3355714285714285,17,,./report/pdb_by_site/site_all_17_40_1_2.sdf
40_1,-2.318,-0.3311428571428571,56,,./report/pdb_by_site/site_all_56_40_1_1.sdf
40_1,-2.3149999999999995,-0.3307142857142856,38,,./report/pdb_by_site/site_all_38_40_1_2.sdf
40_1,-2.31,-0.33,11,,./report/pdb_by_site/site_all_11_40_1_3.sdf
40_1,-2.308,-0.3297142857142857,93,,./report/pdb_by_site/site_all_93_40_1_1.sdf
40_1,-2.304,-0.3291428571428571,70,,./report/pdb_by_site/site_all_70_40_1_1.sdf
40_1,-2.2920000000000003,-0.32742857142857146,56,,./report/pdb_by_site/site_all_56_40_1_2.sdf
40_1,-2.291,-0.3272857142857143,41,,./report/pdb_by_site/site_all_41_40_1_2.sdf
40_1,-2.283,-0.3261428571428571,67,,./report/pdb_by_site/site_all_67_40_1_2.sdf
40_1,-2.265,-0.32357142857142857,56,,./report/pdb_by_site/site_all_56_40_1_3.sdf
40_1,-2.247,-0.321,85,,./report/pdb_by_site/site_all_85_40_1_2.sdf
40_1,-2.237,-0.31957142857142856,102,,./report/pdb_by_site/site_all_102_40_1_1.sdf
40_1,-2.228,-0.31828571428571434,41,,./report/pdb_by_site/site_all_41_40_1_3.sdf
40_1,-2.212,-0.316,74,,./report/pdb_by_site/site_all_74_40_1_2.sdf
40_1,-2.21,-0.3157142857142857,21,,./report/pdb_by_site/site_all_21_40_1_2.sdf
40_1,-2.1900000000000004,-0.3128571428571429,41,,./report/pdb_by_site/site_all_41_40_1_4.sdf
40_1,-2.17,-0.31,121,,./report/pdb_by_site/site_all_121_40_1_1.sdf
40_1,-2.1533,-0.30761428571428573,34,,./report/pdb_by_site/site_all_34_40_1_1.sdf
40_1,-2.1270000000000002,-0.3038571428571429,70,,./report/pdb_by_site/site_all_70_40_1_2.sdf
40_1,-2.116,-0.3022857142857143,108,,./report/pdb_by_site/site_all_108_40_1_1.sdf
40_1,-2.115,-0.30214285714285716,9,,./report/pdb_by_site/site_all_9_40_1_3.sdf
40_1,-2.11,-0.30142857142857143,109,,./report/pdb_by_site/site_all_109_40_1_1.sdf
40_1,-2.11,-0.30142857142857143,80,,./report/pdb_by_site/site_all_80_40_1_3.sdf
40_1,-2.09,-0.29857142857142854,96,,./report/pdb_by_site/site_all_96_40_1_1.sdf
40_1,-2.088,-0.2982857142857143,76,,./report/pdb_by_site/site_all_76_40_1_1.sdf
40_1,-2.0671,-0.2953,17,,./report/pdb_by_site/site_all_17_40_1_3.sdf
40_1,-2.0103000000000004,-0.2871857142857143,108,,./report/pdb_by_site/site_all_108_40_1_2.sdf
40_1,-2.01,-0.2871428571428571,77,,./report/pdb_by_site/site_all_77_40_1_1.sdf
40_2,-6.1899999999999995,-0.8842857142857142,3,,./report/pdb_by_site/site_all_3_40_2_1.sdf
40_2,-4.920000000000001,-0.702857142857143,67,,./report/pdb_by_site/site_all_67_40_2_1.sdf
40_2,-4.66,-0.6657142857142857,2,,./report/pdb_by_site/site_all_2_40_2_1.sdf
40_2,-4.595,-0.6564285714285714,2,,./report/pdb_by_site/site_all_2_40_2_2.sdf
40_2,-4.4399999999999995,-0.6342857142857142,20,,./report/pdb_by_site/site_all_20_40_2_1.sdf
40_2,-4.33,-0.6185714285714285,9,,./report/pdb_by_site/site_all_9_40_2_1.sdf
40_2,-4.207,-0.601,67,,./report/pdb_by_site/site_all_67_40_2_2.sdf
40_2,-4.19,-0.5985714285714286,11,,./report/pdb_by_site/site_all_11_40_2_1.sdf
40_2,-4.11,-0.5871428571428572,19,,./report/pdb_by_site/site_all_19_40_2_1.sdf
40_2,-3.8000000000000003,-0.5428571428571429,17,,./report/pdb_by_site/site_all_17_40_2_1.sdf
40_2,-3.586,-0.5122857142857142,3,,./report/pdb_by_site/site_all_3_40_2_2.sdf
40_2,-3.3899999999999997,-0.48428571428571426,87,,./report/pdb_by_site/site_all_87_40_2_1.sdf
40_2,-3.302,-0.4717142857142857,93,,./report/pdb_by_site/site_all_93_40_2_1.sdf
40_2,-3.28,-0.4685714285714285,27,,./report/pdb_by_site/site_all_27_40_2_1.sdf
40_2,-3.253,-0.46471428571428575,88,,./report/pdb_by_site/site_all_88_40_2_1.sdf
40_2,-3.1969999999999996,-0.4567142857142857,59,,./report/pdb_by_site/site_all_59_40_2_1.sdf
40_2,-3.157,-0.451,5,,./report/pdb_by_site/site_all_5_40_2_1.sdf
40_2,-3.13,-0.4471428571428571,18,,./report/pdb_by_site/site_all_18_40_2_1.sdf
40_2,-3.083,-0.44042857142857145,102,,./report/pdb_by_site/site_all_102_40_2_1.sdf
40_2,-3.0699999999999994,-0.4385714285714285,43,,./report/pdb_by_site/site_all_43_40_2_1.sdf
40_2,-3.0549999999999997,-0.4364285714285714,20,,./report/pdb_by_site/site_all_20_40_2_2.sdf
40_2,-3.0320000000000005,-0.4331428571428572,61,,./report/pdb_by_site/site_all_61_40_2_1.sdf
40_2,-3.03,-0.43285714285714283,77,,./report/pdb_by_site/site_all_77_40_2_1.sdf
40_2,-2.991,-0.4272857142857143,67,,./report/pdb_by_site/site_all_67_40_2_3.sdf
40_2,-2.9699999999999998,-0.42428571428571427,34,,./report/pdb_by_site/site_all_34_40_2_1.sdf
40_2,-2.955,-0.42214285714285715,37,,./report/pdb_by_site/site_all_37_40_2_1.sdf
40_2,-2.9527,-0.42181428571428575,21,,./report/pdb_by_site/site_all_21_40_2_1.sdf
40_2,-2.922,-0.4174285714285714,41,,./report/pdb_by_site/site_all_41_40_2_1.sdf
40_2,-2.92,-0.41714285714285715,26,,./report/pdb_by_site/site_all_26_40_2_1.sdf
40_2,-2.917,-0.4167142857142857,5,,./report/pdb_by_site/site_all_5_40_2_2.sdf
40_2,-2.902,-0.4145714285714286,41,,./report/pdb_by_site/site_all_41_40_2_2.sdf
40_2,-2.782,-0.3974285714285714,25,,./report/pdb_by_site/site_all_25_40_2_1.sdf
40_2,-2.767,-0.3952857142857143,75,,./report/pdb_by_site/site_all_75_40_2_1.sdf
40_2,-2.74,-0.39142857142857146,10,,./report/pdb_by_site/site_all_10_40_2_1.sdf
40_2,-2.73747,-0.3910671428571429,108,,./report/pdb_by_site/site_all_108_40_2_1.sdf
40_2,-2.7063,-0.38661428571428574,108,,./report/pdb_by_site/site_all_108_40_2_2.sdf
40_2,-2.7047000000000003,-0.38638571428571433,34,,./report/pdb_by_site/site_all_34_40_2_2.sdf
40_2,-2.696,-0.3851428571428572,56,,./report/pdb_by_site/site_all_56_40_2_1.sdf
40_2,-2.69,-0.3842857142857143,24,,./report/pdb_by_site/site_all_24_40_2_1.sdf
40_2,-2.685,-0.38357142857142856,10,,./report/pdb_by_site/site_all_10_40_2_2.sdf
40_2,-2.666,-0.38085714285714284,9,,./report/pdb_by_site/site_all_9_40_2_2.sdf
40_2,-2.61,-0.37285714285714283,19,,./report/pdb_by_site/site_all_19_40_2_2.sdf
40_2,-2.6029999999999998,-0.37185714285714283,85,,./report/pdb_by_site/site_all_85_40_2_1.sdf
40_2,-2.55223,-0.36460428571428577,53,,./report/pdb_by_site/site_all_53_40_2_1.sdf
40_2,-2.4570000000000003,-0.35100000000000003,87,,./report/pdb_by_site/site_all_87_40_2_2.sdf
40_2,-2.4499999999999997,-0.35,80,,./report/pdb_by_site/site_all_80_40_2_1.sdf
40_2,-2.43,-0.34714285714285714,117,,./report/pdb_by_site/site_all_117_40_2_1.sdf
40_2,-2.4280000000000004,-0.3468571428571429,87,,./report/pdb_by_site/site_all_87_40_2_3.sdf
40_2,-2.427,-0.3467142857142857,27,,./report/pdb_by_site/site_all_27_40_2_2.sdf
40_2,-2.404,-0.3434285714285714,100,,./report/pdb_by_site/site_all_100_40_2_1.sdf
40_2,-2.343,-0.3347142857142857,57,,./report/pdb_by_site/site_all_57_40_2_1.sdf
40_2,-2.34,-0.33428571428571424,115,,./report/pdb_by_site/site_all_115_40_2_1.sdf
40_2,-2.34,-0.33428571428571424,111,,./report/pdb_by_site/site_all_111_40_2_1.sdf
40_2,-2.33,-0.33285714285714285,75,,./report/pdb_by_site/site_all_75_40_2_2.sdf
40_2,-2.315,-0.3307142857142857,74,,./report/pdb_by_site/site_all_74_40_2_1.sdf
40_2,-2.2980000000000005,-0.32828571428571435,116,,./report/pdb_by_site/site_all_116_40_2_1.sdf
40_2,-2.2750000000000004,-0.32500000000000007,77,,./report/pdb_by_site/site_all_77_40_2_2.sdf
40_2,-2.26,-0.32285714285714284,116,,./report/pdb_by_site/site_all_116_40_2_2.sdf
40_2,-2.255,-0.3221428571428571,93,,./report/pdb_by_site/site_all_93_40_2_2.sdf
40_2,-2.224,-0.3177142857142857,102,,./report/pdb_by_site/site_all_102_40_2_2.sdf
40_2,-2.17,-0.31,5,,./report/pdb_by_site/site_all_5_40_2_3.sdf
40_2,-2.13,-0.30428571428571427,36,,./report/pdb_by_site/site_all_36_40_2_1.sdf
40_2,-2.12,-0.3028571428571429,57,,./report/pdb_by_site/site_all_57_40_2_2.sdf
40_2,-2.07,-0.2957142857142857,75,,./report/pdb_by_site/site_all_75_40_2_3.sdf
40_2,-2.06,-0.2942857142857143,44,,./report/pdb_by_site/site_all_44_40_2_1.sdf
40_2,-2.06,-0.2942857142857143,128,,./report/pdb_by_site/site_all_128_40_2_1.sdf
40_2,-2.0140000000000002,-0.28771428571428576,127,,./report/pdb_by_site/site_all_127_40_2_1.sdf
40_2,-2.01,-0.2871428571428571,124,,./report/pdb_by_site/site_all_124_40_2_1.sdf
40_3,-4.997999999999999,-0.7139999999999999,2,,./report/pdb_by_site/site_all_2_40_3_1.sdf
40_3,-4.989999999999999,-0.7128571428571427,3,,./report/pdb_by_site/site_all_3_40_3_1.sdf
40_3,-4.407,-0.6295714285714286,9,,./report/pdb_by_site/site_all_9_40_3_1.sdf
40_3,-4.367999999999999,-0.6239999999999999,2,,./report/pdb_by_site/site_all_2_40_3_2.sdf
40_3,-4.288,-0.6125714285714287,10,,./report/pdb_by_site/site_all_10_40_3_1.sdf
40_3,-4.2540000000000004,-0.6077142857142858,5,,./report/pdb_by_site/site_all_5_40_3_1.sdf
40_3,-4.07,-0.5814285714285715,5,,./report/pdb_by_site/site_all_5_40_3_2.sdf
40_3,-3.9499999999999997,-0.5642857142857143,11,,./report/pdb_by_site/site_all_11_40_3_1.sdf
40_3,-3.9200000000000004,-0.56,10,,./report/pdb_by_site/site_all_10_40_3_2.sdf
40_3,-3.8299999999999996,-0.547142857142857,10,,./report/pdb_by_site/site_all_10_40_3_3.sdf
40_3,-3.5999999999999996,-0.5142857142857142,21,,./report/pdb_by_site/site_all_21_40_3_1.sdf
40_3,-3.57,-0.51,25,,./report/pdb_by_site/site_all_25_40_3_1.sdf
40_3,-3.4699999999999998,-0.49571428571428566,17,,./report/pdb_by_site/site_all_17_40_3_1.sdf
40_3,-3.4669999999999996,-0.4952857142857142,12,,./report/pdb_by_site/site_all_12_40_3_1.sdf
40_3,-3.449,-0.4927142857142857,15,,./report/pdb_by_site/site_all_15_40_3_1.sdf
40_3,-3.4299999999999997,-0.48999999999999994,57,,./report/pdb_by_site/site_all_57_40_3_1.sdf
40_3,-3.389,-0.4841428571428571,27,,./report/pdb_by_site/site_all_27_40_3_1.sdf
40_3,-3.37,-0.48142857142857143,24,,./report/pdb_by_site/site_all_24_40_3_1.sdf
40_3,-3.358,-0.4797142857142857,24,,./report/pdb_by_site/site_all_24_40_3_2.sdf
40_3,-3.3299999999999996,-0.47571428571428565,18,,./report/pdb_by_site/site_all_18_40_3_1.sdf
40_3,-3.3099999999999996,-0.4728571428571428,22,,./report/pdb_by_site/site_all_22_40_3_1.sdf
40_3,-3.28,-0.4685714285714285,10,,./report/pdb_by_site/site_all_10_40_3_4.sdf
40_3,-3.25,-0.4642857142857143,41,,./report/pdb_by_site/site_all_41_40_3_1.sdf
40_3,-3.2060000000000004,-0.4580000000000001,20,,./report/pdb_by_site/site_all_20_40_3_1.sdf
40_3,-3.12,-0.44571428571428573,19,,./report/pdb_by_site/site_all_19_40_3_1.sdf
40_3,-3.114,-0.44485714285714284,44,,./report/pdb_by_site/site_all_44_40_3_1.sdf
40_3,-3.08,-0.44,24,,./report/pdb_by_site/site_all_24_40_3_3.sdf
40_3,-3.068,-0.4382857142857143,3,,./report/pdb_by_site/site_all_3_40_3_2.sdf
40_3,-2.988,-0.4268571428571429,26,,./report/pdb_by_site/site_all_26_40_3_1.sdf
40_3,-2.9047999999999994,-0.4149714285714285,3,,./report/pdb_by_site/site_all_3_40_3_3.sdf
40_3,-2.9000000000000004,-0.4142857142857143,30,,./report/pdb_by_site/site_all_30_40_3_1.sdf
40_3,-2.841,-0.40585714285714286,30,,./report/pdb_by_site/site_all_30_40_3_2.sdf
40_3,-2.834,-0.40485714285714286,53,,./report/pdb_by_site/site_all_53_40_3_1.sdf
40_3,-2.81,-0.4014285714285714,41,,./report/pdb_by_site/site_all_41_40_3_2.sdf
40_3,-2.79,-0.3985714285714286,49,,./report/pdb_by_site/site_all_49_40_3_1.sdf
40_3,-2.7760000000000002,-0.39657142857142863,9,,./report/pdb_by_site/site_all_9_40_3_2.sdf
40_3,-2.707,-0.3867142857142857,5,,./report/pdb_by_site/site_all_5_40_3_3.sdf
40_3,-2.6500000000000004,-0.3785714285714286,58,,./report/pdb_by_site/site_all_58_40_3_1.sdf
40_3,-2.6500000000000004,-0.3785714285714286,77,,./report/pdb_by_site/site_all_77_40_3_1.sdf
40_3,-2.63,-0.3757142857142857,24,,./report/pdb_by_site/site_all_24_40_3_4.sdf
40_3,-2.5770000000000004,-0.3681428571428572,20,,./report/pdb_by_site/site_all_20_40_3_2.sdf
40_3,-2.571,-0.3672857142857143,30,,./report/pdb_by_site/site_all_30_40_3_3.sdf
40_3,-2.5660000000000003,-0.3665714285714286,41,,./report/pdb_by_site/site_all_41_40_3_3.sdf
40_3,-2.543,-0.3632857142857143,80,,./report/pdb_by_site/site_all_80_40_3_1.sdf
40_3,-2.466,-0.3522857142857143,10,,./report/pdb_by_site/site_all_10_40_3_5.sdf
40_3,-2.4450000000000003,-0.3492857142857143,25,,./report/pdb_by_site/site_all_25_40_3_2.sdf
40_3,-2.434,-0.34771428571428575,36,,./report/pdb_by_site/site_all_36_40_3_1.sdf
40_3,-2.4305,-0.3472142857142857,38,,./report/pdb_by_site/site_all_38_40_3_1.sdf
40_3,-2.4290000000000003,-0.34700000000000003,3,,./report/pdb_by_site/site_all_3_40_3_4.sdf
40_3,-2.398,-0.3425714285714286,5,,./report/pdb_by_site/site_all_5_40_3_4.sdf
40_3,-2.3899999999999997,-0.34142857142857136,85,,./report/pdb_by_site/site_all_85_40_3_1.sdf
40_3,-2.331,-0.333,24,,./report/pdb_by_site/site_all_24_40_3_5.sdf
40_3,-2.3200000000000003,-0.33142857142857146,56,,./report/pdb_by_site/site_all_56_40_3_1.sdf
40_3,-2.249,-0.3212857142857143,57,,./report/pdb_by_site/site_all_57_40_3_2.sdf
40_3,-2.2369999999999997,-0.3195714285714285,58,,./report/pdb_by_site/site_all_58_40_3_2.sdf
40_3,-2.23,-0.31857142857142856,77,,./report/pdb_by_site/site_all_77_40_3_2.sdf
40_3,-2.202,-0.31457142857142856,27,,./report/pdb_by_site/site_all_27_40_3_2.sdf
40_3,-2.2,-0.31428571428571433,79,,./report/pdb_by_site/site_all_79_40_3_1.sdf
40_3,-2.1999999999999997,-0.3142857142857142,75,,./report/pdb_by_site/site_all_75_40_3_1.sdf
40_3,-2.19,-0.31285714285714283,57,,./report/pdb_by_site/site_all_57_40_3_3.sdf
40_3,-2.173,-0.31042857142857144,81,,./report/pdb_by_site/site_all_81_40_3_1.sdf
40_3,-2.1587,-0.3083857142857143,34,,./report/pdb_by_site/site_all_34_40_3_1.sdf
40_3,-2.152,-0.30742857142857144,22,,./report/pdb_by_site/site_all_22_40_3_2.sdf
40_3,-2.15,-0.3071428571428571,121,,./report/pdb_by_site/site_all_121_40_3_1.sdf
40_3,-2.1407,-0.3058142857142857,27,,./report/pdb_by_site/site_all_27_40_3_3.sdf
40_3,-2.1107,-0.3015285714285714,75,,./report/pdb_by_site/site_all_75_40_3_2.sdf
40_3,-2.0784,-0.2969142857142857,74,,./report/pdb_by_site/site_all_74_40_3_1.sdf
40_3,-2.077,-0.2967142857142857,74,,./report/pdb_by_site/site_all_74_40_3_2.sdf
40_3,-2.051,-0.29300000000000004,80,,./report/pdb_by_site/site_all_80_40_3_2.sdf
40_3,-2.0509999999999997,-0.293,96,,./report/pdb_by_site/site_all_96_40_3_1.sdf
40_3,-2.04,-0.2914285714285714,67,,./report/pdb_by_site/site_all_67_40_3_1.sdf
40_3,-2.026,-0.2894285714285714,21,,./report/pdb_by_site/site_all_21_40_3_2.sdf
40_3,-2.019,-0.2884285714285714,61,,./report/pdb_by_site/site_all_61_40_3_1.sdf
40_3,-2.017,-0.28814285714285715,109,,./report/pdb_by_site/site_all_109_40_3_1.sdf
40_3,-2.004,-0.2862857142857143,111,,./report/pdb_by_site/site_all_111_40_3_1.sdf
41,-6.35,-1.27,3,,./report/pdb_by_site/site_all_3_41_1.sdf
41,-5.52,-1.1039999999999999,4,,./report/pdb_by_site/site_all_4_41_1.sdf
41,-5.32,-1.064,9,,./report/pdb_by_site/site_all_9_41_1.sdf
41,-4.94,-0.9880000000000001,10,,./report/pdb_by_site/site_all_10_41_1.sdf
41,-4.87,-0.974,11,,./report/pdb_by_site/site_all_11_41_1.sdf
41,-4.86,-0.9720000000000001,2,,./report/pdb_by_site/site_all_2_41_1.sdf
41,-4.61,-0.922,21,,./report/pdb_by_site/site_all_21_41_1.sdf
41,-4.59,-0.9179999999999999,10,,./report/pdb_by_site/site_all_10_41_2.sdf
41,-4.57,-0.914,2,,./report/pdb_by_site/site_all_2_41_2.sdf
41,-4.56,-0.9119999999999999,15,,./report/pdb_by_site/site_all_15_41_1.sdf
41,-4.4399999999999995,-0.8879999999999999,5,,./report/pdb_by_site/site_all_5_41_1.sdf
41,-4.279999999999999,-0.8559999999999999,5,,./report/pdb_by_site/site_all_5_41_2.sdf
41,-4.23,-0.8460000000000001,24,,./report/pdb_by_site/site_all_24_41_1.sdf
41,-4.03,-0.806,27,,./report/pdb_by_site/site_all_27_41_1.sdf
41,-3.95,-0.79,19,,./report/pdb_by_site/site_all_19_41_1.sdf
41,-3.83,-0.766,20,,./report/pdb_by_site/site_all_20_41_1.sdf
41,-3.76,-0.752,2,,./report/pdb_by_site/site_all_2_41_3.sdf
41,-3.736,-0.7472000000000001,20,,./report/pdb_by_site/site_all_20_41_2.sdf
41,-3.7199999999999998,-0.744,3,,./report/pdb_by_site/site_all_3_41_2.sdf
41,-3.7100000000000004,-0.7420000000000001,17,,./report/pdb_by_site/site_all_17_41_1.sdf
41,-3.63,-0.726,26,,./report/pdb_by_site/site_all_26_41_1.sdf
41,-3.6,-0.72,12,,./report/pdb_by_site/site_all_12_41_1.sdf
41,-3.5600000000000005,-0.7120000000000001,3,,./report/pdb_by_site/site_all_3_41_3.sdf
41,-3.55,-0.71,22,,./report/pdb_by_site/site_all_22_41_1.sdf
41,-3.3979999999999997,-0.6796,17,,./report/pdb_by_site/site_all_17_41_2.sdf
41,-3.36,-0.6719999999999999,34,,./report/pdb_by_site/site_all_34_41_1.sdf
41,-3.35,-0.67,5,,./report/pdb_by_site/site_all_5_41_3.sdf
41,-3.3499999999999996,-0.6699999999999999,5,,./report/pdb_by_site/site_all_5_41_4.sdf
41,-3.33,-0.666,35,,./report/pdb_by_site/site_all_35_41_1.sdf
41,-3.29,-0.658,25,,./report/pdb_by_site/site_all_25_41_1.sdf
41,-3.29,-0.658,38,,./report/pdb_by_site/site_all_38_41_1.sdf
41,-3.2500000000000004,-0.6500000000000001,3,,./report/pdb_by_site/site_all_3_41_4.sdf
41,-3.25,-0.65,44,,./report/pdb_by_site/site_all_44_41_1.sdf
41,-3.14,-0.628,54,,./report/pdb_by_site/site_all_54_41_1.sdf
41,-3.11,-0.622,3,,./report/pdb_by_site/site_all_3_41_5.sdf
41,-3.04,-0.608,2,,./report/pdb_by_site/site_all_2_41_4.sdf
41,-3.0300000000000002,-0.6060000000000001,57,,./report/pdb_by_site/site_all_57_41_1.sdf
41,-2.9800000000000004,-0.5960000000000001,61,,./report/pdb_by_site/site_all_61_41_1.sdf
41,-2.9730000000000003,-0.5946,74,,./report/pdb_by_site/site_all_74_41_1.sdf
41,-2.97,-0.5940000000000001,25,,./report/pdb_by_site/site_all_25_41_2.sdf
41,-2.8899999999999997,-0.578,10,,./report/pdb_by_site/site_all_10_41_3.sdf
41,-2.8600000000000003,-0.5720000000000001,30,,./report/pdb_by_site/site_all_30_41_1.sdf
41,-2.85,-0.5700000000000001,30,,./report/pdb_by_site/site_all_30_41_2.sdf
41,-2.83,-0.5660000000000001,25,,./report/pdb_by_site/site_all_25_41_3.sdf
41,-2.8099999999999996,-0.5619999999999999,27,,./report/pdb_by_site/site_all_27_41_2.sdf
41,-2.805,-0.561,61,,./report/pdb_by_site/site_all_61_41_2.sdf
41,-2.7800000000000002,-0.556,5,,./report/pdb_by_site/site_all_5_41_5.sdf
41,-2.74,-0.548,41,,./report/pdb_by_site/site_all_41_41_1.sdf
41,-2.73,-0.546,41,,./report/pdb_by_site/site_all_41_41_2.sdf
41,-2.72,-0.544,10,,./report/pdb_by_site/site_all_10_41_4.sdf
41,-2.72,-0.544,24,,./report/pdb_by_site/site_all_24_41_2.sdf
41,-2.71,-0.542,74,,./report/pdb_by_site/site_all_74_41_2.sdf
41,-2.6999999999999997,-0.5399999999999999,56,,./report/pdb_by_site/site_all_56_41_1.sdf
41,-2.678,-0.5356,53,,./report/pdb_by_site/site_all_53_41_1.sdf
41,-2.672,-0.5344,29,,./report/pdb_by_site/site_all_29_41_1.sdf
41,-2.66,-0.532,30,,./report/pdb_by_site/site_all_30_41_3.sdf
41,-2.6500000000000004,-0.53,96,,./report/pdb_by_site/site_all_96_41_1.sdf
41,-2.63,-0.526,36,,./report/pdb_by_site/site_all_36_41_1.sdf
41,-2.62,-0.524,80,,./report/pdb_by_site/site_all_80_41_1.sdf
41,-2.6100000000000003,-0.522,85,,./report/pdb_by_site/site_all_85_41_1.sdf
41,-2.521,-0.5042,56,,./report/pdb_by_site/site_all_56_41_2.sdf
41,-2.516,-0.5032,77,,./report/pdb_by_site/site_all_77_41_1.sdf
41,-2.5,-0.5,58,,./report/pdb_by_site/site_all_58_41_1.sdf
41,-2.476,-0.4952,51,,./report/pdb_by_site/site_all_51_41_1.sdf
41,-2.4699999999999998,-0.49399999999999994,61,,./report/pdb_by_site/site_all_61_41_3.sdf
41,-2.4610000000000003,-0.4922000000000001,9,,./report/pdb_by_site/site_all_9_41_2.sdf
41,-2.449,-0.48979999999999996,102,,./report/pdb_by_site/site_all_102_41_1.sdf
41,-2.44,-0.488,70,,./report/pdb_by_site/site_all_70_41_1.sdf
41,-2.43,-0.48600000000000004,10,,./report/pdb_by_site/site_all_10_41_5.sdf
41,-2.43,-0.48600000000000004,22,,./report/pdb_by_site/site_all_22_41_2.sdf
41,-2.385,-0.477,26,,./report/pdb_by_site/site_all_26_41_2.sdf
41,-2.38,-0.476,41,,./report/pdb_by_site/site_all_41_41_3.sdf
41,-2.38,-0.476,41,,./report/pdb_by_site/site_all_41_41_4.sdf
41,-2.38,-0.476,77,,./report/pdb_by_site/site_all_77_41_2.sdf
41,-2.3499999999999996,-0.4699999999999999,58,,./report/pdb_by_site/site_all_58_41_2.sdf
41,-2.33,-0.466,80,,./report/pdb_by_site/site_all_80_41_2.sdf
41,-2.33,-0.466,41,,./report/pdb_by_site/site_all_41_41_5.sdf
41,-2.32,-0.46399999999999997,81,,./report/pdb_by_site/site_all_81_41_1.sdf
41,-2.306,-0.4612,14,,./report/pdb_by_site/site_all_14_41_1.sdf
41,-2.3,-0.45999999999999996,75,,./report/pdb_by_site/site_all_75_41_1.sdf
41,-2.2983,-0.45965999999999996,85,,./report/pdb_by_site/site_all_85_41_2.sdf
41,-2.2929999999999997,-0.45859999999999995,61,,./report/pdb_by_site/site_all_61_41_4.sdf
41,-2.2800000000000002,-0.45600000000000007,36,,./report/pdb_by_site/site_all_36_41_2.sdf
41,-2.269,-0.45380000000000004,50,,./report/pdb_by_site/site_all_50_41_1.sdf
41,-2.25,-0.45,111,,./report/pdb_by_site/site_all_111_41_1.sdf
41,-2.231,-0.4462,111,,./report/pdb_by_site/site_all_111_41_2.sdf
41,-2.216,-0.44320000000000004,108,,./report/pdb_by_site/site_all_108_41_1.sdf
41,-2.2,-0.44000000000000006,19,,./report/pdb_by_site/site_all_19_41_2.sdf
41,-2.2,-0.44000000000000006,104,,./report/pdb_by_site/site_all_104_41_1.sdf
41,-2.196,-0.43920000000000003,67,,./report/pdb_by_site/site_all_67_41_1.sdf
41,-2.19,-0.438,57,,./report/pdb_by_site/site_all_57_41_2.sdf
41,-2.154,-0.43079999999999996,58,,./report/pdb_by_site/site_all_58_41_3.sdf
41,-2.15,-0.43,79,,./report/pdb_by_site/site_all_79_41_1.sdf
41,-2.138,-0.4276,101,,./report/pdb_by_site/site_all_101_41_1.sdf
41,-2.11,-0.422,17,,./report/pdb_by_site/site_all_17_41_3.sdf
41,-2.09,-0.418,79,,./report/pdb_by_site/site_all_79_41_2.sdf
41,-2.09,-0.418,27,,./report/pdb_by_site/site_all_27_41_3.sdf
41,-2.08,-0.41600000000000004,65,,./report/pdb_by_site/site_all_65_41_1.sdf
41,-2.08,-0.41600000000000004,11,,./report/pdb_by_site/site_all_11_41_2.sdf
41,-2.0789999999999997,-0.41579999999999995,114,,./report/pdb_by_site/site_all_114_41_1.sdf
41,-2.06,-0.41200000000000003,77,,./report/pdb_by_site/site_all_77_41_3.sdf
41,-2.05,-0.41,53,,./report/pdb_by_site/site_all_53_41_2.sdf
41,-2.037,-0.4074,56,,./report/pdb_by_site/site_all_56_41_3.sdf
41,-2.033,-0.40659999999999996,44,,./report/pdb_by_site/site_all_44_41_2.sdf
41,-2.03,-0.40599999999999997,11,,./report/pdb_by_site/site_all_11_41_3.sdf
41,-2.02,-0.404,67,,./report/pdb_by_site/site_all_67_41_2.sdf
42_1,-5.7299999999999995,-0.8185714285714285,3,,./report/pdb_by_site/site_all_3_42_1_1.sdf
42_1,-5.08,-0.7257142857142858,9,,./report/pdb_by_site/site_all_9_42_1_1.sdf
42_1,-4.75,-0.6785714285714286,10,,./report/pdb_by_site/site_all_10_42_1_1.sdf
42_1,-4.56,-0.6514285714285714,2,,./report/pdb_by_site/site_all_2_42_1_1.sdf
42_1,-4.260000000000001,-0.6085714285714287,10,,./report/pdb_by_site/site_all_10_42_1_2.sdf
42_1,-4.140000000000001,-0.5914285714285715,2,,./report/pdb_by_site/site_all_2_42_1_2.sdf
42_1,-4.050000000000001,-0.5785714285714286,5,,./report/pdb_by_site/site_all_5_42_1_1.sdf
42_1,-3.9799999999999995,-0.5685714285714285,11,,./report/pdb_by_site/site_all_11_42_1_1.sdf
42_1,-3.91,-0.5585714285714286,17,,./report/pdb_by_site/site_all_17_42_1_1.sdf
42_1,-3.9099999999999997,-0.5585714285714285,19,,./report/pdb_by_site/site_all_19_42_1_1.sdf
42_1,-3.88,-0.5542857142857143,5,,./report/pdb_by_site/site_all_5_42_1_2.sdf
42_1,-3.87,-0.5528571428571428,27,,./report/pdb_by_site/site_all_27_42_1_1.sdf
42_1,-3.83,-0.5471428571428572,2,,./report/pdb_by_site/site_all_2_42_1_3.sdf
42_1,-3.8200000000000003,-0.5457142857142857,5,,./report/pdb_by_site/site_all_5_42_1_3.sdf
42_1,-3.7,-0.5285714285714286,12,,./report/pdb_by_site/site_all_12_42_1_1.sdf
42_1,-3.622,-0.5174285714285715,24,,./report/pdb_by_site/site_all_24_42_1_1.sdf
42_1,-3.62,-0.5171428571428571,30,,./report/pdb_by_site/site_all_30_42_1_1.sdf
42_1,-3.583,-0.5118571428571429,21,,./report/pdb_by_site/site_all_21_42_1_1.sdf
42_1,-3.5227,-0.5032428571428571,20,,./report/pdb_by_site/site_all_20_42_1_1.sdf
42_1,-3.47,-0.4957142857142857,26,,./report/pdb_by_site/site_all_26_42_1_1.sdf
42_1,-3.42,-0.48857142857142855,56,,./report/pdb_by_site/site_all_56_42_1_1.sdf
42_1,-3.42,-0.48857142857142855,22,,./report/pdb_by_site/site_all_22_42_1_1.sdf
42_1,-3.4199999999999995,-0.4885714285714285,3,,./report/pdb_by_site/site_all_3_42_1_2.sdf
42_1,-3.3,-0.4714285714285714,41,,./report/pdb_by_site/site_all_41_42_1_1.sdf
42_1,-3.24,-0.4628571428571429,25,,./report/pdb_by_site/site_all_25_42_1_1.sdf
42_1,-3.2380000000000004,-0.46257142857142863,12,,./report/pdb_by_site/site_all_12_42_1_2.sdf
42_1,-3.139,-0.4484285714285714,15,,./report/pdb_by_site/site_all_15_42_1_1.sdf
42_1,-3.1099999999999994,-0.44428571428571423,41,,./report/pdb_by_site/site_all_41_42_1_2.sdf
42_1,-3.039,-0.43414285714285716,44,,./report/pdb_by_site/site_all_44_42_1_1.sdf
42_1,-3.017,-0.431,18,,./report/pdb_by_site/site_all_18_42_1_1.sdf
42_1,-3.0,-0.42857142857142855,20,,./report/pdb_by_site/site_all_20_42_1_2.sdf
42_1,-2.958,-0.4225714285714286,14,,./report/pdb_by_site/site_all_14_42_1_1.sdf
42_1,-2.93,-0.4185714285714286,30,,./report/pdb_by_site/site_all_30_42_1_2.sdf
42_1,-2.87,-0.41000000000000003,10,,./report/pdb_by_site/site_all_10_42_1_3.sdf
42_1,-2.8179999999999996,-0.4025714285714285,3,,./report/pdb_by_site/site_all_3_42_1_3.sdf
42_1,-2.8,-0.39999999999999997,27,,./report/pdb_by_site/site_all_27_42_1_2.sdf
42_1,-2.795,-0.3992857142857143,20,,./report/pdb_by_site/site_all_20_42_1_3.sdf
42_1,-2.785,-0.39785714285714285,34,,./report/pdb_by_site/site_all_34_42_1_1.sdf
42_1,-2.77,-0.39571428571428574,70,,./report/pdb_by_site/site_all_70_42_1_1.sdf
42_1,-2.7199999999999998,-0.3885714285714285,80,,./report/pdb_by_site/site_all_80_42_1_1.sdf
42_1,-2.6999999999999997,-0.3857142857142857,77,,./report/pdb_by_site/site_all_77_42_1_1.sdf
42_1,-2.681,-0.383,53,,./report/pdb_by_site/site_all_53_42_1_1.sdf
42_1,-2.65,-0.37857142857142856,24,,./report/pdb_by_site/site_all_24_42_1_2.sdf
42_1,-2.6300000000000003,-0.3757142857142858,58,,./report/pdb_by_site/site_all_58_42_1_1.sdf
42_1,-2.6000000000000005,-0.3714285714285715,38,,./report/pdb_by_site/site_all_38_42_1_1.sdf
42_1,-2.5999999999999996,-0.3714285714285714,24,,./report/pdb_by_site/site_all_24_42_1_3.sdf
42_1,-2.59,-0.37,79,,./report/pdb_by_site/site_all_79_42_1_1.sdf
42_1,-2.558,-0.3654285714285714,36,,./report/pdb_by_site/site_all_36_42_1_1.sdf
42_1,-2.4350000000000005,-0.3478571428571429,27,,./report/pdb_by_site/site_all_27_42_1_3.sdf
42_1,-2.415,-0.34500000000000003,74,,./report/pdb_by_site/site_all_74_42_1_1.sdf
42_1,-2.4139999999999997,-0.3448571428571428,85,,./report/pdb_by_site/site_all_85_42_1_1.sdf
42_1,-2.4,-0.34285714285714286,58,,./report/pdb_by_site/site_all_58_42_1_2.sdf
42_1,-2.3899999999999997,-0.34142857142857136,111,,./report/pdb_by_site/site_all_111_42_1_1.sdf
42_1,-2.38,-0.33999999999999997,36,,./report/pdb_by_site/site_all_36_42_1_2.sdf
42_1,-2.37,-0.3385714285714286,21,,./report/pdb_by_site/site_all_21_42_1_2.sdf
42_1,-2.36,-0.33714285714285713,9,,./report/pdb_by_site/site_all_9_42_1_2.sdf
42_1,-2.34,-0.33428571428571424,70,,./report/pdb_by_site/site_all_70_42_1_2.sdf
42_1,-2.34,-0.33428571428571424,10,,./report/pdb_by_site/site_all_10_42_1_4.sdf
42_1,-2.3320000000000003,-0.3331428571428572,85,,./report/pdb_by_site/site_all_85_42_1_2.sdf
42_1,-2.33,-0.33285714285714285,57,,./report/pdb_by_site/site_all_57_42_1_1.sdf
42_1,-2.318,-0.3311428571428571,75,,./report/pdb_by_site/site_all_75_42_1_1.sdf
42_1,-2.3099999999999996,-0.32999999999999996,36,,./report/pdb_by_site/site_all_36_42_1_3.sdf
42_1,-2.308,-0.3297142857142857,57,,./report/pdb_by_site/site_all_57_42_1_2.sdf
42_1,-2.2800000000000002,-0.32571428571428573,104,,./report/pdb_by_site/site_all_104_42_1_1.sdf
42_1,-2.28,-0.3257142857142857,25,,./report/pdb_by_site/site_all_25_42_1_2.sdf
42_1,-2.25,-0.32142857142857145,121,,./report/pdb_by_site/site_all_121_42_1_1.sdf
42_1,-2.237,-0.31957142857142856,36,,./report/pdb_by_site/site_all_36_42_1_4.sdf
42_1,-2.21,-0.3157142857142857,81,,./report/pdb_by_site/site_all_81_42_1_1.sdf
42_1,-2.2,-0.31428571428571433,75,,./report/pdb_by_site/site_all_75_42_1_2.sdf
42_1,-2.1670000000000003,-0.3095714285714286,108,,./report/pdb_by_site/site_all_108_42_1_1.sdf
42_1,-2.153,-0.30757142857142855,26,,./report/pdb_by_site/site_all_26_42_1_2.sdf
42_1,-2.14,-0.3057142857142857,109,,./report/pdb_by_site/site_all_109_42_1_1.sdf
42_1,-2.09,-0.29857142857142854,11,,./report/pdb_by_site/site_all_11_42_1_2.sdf
42_1,-2.05,-0.2928571428571428,93,,./report/pdb_by_site/site_all_93_42_1_1.sdf
42_1,-2.043,-0.29185714285714287,67,,./report/pdb_by_site/site_all_67_42_1_1.sdf
42_1,-2.0300000000000002,-0.29000000000000004,115,,./report/pdb_by_site/site_all_115_42_1_1.sdf
42_2,-5.210000000000001,-0.7442857142857144,5,,./report/pdb_by_site/site_all_5_42_2_1.sdf
42_2,-5.17,-0.7385714285714285,3,,./report/pdb_by_site/site_all_3_42_2_1.sdf
42_2,-4.93,-0.7042857142857143,5,,./report/pdb_by_site/site_all_5_42_2_2.sdf
42_2,-4.859999999999999,-0.6942857142857142,10,,./report/pdb_by_site/site_all_10_42_2_1.sdf
42_2,-4.55,-0.65,2,,./report/pdb_by_site/site_all_2_42_2_1.sdf
42_2,-4.51,-0.6442857142857142,2,,./report/pdb_by_site/site_all_2_42_2_2.sdf
42_2,-4.502,-0.6431428571428571,38,,./report/pdb_by_site/site_all_38_42_2_1.sdf
42_2,-4.47,-0.6385714285714286,17,,./report/pdb_by_site/site_all_17_42_2_1.sdf
42_2,-4.31,-0.6157142857142857,10,,./report/pdb_by_site/site_all_10_42_2_2.sdf
42_2,-4.303,-0.6147142857142857,36,,./report/pdb_by_site/site_all_36_42_2_1.sdf
42_2,-4.3027,-0.6146714285714285,12,,./report/pdb_by_site/site_all_12_42_2_1.sdf
42_2,-4.28,-0.6114285714285714,22,,./report/pdb_by_site/site_all_22_42_2_1.sdf
42_2,-4.09,-0.5842857142857143,24,,./report/pdb_by_site/site_all_24_42_2_1.sdf
42_2,-4.005,-0.5721428571428572,21,,./report/pdb_by_site/site_all_21_42_2_1.sdf
42_2,-4.0,-0.5714285714285714,14,,./report/pdb_by_site/site_all_14_42_2_1.sdf
42_2,-3.9699999999999998,-0.5671428571428571,14,,./report/pdb_by_site/site_all_14_42_2_2.sdf
42_2,-3.9,-0.5571428571428572,9,,./report/pdb_by_site/site_all_9_42_2_1.sdf
42_2,-3.88,-0.5542857142857143,10,,./report/pdb_by_site/site_all_10_42_2_3.sdf
42_2,-3.8729999999999998,-0.5532857142857143,13,,./report/pdb_by_site/site_all_13_42_2_1.sdf
42_2,-3.84,-0.5485714285714286,36,,./report/pdb_by_site/site_all_36_42_2_2.sdf
42_2,-3.7600000000000007,-0.5371428571428573,18,,./report/pdb_by_site/site_all_18_42_2_1.sdf
42_2,-3.7570000000000006,-0.5367142857142858,2,,./report/pdb_by_site/site_all_2_42_2_3.sdf
42_2,-3.74,-0.5342857142857144,25,,./report/pdb_by_site/site_all_25_42_2_1.sdf
42_2,-3.606,-0.5151428571428571,15,,./report/pdb_by_site/site_all_15_42_2_1.sdf
42_2,-3.5730000000000004,-0.5104285714285715,11,,./report/pdb_by_site/site_all_11_42_2_1.sdf
42_2,-3.5666999999999995,-0.5095285714285713,26,,./report/pdb_by_site/site_all_26_42_2_1.sdf
42_2,-3.566,-0.5094285714285715,19,,./report/pdb_by_site/site_all_19_42_2_1.sdf
42_2,-3.437,-0.491,31,,./report/pdb_by_site/site_all_31_42_2_1.sdf
42_2,-3.4099999999999997,-0.4871428571428571,26,,./report/pdb_by_site/site_all_26_42_2_2.sdf
42_2,-3.38,-0.4828571428571428,44,,./report/pdb_by_site/site_all_44_42_2_1.sdf
42_2,-3.3569999999999998,-0.47957142857142854,18,,./report/pdb_by_site/site_all_18_42_2_2.sdf
42_2,-3.3360000000000003,-0.4765714285714286,38,,./report/pdb_by_site/site_all_38_42_2_2.sdf
42_2,-3.298,-0.47114285714285714,88,,./report/pdb_by_site/site_all_88_42_2_1.sdf
42_2,-3.282,-0.46885714285714286,11,,./report/pdb_by_site/site_all_11_42_2_2.sdf
42_2,-3.23,-0.4614285714285714,27,,./report/pdb_by_site/site_all_27_42_2_1.sdf
42_2,-3.229,-0.4612857142857143,9,,./report/pdb_by_site/site_all_9_42_2_2.sdf
42_2,-3.0250000000000004,-0.4321428571428572,48,,./report/pdb_by_site/site_all_48_42_2_1.sdf
42_2,-3.01,-0.43,27,,./report/pdb_by_site/site_all_27_42_2_2.sdf
42_2,-3.0060000000000002,-0.42942857142857144,36,,./report/pdb_by_site/site_all_36_42_2_3.sdf
42_2,-2.9699999999999998,-0.42428571428571427,30,,./report/pdb_by_site/site_all_30_42_2_1.sdf
42_2,-2.94,-0.42,40,,./report/pdb_by_site/site_all_40_42_2_1.sdf
42_2,-2.912,-0.416,65,,./report/pdb_by_site/site_all_65_42_2_1.sdf
42_2,-2.8800000000000003,-0.4114285714285715,53,,./report/pdb_by_site/site_all_53_42_2_1.sdf
42_2,-2.8760000000000003,-0.4108571428571429,75,,./report/pdb_by_site/site_all_75_42_2_1.sdf
42_2,-2.815,-0.40214285714285714,35,,./report/pdb_by_site/site_all_35_42_2_1.sdf
42_2,-2.69,-0.3842857142857143,41,,./report/pdb_by_site/site_all_41_42_2_1.sdf
42_2,-2.66,-0.38,27,,./report/pdb_by_site/site_all_27_42_2_3.sdf
42_2,-2.5860000000000003,-0.3694285714285715,67,,./report/pdb_by_site/site_all_67_42_2_1.sdf
42_2,-2.5300000000000002,-0.3614285714285715,58,,./report/pdb_by_site/site_all_58_42_2_1.sdf
42_2,-2.52,-0.36,85,,./report/pdb_by_site/site_all_85_42_2_1.sdf
42_2,-2.484,-0.35485714285714287,109,,./report/pdb_by_site/site_all_109_42_2_1.sdf
42_2,-2.4133,-0.3447571428571429,78,,./report/pdb_by_site/site_all_78_42_2_1.sdf
42_2,-2.4,-0.34285714285714286,30,,./report/pdb_by_site/site_all_30_42_2_2.sdf
42_2,-2.36,-0.33714285714285713,56,,./report/pdb_by_site/site_all_56_42_2_1.sdf
42_2,-2.35,-0.33571428571428574,53,,./report/pdb_by_site/site_all_53_42_2_2.sdf
42_2,-2.3487,-0.33552857142857145,9,,./report/pdb_by_site/site_all_9_42_2_3.sdf
42_2,-2.339,-0.33414285714285713,24,,./report/pdb_by_site/site_all_24_42_2_2.sdf
42_2,-2.326,-0.3322857142857143,92,,./report/pdb_by_site/site_all_92_42_2_1.sdf
42_2,-2.3200000000000003,-0.33142857142857146,25,,./report/pdb_by_site/site_all_25_42_2_2.sdf
42_2,-2.307,-0.32957142857142857,74,,./report/pdb_by_site/site_all_74_42_2_1.sdf
42_2,-2.3,-0.32857142857142857,96,,./report/pdb_by_site/site_all_96_42_2_1.sdf
42_2,-2.292,-0.3274285714285714,69,,./report/pdb_by_site/site_all_69_42_2_1.sdf
42_2,-2.2880000000000003,-0.3268571428571429,56,,./report/pdb_by_site/site_all_56_42_2_2.sdf
42_2,-2.285,-0.32642857142857146,106,,./report/pdb_by_site/site_all_106_42_2_1.sdf
42_2,-2.28,-0.3257142857142857,25,,./report/pdb_by_site/site_all_25_42_2_3.sdf
42_2,-2.28,-0.3257142857142857,80,,./report/pdb_by_site/site_all_80_42_2_1.sdf
42_2,-2.26,-0.32285714285714284,103,,./report/pdb_by_site/site_all_103_42_2_1.sdf
42_2,-2.251,-0.32157142857142856,61,,./report/pdb_by_site/site_all_61_42_2_1.sdf
42_2,-2.2430000000000003,-0.32042857142857145,35,,./report/pdb_by_site/site_all_35_42_2_2.sdf
42_2,-2.222,-0.31742857142857145,102,,./report/pdb_by_site/site_all_102_42_2_1.sdf
42_2,-2.193,-0.3132857142857143,65,,./report/pdb_by_site/site_all_65_42_2_2.sdf
42_2,-2.1700000000000004,-0.31000000000000005,67,,./report/pdb_by_site/site_all_67_42_2_2.sdf
42_2,-2.1620000000000004,-0.3088571428571429,80,,./report/pdb_by_site/site_all_80_42_2_2.sdf
42_2,-2.14,-0.3057142857142857,118,,./report/pdb_by_site/site_all_118_42_2_1.sdf
42_2,-2.1300000000000003,-0.3042857142857143,126,,./report/pdb_by_site/site_all_126_42_2_1.sdf
42_2,-2.0700000000000003,-0.29571428571428576,17,,./report/pdb_by_site/site_all_17_42_2_2.sdf
42_2,-2.06,-0.2942857142857143,58,,./report/pdb_by_site/site_all_58_42_2_2.sdf
42_2,-2.056,-0.2937142857142857,69,,./report/pdb_by_site/site_all_69_42_2_2.sdf
42_2,-2.053,-0.29328571428571426,24,,./report/pdb_by_site/site_all_24_42_2_3.sdf
42_2,-2.0100000000000002,-0.2871428571428572,109,,./report/pdb_by_site/site_all_109_42_2_2.sdf
42_2,-2.0050000000000003,-0.2864285714285715,124,,./report/pdb_by_site/site_all_124_42_2_1.sdf
43,-4.73,-0.6757142857142858,9,,./report/pdb_by_site/site_all_9_43_1.sdf
43,-4.57,-0.6528571428571429,3,,./report/pdb_by_site/site_all_3_43_1.sdf
43,-4.54,-0.6485714285714286,10,,./report/pdb_by_site/site_all_10_43_1.sdf
43,-4.462,-0.6374285714285713,4,,./report/pdb_by_site/site_all_4_43_1.sdf
43,-4.1899999999999995,-0.5985714285714285,2,,./report/pdb_by_site/site_all_2_43_1.sdf
43,-4.07,-0.5814285714285715,30,,./report/pdb_by_site/site_all_30_43_1.sdf
43,-3.7900000000000005,-0.5414285714285715,2,,./report/pdb_by_site/site_all_2_43_2.sdf
43,-3.666,-0.5237142857142857,22,,./report/pdb_by_site/site_all_22_43_1.sdf
43,-3.6500000000000004,-0.5214285714285715,26,,./report/pdb_by_site/site_all_26_43_1.sdf
43,-3.64,-0.52,24,,./report/pdb_by_site/site_all_24_43_1.sdf
43,-3.6300000000000003,-0.5185714285714286,11,,./report/pdb_by_site/site_all_11_43_1.sdf
43,-3.57,-0.51,10,,./report/pdb_by_site/site_all_10_43_2.sdf
43,-3.54,-0.5057142857142857,19,,./report/pdb_by_site/site_all_19_43_1.sdf
43,-3.5199999999999996,-0.5028571428571428,19,,./report/pdb_by_site/site_all_19_43_2.sdf
43,-3.5100000000000002,-0.5014285714285714,17,,./report/pdb_by_site/site_all_17_43_1.sdf
43,-3.49,-0.4985714285714286,25,,./report/pdb_by_site/site_all_25_43_1.sdf
43,-3.44,-0.49142857142857144,10,,./report/pdb_by_site/site_all_10_43_3.sdf
43,-3.439,-0.49128571428571427,50,,./report/pdb_by_site/site_all_50_43_1.sdf
43,-3.34,-0.47714285714285715,41,,./report/pdb_by_site/site_all_41_43_1.sdf
43,-3.2700000000000005,-0.4671428571428572,24,,./report/pdb_by_site/site_all_24_43_2.sdf
43,-3.26,-0.4657142857142857,2,,./report/pdb_by_site/site_all_2_43_3.sdf
43,-3.25,-0.4642857142857143,20,,./report/pdb_by_site/site_all_20_43_1.sdf
43,-3.2199999999999998,-0.45999999999999996,12,,./report/pdb_by_site/site_all_12_43_1.sdf
43,-3.1300000000000003,-0.4471428571428572,5,,./report/pdb_by_site/site_all_5_43_1.sdf
43,-3.1199999999999997,-0.4457142857142857,18,,./report/pdb_by_site/site_all_18_43_1.sdf
43,-3.0599999999999996,-0.4371428571428571,36,,./report/pdb_by_site/site_all_36_43_1.sdf
43,-3.023,-0.4318571428571429,27,,./report/pdb_by_site/site_all_27_43_1.sdf
43,-3.01,-0.43,3,,./report/pdb_by_site/site_all_3_43_2.sdf
43,-2.938,-0.41971428571428576,15,,./report/pdb_by_site/site_all_15_43_1.sdf
43,-2.93,-0.4185714285714286,57,,./report/pdb_by_site/site_all_57_43_1.sdf
43,-2.9000000000000004,-0.4142857142857143,67,,./report/pdb_by_site/site_all_67_43_1.sdf
43,-2.9,-0.41428571428571426,41,,./report/pdb_by_site/site_all_41_43_2.sdf
43,-2.8600000000000003,-0.40857142857142864,10,,./report/pdb_by_site/site_all_10_43_4.sdf
43,-2.85,-0.40714285714285714,22,,./report/pdb_by_site/site_all_22_43_2.sdf
43,-2.72,-0.3885714285714286,5,,./report/pdb_by_site/site_all_5_43_2.sdf
43,-2.697,-0.3852857142857143,25,,./report/pdb_by_site/site_all_25_43_2.sdf
43,-2.69,-0.3842857142857143,41,,./report/pdb_by_site/site_all_41_43_3.sdf
43,-2.6800000000000006,-0.38285714285714295,58,,./report/pdb_by_site/site_all_58_43_1.sdf
43,-2.67,-0.3814285714285714,5,,./report/pdb_by_site/site_all_5_43_3.sdf
43,-2.62,-0.3742857142857143,45,,./report/pdb_by_site/site_all_45_43_1.sdf
43,-2.62,-0.3742857142857143,80,,./report/pdb_by_site/site_all_80_43_1.sdf
43,-2.589,-0.36985714285714283,67,,./report/pdb_by_site/site_all_67_43_2.sdf
43,-2.5359999999999996,-0.3622857142857142,61,,./report/pdb_by_site/site_all_61_43_1.sdf
43,-2.535,-0.36214285714285716,9,,./report/pdb_by_site/site_all_9_43_2.sdf
43,-2.511,-0.3587142857142857,3,,./report/pdb_by_site/site_all_3_43_3.sdf
43,-2.51,-0.35857142857142854,93,,./report/pdb_by_site/site_all_93_43_1.sdf
43,-2.506,-0.358,34,,./report/pdb_by_site/site_all_34_43_1.sdf
43,-2.5000000000000004,-0.3571428571428572,113,,./report/pdb_by_site/site_all_113_43_1.sdf
43,-2.45,-0.35000000000000003,58,,./report/pdb_by_site/site_all_58_43_2.sdf
43,-2.44,-0.3485714285714286,75,,./report/pdb_by_site/site_all_75_43_1.sdf
43,-2.4397,-0.34852857142857147,20,,./report/pdb_by_site/site_all_20_43_2.sdf
43,-2.38,-0.33999999999999997,56,,./report/pdb_by_site/site_all_56_43_1.sdf
43,-2.37,-0.3385714285714286,26,,./report/pdb_by_site/site_all_26_43_2.sdf
43,-2.36,-0.33714285714285713,21,,./report/pdb_by_site/site_all_21_43_1.sdf
43,-2.31,-0.33,87,,./report/pdb_by_site/site_all_87_43_1.sdf
43,-2.302,-0.32885714285714285,17,,./report/pdb_by_site/site_all_17_43_2.sdf
43,-2.2600000000000002,-0.3228571428571429,80,,./report/pdb_by_site/site_all_80_43_2.sdf
43,-2.25,-0.32142857142857145,30,,./report/pdb_by_site/site_all_30_43_2.sdf
43,-2.237,-0.31957142857142856,20,,./report/pdb_by_site/site_all_20_43_3.sdf
43,-2.21,-0.3157142857142857,30,,./report/pdb_by_site/site_all_30_43_3.sdf
43,-2.19,-0.31285714285714283,57,,./report/pdb_by_site/site_all_57_43_2.sdf
43,-2.1799999999999997,-0.3114285714285714,26,,./report/pdb_by_site/site_all_26_43_3.sdf
43,-2.16,-0.3085714285714286,79,,./report/pdb_by_site/site_all_79_43_1.sdf
43,-2.101,-0.30014285714285716,38,,./report/pdb_by_site/site_all_38_43_1.sdf
43,-2.1,-0.3,24,,./report/pdb_by_site/site_all_24_43_3.sdf
43,-2.09,-0.29857142857142854,57,,./report/pdb_by_site/site_all_57_43_3.sdf
43,-2.08,-0.29714285714285715,91,,./report/pdb_by_site/site_all_91_43_1.sdf
43,-2.0799999999999996,-0.2971428571428571,44,,./report/pdb_by_site/site_all_44_43_1.sdf
43,-2.0300000000000002,-0.29000000000000004,108,,./report/pdb_by_site/site_all_108_43_1.sdf
43,-2.003,-0.28614285714285714,98,,./report/pdb_by_site/site_all_98_43_1.sdf
44,-4.859999999999999,-0.8099999999999999,2,,./report/pdb_by_site/site_all_2_44_1.sdf
44,-4.54,-0.7566666666666667,3,,./report/pdb_by_site/site_all_3_44_1.sdf
44,-4.41,-0.735,4,,./report/pdb_by_site/site_all_4_44_1.sdf
44,-4.29,-0.715,9,,./report/pdb_by_site/site_all_9_44_1.sdf
44,-3.9400000000000004,-0.6566666666666667,2,,./report/pdb_by_site/site_all_2_44_2.sdf
44,-3.7600000000000002,-0.6266666666666667,11,,./report/pdb_by_site/site_all_11_44_1.sdf
44,-3.7600000000000002,-0.6266666666666667,5,,./report/pdb_by_site/site_all_5_44_1.sdf
44,-3.7600000000000002,-0.6266666666666667,10,,./report/pdb_by_site/site_all_10_44_1.sdf
44,-3.64,-0.6066666666666667,10,,./report/pdb_by_site/site_all_10_44_2.sdf
44,-3.5599999999999996,-0.5933333333333333,24,,./report/pdb_by_site/site_all_24_44_1.sdf
44,-3.414,-0.5690000000000001,10,,./report/pdb_by_site/site_all_10_44_3.sdf
44,-3.3400000000000003,-0.5566666666666668,25,,./report/pdb_by_site/site_all_25_44_1.sdf
44,-3.3400000000000003,-0.5566666666666668,12,,./report/pdb_by_site/site_all_12_44_1.sdf
44,-3.34,-0.5566666666666666,50,,./report/pdb_by_site/site_all_50_44_1.sdf
44,-3.29,-0.5483333333333333,21,,./report/pdb_by_site/site_all_21_44_1.sdf
44,-3.24,-0.54,5,,./report/pdb_by_site/site_all_5_44_2.sdf
44,-3.24,-0.54,18,,./report/pdb_by_site/site_all_18_44_1.sdf
44,-3.2300000000000004,-0.5383333333333334,22,,./report/pdb_by_site/site_all_22_44_1.sdf
44,-3.22,-0.5366666666666667,15,,./report/pdb_by_site/site_all_15_44_1.sdf
44,-3.21,-0.535,35,,./report/pdb_by_site/site_all_35_44_1.sdf
44,-3.1500000000000004,-0.525,10,,./report/pdb_by_site/site_all_10_44_4.sdf
44,-3.0999999999999996,-0.5166666666666666,17,,./report/pdb_by_site/site_all_17_44_1.sdf
44,-3.0799999999999996,-0.5133333333333333,26,,./report/pdb_by_site/site_all_26_44_1.sdf
44,-3.01,-0.5016666666666666,14,,./report/pdb_by_site/site_all_14_44_1.sdf
44,-2.96,-0.49333333333333335,19,,./report/pdb_by_site/site_all_19_44_1.sdf
44,-2.91,-0.48500000000000004,44,,./report/pdb_by_site/site_all_44_44_1.sdf
44,-2.9000000000000004,-0.4833333333333334,56,,./report/pdb_by_site/site_all_56_44_1.sdf
44,-2.9,-0.48333333333333334,2,,./report/pdb_by_site/site_all_2_44_3.sdf
44,-2.8899999999999997,-0.48166666666666663,3,,./report/pdb_by_site/site_all_3_44_2.sdf
44,-2.88,-0.48,41,,./report/pdb_by_site/site_all_41_44_1.sdf
44,-2.87,-0.47833333333333333,20,,./report/pdb_by_site/site_all_20_44_1.sdf
44,-2.8500000000000005,-0.4750000000000001,15,,./report/pdb_by_site/site_all_15_44_2.sdf
44,-2.8200000000000003,-0.47000000000000003,30,,./report/pdb_by_site/site_all_30_44_1.sdf
44,-2.78,-0.4633333333333333,36,,./report/pdb_by_site/site_all_36_44_1.sdf
44,-2.74,-0.4566666666666667,41,,./report/pdb_by_site/site_all_41_44_2.sdf
44,-2.7300000000000004,-0.45500000000000007,30,,./report/pdb_by_site/site_all_30_44_2.sdf
44,-2.71,-0.45166666666666666,41,,./report/pdb_by_site/site_all_41_44_3.sdf
44,-2.71,-0.45166666666666666,53,,./report/pdb_by_site/site_all_53_44_1.sdf
44,-2.6999999999999997,-0.44999999999999996,27,,./report/pdb_by_site/site_all_27_44_1.sdf
44,-2.64,-0.44,17,,./report/pdb_by_site/site_all_17_44_2.sdf
44,-2.636,-0.43933333333333335,3,,./report/pdb_by_site/site_all_3_44_3.sdf
44,-2.6,-0.43333333333333335,104,,./report/pdb_by_site/site_all_104_44_1.sdf
44,-2.5999999999999996,-0.4333333333333333,34,,./report/pdb_by_site/site_all_34_44_1.sdf
44,-2.588,-0.43133333333333335,38,,./report/pdb_by_site/site_all_38_44_1.sdf
44,-2.4699999999999998,-0.4116666666666666,30,,./report/pdb_by_site/site_all_30_44_3.sdf
44,-2.46,-0.41,10,,./report/pdb_by_site/site_all_10_44_5.sdf
44,-2.3899999999999997,-0.39833333333333326,80,,./report/pdb_by_site/site_all_80_44_1.sdf
44,-2.35,-0.39166666666666666,25,,./report/pdb_by_site/site_all_25_44_2.sdf
44,-2.35,-0.39166666666666666,21,,./report/pdb_by_site/site_all_21_44_2.sdf
44,-2.3499999999999996,-0.3916666666666666,27,,./report/pdb_by_site/site_all_27_44_2.sdf
44,-2.3,-0.3833333333333333,9,,./report/pdb_by_site/site_all_9_44_2.sdf
44,-2.288,-0.3813333333333333,20,,./report/pdb_by_site/site_all_20_44_2.sdf
44,-2.27,-0.37833333333333335,17,,./report/pdb_by_site/site_all_17_44_3.sdf
44,-2.25,-0.375,79,,./report/pdb_by_site/site_all_79_44_1.sdf
44,-2.22,-0.37000000000000005,58,,./report/pdb_by_site/site_all_58_44_1.sdf
44,-2.2199999999999998,-0.36999999999999994,58,,./report/pdb_by_site/site_all_58_44_2.sdf
44,-2.21,-0.36833333333333335,50,,./report/pdb_by_site/site_all_50_44_2.sdf
44,-2.21,-0.36833333333333335,85,,./report/pdb_by_site/site_all_85_44_1.sdf
44,-2.2,-0.3666666666666667,20,,./report/pdb_by_site/site_all_20_44_3.sdf
44,-2.18,-0.36333333333333334,36,,./report/pdb_by_site/site_all_36_44_2.sdf
44,-2.16,-0.36000000000000004,24,,./report/pdb_by_site/site_all_24_44_2.sdf
44,-2.13,-0.355,14,,./report/pdb_by_site/site_all_14_44_2.sdf
44,-2.12,-0.35333333333333333,81,,./report/pdb_by_site/site_all_81_44_1.sdf
44,-2.12,-0.35333333333333333,111,,./report/pdb_by_site/site_all_111_44_1.sdf
44,-2.1,-0.35000000000000003,121,,./report/pdb_by_site/site_all_121_44_1.sdf
44,-2.0599999999999996,-0.34333333333333327,109,,./report/pdb_by_site/site_all_109_44_1.sdf
44,-2.03,-0.3383333333333333,70,,./report/pdb_by_site/site_all_70_44_1.sdf
45,-3.21,-0.4585714285714286,9,,./report/pdb_by_site/site_all_9_45_1.sdf
45,-3.1300000000000003,-0.4471428571428572,3,,./report/pdb_by_site/site_all_3_45_1.sdf
45,-2.9400000000000004,-0.42000000000000004,3,,./report/pdb_by_site/site_all_3_45_2.sdf
45,-2.767,-0.3952857142857143,4,,./report/pdb_by_site/site_all_4_45_1.sdf
45,-2.75,-0.39285714285714285,2,,./report/pdb_by_site/site_all_2_45_1.sdf
45,-2.64,-0.37714285714285717,17,,./report/pdb_by_site/site_all_17_45_1.sdf
45,-2.63,-0.3757142857142857,10,,./report/pdb_by_site/site_all_10_45_1.sdf
45,-2.424,-0.34628571428571425,10,,./report/pdb_by_site/site_all_10_45_2.sdf
45,-2.41,-0.3442857142857143,2,,./report/pdb_by_site/site_all_2_45_2.sdf
45,-2.299,-0.3284285714285714,27,,./report/pdb_by_site/site_all_27_45_1.sdf
45,-2.2929999999999997,-0.3275714285714285,20,,./report/pdb_by_site/site_all_20_45_1.sdf
45,-2.2920000000000003,-0.32742857142857146,11,,./report/pdb_by_site/site_all_11_45_1.sdf
45,-2.27,-0.3242857142857143,25,,./report/pdb_by_site/site_all_25_45_1.sdf
45,-2.25,-0.32142857142857145,19,,./report/pdb_by_site/site_all_19_45_1.sdf
45,-2.24,-0.32,30,,./report/pdb_by_site/site_all_30_45_1.sdf
45,-2.2399999999999998,-0.31999999999999995,24,,./report/pdb_by_site/site_all_24_45_1.sdf
45,-2.19,-0.31285714285714283,70,,./report/pdb_by_site/site_all_70_45_1.sdf
45,-2.1899999999999995,-0.3128571428571428,24,,./report/pdb_by_site/site_all_24_45_2.sdf
45,-2.18,-0.31142857142857144,12,,./report/pdb_by_site/site_all_12_45_1.sdf
45,-2.14,-0.3057142857142857,5,,./report/pdb_by_site/site_all_5_45_1.sdf
45,-2.13,-0.30428571428571427,18,,./report/pdb_by_site/site_all_18_45_1.sdf
45,-2.11,-0.30142857142857143,56,,./report/pdb_by_site/site_all_56_45_1.sdf
45,-2.11,-0.30142857142857143,41,,./report/pdb_by_site/site_all_41_45_1.sdf
45,-2.0999999999999996,-0.29999999999999993,22,,./report/pdb_by_site/site_all_22_45_1.sdf
45,-2.05,-0.2928571428571428,57,,./report/pdb_by_site/site_all_57_45_1.sdf
45,-2.0100000000000002,-0.2871428571428572,21,,./report/pdb_by_site/site_all_21_45_1.sdf
45,-2.01,-0.2871428571428571,41,,./report/pdb_by_site/site_all_41_45_2.sdf
46_1,-3.67,-0.734,17,,./report/pdb_by_site/site_all_17_46_1_1.sdf
46_1,-3.65,-0.73,3,,./report/pdb_by_site/site_all_3_46_1_1.sdf
46_1,-3.33,-0.666,11,,./report/pdb_by_site/site_all_11_46_1_1.sdf
46_1,-3.2899999999999996,-0.6579999999999999,9,,./report/pdb_by_site/site_all_9_46_1_1.sdf
46_1,-3.26,-0.6519999999999999,2,,./report/pdb_by_site/site_all_2_46_1_1.sdf
46_1,-3.25,-0.65,2,,./report/pdb_by_site/site_all_2_46_1_2.sdf
46_1,-3.1799999999999997,-0.6359999999999999,22,,./report/pdb_by_site/site_all_22_46_1_1.sdf
46_1,-3.1199999999999997,-0.6239999999999999,2,,./report/pdb_by_site/site_all_2_46_1_3.sdf
46_1,-3.11,-0.622,18,,./report/pdb_by_site/site_all_18_46_1_1.sdf
46_1,-3.08,-0.616,12,,./report/pdb_by_site/site_all_12_46_1_1.sdf
46_1,-3.05,-0.61,5,,./report/pdb_by_site/site_all_5_46_1_1.sdf
46_1,-3.03,-0.606,30,,./report/pdb_by_site/site_all_30_46_1_1.sdf
46_1,-2.98,-0.596,41,,./report/pdb_by_site/site_all_41_46_1_1.sdf
46_1,-2.9299999999999997,-0.586,2,,./report/pdb_by_site/site_all_2_46_1_4.sdf
46_1,-2.85,-0.5700000000000001,41,,./report/pdb_by_site/site_all_41_46_1_2.sdf
46_1,-2.84,-0.568,21,,./report/pdb_by_site/site_all_21_46_1_1.sdf
46_1,-2.8099999999999996,-0.5619999999999999,5,,./report/pdb_by_site/site_all_5_46_1_2.sdf
46_1,-2.8099999999999996,-0.5619999999999999,25,,./report/pdb_by_site/site_all_25_46_1_1.sdf
46_1,-2.8,-0.5599999999999999,30,,./report/pdb_by_site/site_all_30_46_1_2.sdf
46_1,-2.75,-0.55,10,,./report/pdb_by_site/site_all_10_46_1_1.sdf
46_1,-2.74,-0.548,3,,./report/pdb_by_site/site_all_3_46_1_2.sdf
46_1,-2.6900000000000004,-0.538,57,,./report/pdb_by_site/site_all_57_46_1_1.sdf
46_1,-2.6300000000000003,-0.526,5,,./report/pdb_by_site/site_all_5_46_1_3.sdf
46_1,-2.5700000000000003,-0.514,24,,./report/pdb_by_site/site_all_24_46_1_1.sdf
46_1,-2.53,-0.506,10,,./report/pdb_by_site/site_all_10_46_1_2.sdf
46_1,-2.5199999999999996,-0.5039999999999999,21,,./report/pdb_by_site/site_all_21_46_1_2.sdf
46_1,-2.47,-0.49400000000000005,58,,./report/pdb_by_site/site_all_58_46_1_1.sdf
46_1,-2.3299999999999996,-0.4659999999999999,19,,./report/pdb_by_site/site_all_19_46_1_1.sdf
46_1,-2.32,-0.46399999999999997,78,,./report/pdb_by_site/site_all_78_46_1_1.sdf
46_1,-2.3000000000000003,-0.4600000000000001,4,,./report/pdb_by_site/site_all_4_46_1_1.sdf
46_1,-2.29,-0.458,44,,./report/pdb_by_site/site_all_44_46_1_1.sdf
46_1,-2.2600000000000002,-0.45200000000000007,56,,./report/pdb_by_site/site_all_56_46_1_1.sdf
46_1,-2.2600000000000002,-0.45200000000000007,36,,./report/pdb_by_site/site_all_36_46_1_1.sdf
46_1,-2.26,-0.45199999999999996,26,,./report/pdb_by_site/site_all_26_46_1_1.sdf
46_1,-2.2499999999999996,-0.4499999999999999,80,,./report/pdb_by_site/site_all_80_46_1_1.sdf
46_1,-2.21,-0.442,30,,./report/pdb_by_site/site_all_30_46_1_3.sdf
46_1,-2.19,-0.438,56,,./report/pdb_by_site/site_all_56_46_1_2.sdf
46_1,-2.18,-0.43600000000000005,77,,./report/pdb_by_site/site_all_77_46_1_1.sdf
46_1,-2.16,-0.43200000000000005,10,,./report/pdb_by_site/site_all_10_46_1_3.sdf
46_1,-2.137,-0.4274,4,,./report/pdb_by_site/site_all_4_46_1_2.sdf
46_1,-2.12,-0.42400000000000004,77,,./report/pdb_by_site/site_all_77_46_1_2.sdf
46_1,-2.12,-0.42400000000000004,67,,./report/pdb_by_site/site_all_67_46_1_1.sdf
46_1,-2.12,-0.42400000000000004,17,,./report/pdb_by_site/site_all_17_46_1_2.sdf
46_1,-2.1199999999999997,-0.42399999999999993,36,,./report/pdb_by_site/site_all_36_46_1_2.sdf
46_1,-2.1,-0.42000000000000004,30,,./report/pdb_by_site/site_all_30_46_1_4.sdf
46_1,-2.1,-0.42000000000000004,5,,./report/pdb_by_site/site_all_5_46_1_4.sdf
46_1,-2.1,-0.42000000000000004,15,,./report/pdb_by_site/site_all_15_46_1_1.sdf
46_1,-2.1,-0.42000000000000004,75,,./report/pdb_by_site/site_all_75_46_1_1.sdf
46_1,-2.05,-0.41,80,,./report/pdb_by_site/site_all_80_46_1_2.sdf
46_1,-2.04,-0.40800000000000003,58,,./report/pdb_by_site/site_all_58_46_1_2.sdf
46_1,-2.0300000000000002,-0.406,111,,./report/pdb_by_site/site_all_111_46_1_1.sdf
46_1,-2.02,-0.404,85,,./report/pdb_by_site/site_all_85_46_1_1.sdf
46_1,-2.02,-0.404,27,,./report/pdb_by_site/site_all_27_46_1_1.sdf
46_2,-4.07,-0.8140000000000001,36,,./report/pdb_by_site/site_all_36_46_2_1.sdf
46_2,-3.89,-0.778,5,,./report/pdb_by_site/site_all_5_46_2_1.sdf
46_2,-3.8,-0.76,5,,./report/pdb_by_site/site_all_5_46_2_2.sdf
46_2,-3.6100000000000003,-0.7220000000000001,14,,./report/pdb_by_site/site_all_14_46_2_1.sdf
46_2,-3.48,-0.696,17,,./report/pdb_by_site/site_all_17_46_2_1.sdf
46_2,-3.39,-0.678,12,,./report/pdb_by_site/site_all_12_46_2_1.sdf
46_2,-3.2899999999999996,-0.6579999999999999,22,,./report/pdb_by_site/site_all_22_46_2_1.sdf
46_2,-3.17,-0.634,2,,./report/pdb_by_site/site_all_2_46_2_1.sdf
46_2,-3.0829999999999997,-0.6165999999999999,13,,./report/pdb_by_site/site_all_13_46_2_1.sdf
46_2,-3.0709999999999997,-0.6142,4,,./report/pdb_by_site/site_all_4_46_2_1.sdf
46_2,-3.068,-0.6136,31,,./report/pdb_by_site/site_all_31_46_2_1.sdf
46_2,-2.96,-0.592,29,,./report/pdb_by_site/site_all_29_46_2_1.sdf
46_2,-2.937,-0.5873999999999999,36,,./report/pdb_by_site/site_all_36_46_2_2.sdf
46_2,-2.84,-0.568,58,,./report/pdb_by_site/site_all_58_46_2_1.sdf
46_2,-2.764,-0.5528,39,,./report/pdb_by_site/site_all_39_46_2_1.sdf
46_2,-2.748,-0.5496000000000001,38,,./report/pdb_by_site/site_all_38_46_2_1.sdf
46_2,-2.74,-0.548,25,,./report/pdb_by_site/site_all_25_46_2_1.sdf
46_2,-2.7300000000000004,-0.546,18,,./report/pdb_by_site/site_all_18_46_2_1.sdf
46_2,-2.71,-0.542,75,,./report/pdb_by_site/site_all_75_46_2_1.sdf
46_2,-2.701,-0.5402,36,,./report/pdb_by_site/site_all_36_46_2_3.sdf
46_2,-2.6919999999999997,-0.5384,36,,./report/pdb_by_site/site_all_36_46_2_4.sdf
46_2,-2.69,-0.538,11,,./report/pdb_by_site/site_all_11_46_2_1.sdf
46_2,-2.68,-0.536,3,,./report/pdb_by_site/site_all_3_46_2_1.sdf
46_2,-2.67,-0.534,10,,./report/pdb_by_site/site_all_10_46_2_1.sdf
46_2,-2.65,-0.53,9,,./report/pdb_by_site/site_all_9_46_2_1.sdf
46_2,-2.6399999999999997,-0.5279999999999999,3,,./report/pdb_by_site/site_all_3_46_2_2.sdf
46_2,-2.6100000000000003,-0.522,21,,./report/pdb_by_site/site_all_21_46_2_1.sdf
46_2,-2.54,-0.508,69,,./report/pdb_by_site/site_all_69_46_2_1.sdf
46_2,-2.5300000000000002,-0.506,49,,./report/pdb_by_site/site_all_49_46_2_1.sdf
46_2,-2.5100000000000002,-0.502,5,,./report/pdb_by_site/site_all_5_46_2_3.sdf
46_2,-2.51,-0.502,21,,./report/pdb_by_site/site_all_21_46_2_2.sdf
46_2,-2.5,-0.5,18,,./report/pdb_by_site/site_all_18_46_2_2.sdf
46_2,-2.48,-0.496,26,,./report/pdb_by_site/site_all_26_46_2_1.sdf
46_2,-2.48,-0.496,40,,./report/pdb_by_site/site_all_40_46_2_1.sdf
46_2,-2.4799999999999995,-0.4959999999999999,44,,./report/pdb_by_site/site_all_44_46_2_1.sdf
46_2,-2.4720000000000004,-0.49440000000000006,4,,./report/pdb_by_site/site_all_4_46_2_2.sdf
46_2,-2.4600000000000004,-0.4920000000000001,25,,./report/pdb_by_site/site_all_25_46_2_2.sdf
46_2,-2.41,-0.48200000000000004,27,,./report/pdb_by_site/site_all_27_46_2_1.sdf
46_2,-2.39,-0.47800000000000004,15,,./report/pdb_by_site/site_all_15_46_2_1.sdf
46_2,-2.347,-0.4694,9,,./report/pdb_by_site/site_all_9_46_2_2.sdf
46_2,-2.337,-0.46740000000000004,31,,./report/pdb_by_site/site_all_31_46_2_2.sdf
46_2,-2.332,-0.4664,12,,./report/pdb_by_site/site_all_12_46_2_2.sdf
46_2,-2.3,-0.45999999999999996,96,,./report/pdb_by_site/site_all_96_46_2_1.sdf
46_2,-2.291,-0.4582,12,,./report/pdb_by_site/site_all_12_46_2_3.sdf
46_2,-2.28,-0.45599999999999996,5,,./report/pdb_by_site/site_all_5_46_2_4.sdf
46_2,-2.269,-0.45380000000000004,31,,./report/pdb_by_site/site_all_31_46_2_3.sdf
46_2,-2.268,-0.45359999999999995,30,,./report/pdb_by_site/site_all_30_46_2_1.sdf
46_2,-2.25,-0.45,18,,./report/pdb_by_site/site_all_18_46_2_3.sdf
46_2,-2.25,-0.45,12,,./report/pdb_by_site/site_all_12_46_2_4.sdf
46_2,-2.22,-0.44400000000000006,81,,./report/pdb_by_site/site_all_81_46_2_1.sdf
46_2,-2.21,-0.442,58,,./report/pdb_by_site/site_all_58_46_2_2.sdf
46_2,-2.2009999999999996,-0.4401999999999999,19,,./report/pdb_by_site/site_all_19_46_2_1.sdf
46_2,-2.196,-0.43920000000000003,39,,./report/pdb_by_site/site_all_39_46_2_2.sdf
46_2,-2.1710000000000003,-0.43420000000000003,15,,./report/pdb_by_site/site_all_15_46_2_2.sdf
46_2,-2.17,-0.434,57,,./report/pdb_by_site/site_all_57_46_2_1.sdf
46_2,-2.136,-0.4272,15,,./report/pdb_by_site/site_all_15_46_2_3.sdf
46_2,-2.13,-0.426,9,,./report/pdb_by_site/site_all_9_46_2_3.sdf
46_2,-2.1,-0.42000000000000004,58,,./report/pdb_by_site/site_all_58_46_2_3.sdf
46_2,-2.0860000000000003,-0.41720000000000007,38,,./report/pdb_by_site/site_all_38_46_2_2.sdf
46_2,-2.082,-0.4164,118,,./report/pdb_by_site/site_all_118_46_2_1.sdf
46_2,-2.0500000000000003,-0.41000000000000003,41,,./report/pdb_by_site/site_all_41_46_2_1.sdf
46_2,-2.044,-0.4088,4,,./report/pdb_by_site/site_all_4_46_2_3.sdf
46_2,-2.0300000000000002,-0.406,3,,./report/pdb_by_site/site_all_3_46_2_3.sdf
46_2,-2.02,-0.404,44,,./report/pdb_by_site/site_all_44_46_2_2.sdf
47_1,-5.26,-1.052,3,,./report/pdb_by_site/site_all_3_47_1_1.sdf
47_1,-5.1499999999999995,-1.0299999999999998,9,,./report/pdb_by_site/site_all_9_47_1_1.sdf
47_1,-4.99,-0.998,4,,./report/pdb_by_site/site_all_4_47_1_1.sdf
47_1,-4.58,-0.916,3,,./report/pdb_by_site/site_all_3_47_1_2.sdf
47_1,-4.145,-0.829,10,,./report/pdb_by_site/site_all_10_47_1_1.sdf
47_1,-4.03,-0.806,19,,./report/pdb_by_site/site_all_19_47_1_1.sdf
47_1,-3.94,-0.788,11,,./report/pdb_by_site/site_all_11_47_1_1.sdf
47_1,-3.86,-0.772,2,,./report/pdb_by_site/site_all_2_47_1_1.sdf
47_1,-3.8499999999999996,-0.7699999999999999,15,,./report/pdb_by_site/site_all_15_47_1_1.sdf
47_1,-3.74,-0.748,2,,./report/pdb_by_site/site_all_2_47_1_2.sdf
47_1,-3.64,-0.728,10,,./report/pdb_by_site/site_all_10_47_1_2.sdf
47_1,-3.6300000000000003,-0.7260000000000001,27,,./report/pdb_by_site/site_all_27_47_1_1.sdf
47_1,-3.5799999999999996,-0.716,21,,./report/pdb_by_site/site_all_21_47_1_1.sdf
47_1,-3.52,-0.704,50,,./report/pdb_by_site/site_all_50_47_1_1.sdf
47_1,-3.5100000000000002,-0.7020000000000001,27,,./report/pdb_by_site/site_all_27_47_1_2.sdf
47_1,-3.45,-0.6900000000000001,27,,./report/pdb_by_site/site_all_27_47_1_3.sdf
47_1,-3.44,-0.688,12,,./report/pdb_by_site/site_all_12_47_1_1.sdf
47_1,-3.41,-0.682,20,,./report/pdb_by_site/site_all_20_47_1_1.sdf
47_1,-3.35,-0.67,5,,./report/pdb_by_site/site_all_5_47_1_1.sdf
47_1,-3.3400000000000003,-0.668,22,,./report/pdb_by_site/site_all_22_47_1_1.sdf
47_1,-3.27,-0.654,20,,./report/pdb_by_site/site_all_20_47_1_2.sdf
47_1,-3.1899999999999995,-0.6379999999999999,19,,./report/pdb_by_site/site_all_19_47_1_2.sdf
47_1,-3.186,-0.6372,20,,./report/pdb_by_site/site_all_20_47_1_3.sdf
47_1,-3.156,-0.6312,9,,./report/pdb_by_site/site_all_9_47_1_2.sdf
47_1,-3.15,-0.63,17,,./report/pdb_by_site/site_all_17_47_1_1.sdf
47_1,-3.12,-0.624,3,,./report/pdb_by_site/site_all_3_47_1_3.sdf
47_1,-3.08,-0.616,26,,./report/pdb_by_site/site_all_26_47_1_1.sdf
47_1,-3.0700000000000003,-0.6140000000000001,5,,./report/pdb_by_site/site_all_5_47_1_2.sdf
47_1,-3.048,-0.6096,3,,./report/pdb_by_site/site_all_3_47_1_4.sdf
47_1,-3.03,-0.606,30,,./report/pdb_by_site/site_all_30_47_1_1.sdf
47_1,-2.89,-0.5780000000000001,24,,./report/pdb_by_site/site_all_24_47_1_1.sdf
47_1,-2.86,-0.572,18,,./report/pdb_by_site/site_all_18_47_1_1.sdf
47_1,-2.85,-0.5700000000000001,25,,./report/pdb_by_site/site_all_25_47_1_1.sdf
47_1,-2.84,-0.568,56,,./report/pdb_by_site/site_all_56_47_1_1.sdf
47_1,-2.84,-0.568,10,,./report/pdb_by_site/site_all_10_47_1_3.sdf
47_1,-2.8200000000000003,-0.5640000000000001,14,,./report/pdb_by_site/site_all_14_47_1_1.sdf
47_1,-2.81,-0.562,53,,./report/pdb_by_site/site_all_53_47_1_1.sdf
47_1,-2.7830000000000004,-0.5566000000000001,3,,./report/pdb_by_site/site_all_3_47_1_5.sdf
47_1,-2.7100000000000004,-0.542,41,,./report/pdb_by_site/site_all_41_47_1_1.sdf
47_1,-2.62,-0.524,85,,./report/pdb_by_site/site_all_85_47_1_1.sdf
47_1,-2.62,-0.524,27,,./report/pdb_by_site/site_all_27_47_1_4.sdf
47_1,-2.57,-0.514,5,,./report/pdb_by_site/site_all_5_47_1_3.sdf
47_1,-2.56,-0.512,35,,./report/pdb_by_site/site_all_35_47_1_1.sdf
47_1,-2.557,-0.5114,17,,./report/pdb_by_site/site_all_17_47_1_2.sdf
47_1,-2.55,-0.51,2,,./report/pdb_by_site/site_all_2_47_1_3.sdf
47_1,-2.534,-0.5067999999999999,38,,./report/pdb_by_site/site_all_38_47_1_1.sdf
47_1,-2.5100000000000002,-0.502,10,,./report/pdb_by_site/site_all_10_47_1_4.sdf
47_1,-2.51,-0.502,30,,./report/pdb_by_site/site_all_30_47_1_2.sdf
47_1,-2.48,-0.496,113,,./report/pdb_by_site/site_all_113_47_1_1.sdf
47_1,-2.46,-0.492,27,,./report/pdb_by_site/site_all_27_47_1_5.sdf
47_1,-2.45,-0.49000000000000005,44,,./report/pdb_by_site/site_all_44_47_1_1.sdf
47_1,-2.4,-0.48,5,,./report/pdb_by_site/site_all_5_47_1_4.sdf
47_1,-2.37,-0.47400000000000003,58,,./report/pdb_by_site/site_all_58_47_1_1.sdf
47_1,-2.3,-0.45999999999999996,30,,./report/pdb_by_site/site_all_30_47_1_3.sdf
47_1,-2.3,-0.45999999999999996,61,,./report/pdb_by_site/site_all_61_47_1_1.sdf
47_1,-2.2800000000000002,-0.45600000000000007,58,,./report/pdb_by_site/site_all_58_47_1_2.sdf
47_1,-2.22,-0.44400000000000006,26,,./report/pdb_by_site/site_all_26_47_1_2.sdf
47_1,-2.19,-0.438,17,,./report/pdb_by_site/site_all_17_47_1_3.sdf
47_1,-2.13,-0.426,61,,./report/pdb_by_site/site_all_61_47_1_2.sdf
47_1,-2.11,-0.422,70,,./report/pdb_by_site/site_all_70_47_1_1.sdf
47_1,-2.0627,-0.41254,34,,./report/pdb_by_site/site_all_34_47_1_1.sdf
47_1,-2.06,-0.41200000000000003,74,,./report/pdb_by_site/site_all_74_47_1_1.sdf
47_1,-2.05,-0.41,108,,./report/pdb_by_site/site_all_108_47_1_1.sdf
47_1,-2.036,-0.4072,38,,./report/pdb_by_site/site_all_38_47_1_2.sdf
47_1,-2.02,-0.404,41,,./report/pdb_by_site/site_all_41_47_1_2.sdf
47_1,-2.0100000000000002,-0.402,10,,./report/pdb_by_site/site_all_10_47_1_5.sdf
47_1,-2.01,-0.40199999999999997,36,,./report/pdb_by_site/site_all_36_47_1_1.sdf
47_2,-3.84,-0.768,67,,./report/pdb_by_site/site_all_67_47_2_1.sdf
47_2,-3.36,-0.6719999999999999,36,,./report/pdb_by_site/site_all_36_47_2_1.sdf
47_2,-3.088,-0.6176,67,,./report/pdb_by_site/site_all_67_47_2_2.sdf
47_2,-2.96,-0.592,36,,./report/pdb_by_site/site_all_36_47_2_2.sdf
47_2,-2.92,-0.584,34,,./report/pdb_by_site/site_all_34_47_2_1.sdf
47_2,-2.84,-0.568,13,,./report/pdb_by_site/site_all_13_47_2_1.sdf
47_2,-2.76,-0.5519999999999999,3,,./report/pdb_by_site/site_all_3_47_2_1.sdf
47_2,-2.695,-0.5389999999999999,35,,./report/pdb_by_site/site_all_35_47_2_1.sdf
47_2,-2.5700000000000003,-0.514,75,,./report/pdb_by_site/site_all_75_47_2_1.sdf
47_2,-2.37,-0.47400000000000003,95,,./report/pdb_by_site/site_all_95_47_2_1.sdf
47_2,-2.29,-0.458,118,,./report/pdb_by_site/site_all_118_47_2_1.sdf
47_2,-2.2800000000000002,-0.45600000000000007,15,,./report/pdb_by_site/site_all_15_47_2_1.sdf
47_2,-2.2317,-0.44634,83,,./report/pdb_by_site/site_all_83_47_2_1.sdf
47_2,-2.06,-0.41200000000000003,62,,./report/pdb_by_site/site_all_62_47_2_1.sdf
47_2,-2.0126999999999997,-0.40253999999999995,40,,./report/pdb_by_site/site_all_40_47_2_1.sdf
48_1,-5.73,-0.8185714285714286,3,,./report/pdb_by_site/site_all_3_48_1_1.sdf
48_1,-5.09,-0.7271428571428571,9,,./report/pdb_by_site/site_all_9_48_1_1.sdf
48_1,-4.63,-0.6614285714285714,10,,./report/pdb_by_site/site_all_10_48_1_1.sdf
48_1,-4.54,-0.6485714285714286,10,,./report/pdb_by_site/site_all_10_48_1_2.sdf
48_1,-4.52,-0.6457142857142857,2,,./report/pdb_by_site/site_all_2_48_1_1.sdf
48_1,-4.32,-0.6171428571428572,24,,./report/pdb_by_site/site_all_24_48_1_1.sdf
48_1,-4.3,-0.6142857142857142,5,,./report/pdb_by_site/site_all_5_48_1_1.sdf
48_1,-4.2,-0.6,5,,./report/pdb_by_site/site_all_5_48_1_2.sdf
48_1,-4.17,-0.5957142857142858,2,,./report/pdb_by_site/site_all_2_48_1_2.sdf
48_1,-4.16,-0.5942857142857143,22,,./report/pdb_by_site/site_all_22_48_1_1.sdf
48_1,-4.07,-0.5814285714285715,15,,./report/pdb_by_site/site_all_15_48_1_1.sdf
48_1,-4.050000000000001,-0.5785714285714286,3,,./report/pdb_by_site/site_all_3_48_1_2.sdf
48_1,-3.86,-0.5514285714285714,18,,./report/pdb_by_site/site_all_18_48_1_1.sdf
48_1,-3.83,-0.5471428571428572,50,,./report/pdb_by_site/site_all_50_48_1_1.sdf
48_1,-3.78,-0.5399999999999999,11,,./report/pdb_by_site/site_all_11_48_1_1.sdf
48_1,-3.76,-0.5371428571428571,26,,./report/pdb_by_site/site_all_26_48_1_1.sdf
48_1,-3.69,-0.5271428571428571,5,,./report/pdb_by_site/site_all_5_48_1_3.sdf
48_1,-3.66,-0.5228571428571429,17,,./report/pdb_by_site/site_all_17_48_1_1.sdf
48_1,-3.58,-0.5114285714285715,20,,./report/pdb_by_site/site_all_20_48_1_1.sdf
48_1,-3.5599999999999996,-0.5085714285714286,10,,./report/pdb_by_site/site_all_10_48_1_3.sdf
48_1,-3.54,-0.5057142857142857,20,,./report/pdb_by_site/site_all_20_48_1_2.sdf
48_1,-3.51,-0.5014285714285714,12,,./report/pdb_by_site/site_all_12_48_1_1.sdf
48_1,-3.4999999999999996,-0.49999999999999994,30,,./report/pdb_by_site/site_all_30_48_1_1.sdf
48_1,-3.48,-0.49714285714285716,25,,./report/pdb_by_site/site_all_25_48_1_1.sdf
48_1,-3.4699999999999998,-0.49571428571428566,41,,./report/pdb_by_site/site_all_41_48_1_1.sdf
48_1,-3.39,-0.4842857142857143,44,,./report/pdb_by_site/site_all_44_48_1_1.sdf
48_1,-3.36,-0.48,30,,./report/pdb_by_site/site_all_30_48_1_2.sdf
48_1,-3.3520000000000003,-0.4788571428571429,21,,./report/pdb_by_site/site_all_21_48_1_1.sdf
48_1,-3.3499999999999996,-0.47857142857142854,56,,./report/pdb_by_site/site_all_56_48_1_1.sdf
48_1,-3.3,-0.4714285714285714,10,,./report/pdb_by_site/site_all_10_48_1_4.sdf
48_1,-3.29,-0.47000000000000003,10,,./report/pdb_by_site/site_all_10_48_1_5.sdf
48_1,-3.16,-0.45142857142857146,57,,./report/pdb_by_site/site_all_57_48_1_1.sdf
48_1,-3.09,-0.4414285714285714,3,,./report/pdb_by_site/site_all_3_48_1_3.sdf
48_1,-3.07,-0.43857142857142856,77,,./report/pdb_by_site/site_all_77_48_1_1.sdf
48_1,-3.0400000000000005,-0.43428571428571433,53,,./report/pdb_by_site/site_all_53_48_1_1.sdf
48_1,-3.038,-0.434,19,,./report/pdb_by_site/site_all_19_48_1_1.sdf
48_1,-2.96,-0.4228571428571429,24,,./report/pdb_by_site/site_all_24_48_1_2.sdf
48_1,-2.926,-0.41800000000000004,20,,./report/pdb_by_site/site_all_20_48_1_3.sdf
48_1,-2.88,-0.4114285714285714,91,,./report/pdb_by_site/site_all_91_48_1_1.sdf
48_1,-2.8520000000000003,-0.4074285714285715,38,,./report/pdb_by_site/site_all_38_48_1_1.sdf
48_1,-2.7299999999999995,-0.38999999999999996,80,,./report/pdb_by_site/site_all_80_48_1_1.sdf
48_1,-2.7,-0.38571428571428573,58,,./report/pdb_by_site/site_all_58_48_1_1.sdf
48_1,-2.659,-0.37985714285714284,3,,./report/pdb_by_site/site_all_3_48_1_4.sdf
48_1,-2.64,-0.37714285714285717,9,,./report/pdb_by_site/site_all_9_48_1_2.sdf
48_1,-2.62,-0.3742857142857143,85,,./report/pdb_by_site/site_all_85_48_1_1.sdf
48_1,-2.617,-0.37385714285714283,34,,./report/pdb_by_site/site_all_34_48_1_1.sdf
48_1,-2.6,-0.37142857142857144,79,,./report/pdb_by_site/site_all_79_48_1_1.sdf
48_1,-2.57,-0.3671428571428571,77,,./report/pdb_by_site/site_all_77_48_1_2.sdf
48_1,-2.55,-0.36428571428571427,58,,./report/pdb_by_site/site_all_58_48_1_2.sdf
48_1,-2.5300000000000002,-0.3614285714285715,74,,./report/pdb_by_site/site_all_74_48_1_1.sdf
48_1,-2.527,-0.36100000000000004,36,,./report/pdb_by_site/site_all_36_48_1_1.sdf
48_1,-2.498,-0.3568571428571429,21,,./report/pdb_by_site/site_all_21_48_1_2.sdf
48_1,-2.49133,-0.35590428571428573,19,,./report/pdb_by_site/site_all_19_48_1_2.sdf
48_1,-2.49,-0.35571428571428576,93,,./report/pdb_by_site/site_all_93_48_1_1.sdf
48_1,-2.4,-0.34285714285714286,57,,./report/pdb_by_site/site_all_57_48_1_2.sdf
48_1,-2.38,-0.33999999999999997,121,,./report/pdb_by_site/site_all_121_48_1_1.sdf
48_1,-2.36,-0.33714285714285713,109,,./report/pdb_by_site/site_all_109_48_1_1.sdf
48_1,-2.35,-0.33571428571428574,108,,./report/pdb_by_site/site_all_108_48_1_1.sdf
48_1,-2.317,-0.331,35,,./report/pdb_by_site/site_all_35_48_1_1.sdf
48_1,-2.29,-0.3271428571428571,81,,./report/pdb_by_site/site_all_81_48_1_1.sdf
48_1,-2.284,-0.32628571428571423,57,,./report/pdb_by_site/site_all_57_48_1_3.sdf
48_1,-2.27,-0.3242857142857143,70,,./report/pdb_by_site/site_all_70_48_1_1.sdf
48_1,-2.249,-0.3212857142857143,67,,./report/pdb_by_site/site_all_67_48_1_1.sdf
48_1,-2.214,-0.3162857142857143,104,,./report/pdb_by_site/site_all_104_48_1_1.sdf
48_1,-2.212,-0.316,61,,./report/pdb_by_site/site_all_61_48_1_1.sdf
48_1,-2.21,-0.3157142857142857,36,,./report/pdb_by_site/site_all_36_48_1_2.sdf
48_1,-2.165,-0.3092857142857143,67,,./report/pdb_by_site/site_all_67_48_1_2.sdf
48_1,-2.16,-0.3085714285714286,24,,./report/pdb_by_site/site_all_24_48_1_3.sdf
48_1,-2.14,-0.3057142857142857,87,,./report/pdb_by_site/site_all_87_48_1_1.sdf
48_1,-2.13,-0.30428571428571427,22,,./report/pdb_by_site/site_all_22_48_1_2.sdf
48_1,-2.13,-0.30428571428571427,75,,./report/pdb_by_site/site_all_75_48_1_1.sdf
48_1,-2.13,-0.30428571428571427,75,,./report/pdb_by_site/site_all_75_48_1_2.sdf
48_1,-2.12,-0.3028571428571429,17,,./report/pdb_by_site/site_all_17_48_1_2.sdf
48_1,-2.1,-0.3,27,,./report/pdb_by_site/site_all_27_48_1_1.sdf
48_1,-2.1,-0.3,11,,./report/pdb_by_site/site_all_11_48_1_2.sdf
48_1,-2.084,-0.2977142857142857,26,,./report/pdb_by_site/site_all_26_48_1_2.sdf
48_1,-2.08,-0.29714285714285715,25,,./report/pdb_by_site/site_all_25_48_1_2.sdf
48_1,-2.06,-0.2942857142857143,108,,./report/pdb_by_site/site_all_108_48_1_2.sdf
48_1,-2.06,-0.2942857142857143,78,,./report/pdb_by_site/site_all_78_48_1_1.sdf
48_1,-2.04,-0.2914285714285714,109,,./report/pdb_by_site/site_all_109_48_1_2.sdf
48_1,-2.01,-0.2871428571428571,111,,./report/pdb_by_site/site_all_111_48_1_1.sdf
48_1,-2.008,-0.28685714285714287,96,,./report/pdb_by_site/site_all_96_48_1_1.sdf
48_2,-5.34,-0.7628571428571428,5,,./report/pdb_by_site/site_all_5_48_2_1.sdf
48_2,-5.02,-0.7171428571428571,5,,./report/pdb_by_site/site_all_5_48_2_2.sdf
48_2,-4.92,-0.7028571428571428,3,,./report/pdb_by_site/site_all_3_48_2_1.sdf
48_2,-4.882,-0.6974285714285714,4,,./report/pdb_by_site/site_all_4_48_2_1.sdf
48_2,-4.869999999999999,-0.6957142857142856,2,,./report/pdb_by_site/site_all_2_48_2_1.sdf
48_2,-4.62,-0.66,36,,./report/pdb_by_site/site_all_36_48_2_1.sdf
48_2,-4.59,-0.6557142857142857,22,,./report/pdb_by_site/site_all_22_48_2_1.sdf
48_2,-4.367,-0.6238571428571429,38,,./report/pdb_by_site/site_all_38_48_2_1.sdf
48_2,-4.1899999999999995,-0.5985714285714285,2,,./report/pdb_by_site/site_all_2_48_2_2.sdf
48_2,-4.174,-0.5962857142857143,21,,./report/pdb_by_site/site_all_21_48_2_1.sdf
48_2,-4.13,-0.59,17,,./report/pdb_by_site/site_all_17_48_2_1.sdf
48_2,-4.077,-0.5824285714285714,14,,./report/pdb_by_site/site_all_14_48_2_1.sdf
48_2,-4.0040000000000004,-0.5720000000000001,15,,./report/pdb_by_site/site_all_15_48_2_1.sdf
48_2,-3.988,-0.5697142857142857,31,,./report/pdb_by_site/site_all_31_48_2_1.sdf
48_2,-3.94,-0.5628571428571428,11,,./report/pdb_by_site/site_all_11_48_2_1.sdf
48_2,-3.927,-0.561,12,,./report/pdb_by_site/site_all_12_48_2_1.sdf
48_2,-3.8,-0.5428571428571428,10,,./report/pdb_by_site/site_all_10_48_2_1.sdf
48_2,-3.69,-0.5271428571428571,44,,./report/pdb_by_site/site_all_44_48_2_1.sdf
48_2,-3.6199999999999997,-0.5171428571428571,3,,./report/pdb_by_site/site_all_3_48_2_2.sdf
48_2,-3.5830000000000006,-0.5118571428571429,36,,./report/pdb_by_site/site_all_36_48_2_2.sdf
48_2,-3.5599999999999996,-0.5085714285714286,4,,./report/pdb_by_site/site_all_4_48_2_2.sdf
48_2,-3.53,-0.5042857142857142,30,,./report/pdb_by_site/site_all_30_48_2_1.sdf
48_2,-3.5000000000000004,-0.5000000000000001,27,,./report/pdb_by_site/site_all_27_48_2_1.sdf
48_2,-3.4699999999999998,-0.49571428571428566,18,,./report/pdb_by_site/site_all_18_48_2_1.sdf
48_2,-3.41,-0.48714285714285716,58,,./report/pdb_by_site/site_all_58_48_2_1.sdf
48_2,-3.4,-0.4857142857142857,25,,./report/pdb_by_site/site_all_25_48_2_1.sdf
48_2,-3.4,-0.4857142857142857,25,,./report/pdb_by_site/site_all_25_48_2_2.sdf
48_2,-3.362,-0.4802857142857143,39,,./report/pdb_by_site/site_all_39_48_2_1.sdf
48_2,-3.34,-0.47714285714285715,9,,./report/pdb_by_site/site_all_9_48_2_1.sdf
48_2,-3.3180000000000005,-0.4740000000000001,22,,./report/pdb_by_site/site_all_22_48_2_2.sdf
48_2,-3.254,-0.46485714285714286,38,,./report/pdb_by_site/site_all_38_48_2_2.sdf
48_2,-3.2319999999999998,-0.4617142857142857,31,,./report/pdb_by_site/site_all_31_48_2_2.sdf
48_2,-3.23,-0.4614285714285714,69,,./report/pdb_by_site/site_all_69_48_2_1.sdf
48_2,-3.22,-0.46,10,,./report/pdb_by_site/site_all_10_48_2_2.sdf
48_2,-3.2199999999999998,-0.45999999999999996,26,,./report/pdb_by_site/site_all_26_48_2_1.sdf
48_2,-3.09,-0.4414285714285714,40,,./report/pdb_by_site/site_all_40_48_2_1.sdf
48_2,-3.08,-0.44,27,,./report/pdb_by_site/site_all_27_48_2_2.sdf
48_2,-2.98,-0.4257142857142857,57,,./report/pdb_by_site/site_all_57_48_2_1.sdf
48_2,-2.976,-0.42514285714285716,79,,./report/pdb_by_site/site_all_79_48_2_1.sdf
48_2,-2.9,-0.41428571428571426,48,,./report/pdb_by_site/site_all_48_48_2_1.sdf
48_2,-2.882,-0.41171428571428575,36,,./report/pdb_by_site/site_all_36_48_2_3.sdf
48_2,-2.819,-0.4027142857142857,41,,./report/pdb_by_site/site_all_41_48_2_1.sdf
48_2,-2.7399999999999998,-0.3914285714285714,75,,./report/pdb_by_site/site_all_75_48_2_1.sdf
48_2,-2.734,-0.39057142857142857,78,,./report/pdb_by_site/site_all_78_48_2_1.sdf
48_2,-2.721,-0.38871428571428573,36,,./report/pdb_by_site/site_all_36_48_2_4.sdf
48_2,-2.6950000000000003,-0.38500000000000006,30,,./report/pdb_by_site/site_all_30_48_2_2.sdf
48_2,-2.676,-0.3822857142857143,81,,./report/pdb_by_site/site_all_81_48_2_1.sdf
48_2,-2.625,-0.375,34,,./report/pdb_by_site/site_all_34_48_2_1.sdf
48_2,-2.61,-0.37285714285714283,24,,./report/pdb_by_site/site_all_24_48_2_1.sdf
48_2,-2.576,-0.368,20,,./report/pdb_by_site/site_all_20_48_2_1.sdf
48_2,-2.535,-0.36214285714285716,12,,./report/pdb_by_site/site_all_12_48_2_2.sdf
48_2,-2.5276999999999994,-0.3610999999999999,53,,./report/pdb_by_site/site_all_53_48_2_1.sdf
48_2,-2.49,-0.35571428571428576,10,,./report/pdb_by_site/site_all_10_48_2_3.sdf
48_2,-2.4800000000000004,-0.35428571428571437,57,,./report/pdb_by_site/site_all_57_48_2_2.sdf
48_2,-2.46333,-0.3519042857142857,50,,./report/pdb_by_site/site_all_50_48_2_1.sdf
48_2,-2.409,-0.34414285714285714,80,,./report/pdb_by_site/site_all_80_48_2_1.sdf
48_2,-2.38,-0.33999999999999997,56,,./report/pdb_by_site/site_all_56_48_2_1.sdf
48_2,-2.3369999999999997,-0.3338571428571428,35,,./report/pdb_by_site/site_all_35_48_2_1.sdf
48_2,-2.33,-0.33285714285714285,85,,./report/pdb_by_site/site_all_85_48_2_1.sdf
48_2,-2.269,-0.3241428571428572,74,,./report/pdb_by_site/site_all_74_48_2_1.sdf
48_2,-2.2600000000000002,-0.3228571428571429,29,,./report/pdb_by_site/site_all_29_48_2_1.sdf
48_2,-2.2569999999999997,-0.3224285714285714,65,,./report/pdb_by_site/site_all_65_48_2_1.sdf
48_2,-2.2453000000000003,-0.3207571428571429,67,,./report/pdb_by_site/site_all_67_48_2_1.sdf
48_2,-2.24,-0.32,53,,./report/pdb_by_site/site_all_53_48_2_2.sdf
48_2,-2.237,-0.31957142857142856,109,,./report/pdb_by_site/site_all_109_48_2_1.sdf
48_2,-2.2300000000000004,-0.3185714285714286,48,,./report/pdb_by_site/site_all_48_48_2_2.sdf
48_2,-2.2030000000000003,-0.3147142857142858,106,,./report/pdb_by_site/site_all_106_48_2_1.sdf
48_2,-2.19,-0.31285714285714283,92,,./report/pdb_by_site/site_all_92_48_2_1.sdf
48_2,-2.18,-0.31142857142857144,97,,./report/pdb_by_site/site_all_97_48_2_1.sdf
48_2,-2.16,-0.3085714285714286,56,,./report/pdb_by_site/site_all_56_48_2_2.sdf
48_2,-2.148,-0.3068571428571429,24,,./report/pdb_by_site/site_all_24_48_2_2.sdf
48_2,-2.1479999999999997,-0.30685714285714283,111,,./report/pdb_by_site/site_all_111_48_2_1.sdf
48_2,-2.14,-0.3057142857142857,50,,./report/pdb_by_site/site_all_50_48_2_2.sdf
48_2,-2.126,-0.3037142857142857,39,,./report/pdb_by_site/site_all_39_48_2_2.sdf
48_2,-2.105,-0.3007142857142857,103,,./report/pdb_by_site/site_all_103_48_2_1.sdf
48_2,-2.083,-0.2975714285714286,69,,./report/pdb_by_site/site_all_69_48_2_2.sdf
48_2,-2.08,-0.29714285714285715,109,,./report/pdb_by_site/site_all_109_48_2_2.sdf
49_1,-5.210000000000001,-0.7442857142857144,3,,./report/pdb_by_site/site_all_3_49_1_1.sdf
49_1,-5.1000000000000005,-0.7285714285714286,9,,./report/pdb_by_site/site_all_9_49_1_1.sdf
49_1,-4.640000000000001,-0.6628571428571429,22,,./report/pdb_by_site/site_all_22_49_1_1.sdf
49_1,-4.530000000000001,-0.6471428571428574,11,,./report/pdb_by_site/site_all_11_49_1_1.sdf
49_1,-4.42,-0.6314285714285715,10,,./report/pdb_by_site/site_all_10_49_1_1.sdf
49_1,-4.390000000000001,-0.6271428571428572,17,,./report/pdb_by_site/site_all_17_49_1_1.sdf
49_1,-4.22,-0.6028571428571429,2,,./report/pdb_by_site/site_all_2_49_1_1.sdf
49_1,-4.116,-0.588,4,,./report/pdb_by_site/site_all_4_49_1_1.sdf
49_1,-4.11,-0.5871428571428572,9,,./report/pdb_by_site/site_all_9_49_1_2.sdf
49_1,-4.05,-0.5785714285714285,18,,./report/pdb_by_site/site_all_18_49_1_1.sdf
49_1,-3.9779999999999998,-0.5682857142857143,3,,./report/pdb_by_site/site_all_3_49_1_2.sdf
49_1,-3.9499999999999997,-0.5642857142857143,5,,./report/pdb_by_site/site_all_5_49_1_1.sdf
49_1,-3.9299999999999997,-0.5614285714285714,30,,./report/pdb_by_site/site_all_30_49_1_1.sdf
49_1,-3.85,-0.55,24,,./report/pdb_by_site/site_all_24_49_1_1.sdf
49_1,-3.8499999999999996,-0.5499999999999999,2,,./report/pdb_by_site/site_all_2_49_1_2.sdf
49_1,-3.84,-0.5485714285714286,25,,./report/pdb_by_site/site_all_25_49_1_1.sdf
49_1,-3.83,-0.5471428571428572,41,,./report/pdb_by_site/site_all_41_49_1_1.sdf
49_1,-3.7700000000000005,-0.5385714285714286,5,,./report/pdb_by_site/site_all_5_49_1_2.sdf
49_1,-3.7299999999999995,-0.5328571428571428,19,,./report/pdb_by_site/site_all_19_49_1_1.sdf
49_1,-3.6999999999999997,-0.5285714285714286,56,,./report/pdb_by_site/site_all_56_49_1_1.sdf
49_1,-3.69,-0.5271428571428571,57,,./report/pdb_by_site/site_all_57_49_1_1.sdf
49_1,-3.65,-0.5214285714285715,56,,./report/pdb_by_site/site_all_56_49_1_2.sdf
49_1,-3.64,-0.52,24,,./report/pdb_by_site/site_all_24_49_1_2.sdf
49_1,-3.58,-0.5114285714285715,70,,./report/pdb_by_site/site_all_70_49_1_1.sdf
49_1,-3.54,-0.5057142857142857,5,,./report/pdb_by_site/site_all_5_49_1_3.sdf
49_1,-3.4899999999999998,-0.49857142857142855,20,,./report/pdb_by_site/site_all_20_49_1_1.sdf
49_1,-3.4400000000000004,-0.4914285714285715,26,,./report/pdb_by_site/site_all_26_49_1_1.sdf
49_1,-3.43,-0.49000000000000005,27,,./report/pdb_by_site/site_all_27_49_1_1.sdf
49_1,-3.4299999999999997,-0.48999999999999994,3,,./report/pdb_by_site/site_all_3_49_1_3.sdf
49_1,-3.347,-0.47814285714285715,12,,./report/pdb_by_site/site_all_12_49_1_1.sdf
49_1,-3.311,-0.473,15,,./report/pdb_by_site/site_all_15_49_1_1.sdf
49_1,-3.19,-0.4557142857142857,36,,./report/pdb_by_site/site_all_36_49_1_1.sdf
49_1,-3.1300000000000003,-0.4471428571428572,27,,./report/pdb_by_site/site_all_27_49_1_2.sdf
49_1,-2.98,-0.4257142857142857,44,,./report/pdb_by_site/site_all_44_49_1_1.sdf
49_1,-2.96,-0.4228571428571429,57,,./report/pdb_by_site/site_all_57_49_1_2.sdf
49_1,-2.93,-0.4185714285714286,30,,./report/pdb_by_site/site_all_30_49_1_2.sdf
49_1,-2.93,-0.4185714285714286,80,,./report/pdb_by_site/site_all_80_49_1_1.sdf
49_1,-2.91,-0.41571428571428576,17,,./report/pdb_by_site/site_all_17_49_1_2.sdf
49_1,-2.8800000000000003,-0.4114285714285715,58,,./report/pdb_by_site/site_all_58_49_1_1.sdf
49_1,-2.87,-0.41000000000000003,21,,./report/pdb_by_site/site_all_21_49_1_1.sdf
49_1,-2.79,-0.3985714285714286,24,,./report/pdb_by_site/site_all_24_49_1_3.sdf
49_1,-2.77,-0.39571428571428574,67,,./report/pdb_by_site/site_all_67_49_1_1.sdf
49_1,-2.76,-0.39428571428571424,53,,./report/pdb_by_site/site_all_53_49_1_1.sdf
49_1,-2.72,-0.3885714285714286,70,,./report/pdb_by_site/site_all_70_49_1_2.sdf
49_1,-2.7199999999999998,-0.3885714285714285,50,,./report/pdb_by_site/site_all_50_49_1_1.sdf
49_1,-2.71,-0.3871428571428571,79,,./report/pdb_by_site/site_all_79_49_1_1.sdf
49_1,-2.67,-0.3814285714285714,85,,./report/pdb_by_site/site_all_85_49_1_1.sdf
49_1,-2.6100000000000003,-0.3728571428571429,77,,./report/pdb_by_site/site_all_77_49_1_1.sdf
49_1,-2.556,-0.36514285714285716,67,,./report/pdb_by_site/site_all_67_49_1_2.sdf
49_1,-2.55,-0.36428571428571427,75,,./report/pdb_by_site/site_all_75_49_1_1.sdf
49_1,-2.54,-0.3628571428571429,20,,./report/pdb_by_site/site_all_20_49_1_2.sdf
49_1,-2.51,-0.35857142857142854,96,,./report/pdb_by_site/site_all_96_49_1_1.sdf
49_1,-2.51,-0.35857142857142854,58,,./report/pdb_by_site/site_all_58_49_1_2.sdf
49_1,-2.43,-0.34714285714285714,85,,./report/pdb_by_site/site_all_85_49_1_2.sdf
49_1,-2.43,-0.34714285714285714,81,,./report/pdb_by_site/site_all_81_49_1_1.sdf
49_1,-2.42,-0.3457142857142857,21,,./report/pdb_by_site/site_all_21_49_1_2.sdf
49_1,-2.4099999999999997,-0.34428571428571425,111,,./report/pdb_by_site/site_all_111_49_1_1.sdf
49_1,-2.4,-0.34285714285714286,111,,./report/pdb_by_site/site_all_111_49_1_2.sdf
49_1,-2.39,-0.34142857142857147,57,,./report/pdb_by_site/site_all_57_49_1_3.sdf
49_1,-2.38,-0.33999999999999997,91,,./report/pdb_by_site/site_all_91_49_1_1.sdf
49_1,-2.38,-0.33999999999999997,87,,./report/pdb_by_site/site_all_87_49_1_1.sdf
49_1,-2.3699999999999997,-0.3385714285714285,31,,./report/pdb_by_site/site_all_31_49_1_1.sdf
49_1,-2.347,-0.3352857142857143,98,,./report/pdb_by_site/site_all_98_49_1_1.sdf
49_1,-2.34,-0.33428571428571424,93,,./report/pdb_by_site/site_all_93_49_1_1.sdf
49_1,-2.33,-0.33285714285714285,70,,./report/pdb_by_site/site_all_70_49_1_3.sdf
49_1,-2.3,-0.32857142857142857,41,,./report/pdb_by_site/site_all_41_49_1_2.sdf
49_1,-2.3,-0.32857142857142857,125,,./report/pdb_by_site/site_all_125_49_1_1.sdf
49_1,-2.298,-0.3282857142857143,19,,./report/pdb_by_site/site_all_19_49_1_2.sdf
49_1,-2.25,-0.32142857142857145,26,,./report/pdb_by_site/site_all_26_49_1_2.sdf
49_1,-2.2300000000000004,-0.3185714285714286,10,,./report/pdb_by_site/site_all_10_49_1_2.sdf
49_1,-2.22,-0.31714285714285717,11,,./report/pdb_by_site/site_all_11_49_1_2.sdf
49_1,-2.1999999999999997,-0.3142857142857142,36,,./report/pdb_by_site/site_all_36_49_1_2.sdf
49_1,-2.15,-0.3071428571428571,108,,./report/pdb_by_site/site_all_108_49_1_1.sdf
49_1,-2.14,-0.3057142857142857,109,,./report/pdb_by_site/site_all_109_49_1_1.sdf
49_1,-2.14,-0.3057142857142857,100,,./report/pdb_by_site/site_all_100_49_1_1.sdf
49_1,-2.125,-0.30357142857142855,38,,./report/pdb_by_site/site_all_38_49_1_1.sdf
49_1,-2.0999999999999996,-0.29999999999999993,102,,./report/pdb_by_site/site_all_102_49_1_1.sdf
49_2,-5.1899999999999995,-0.7414285714285713,36,,./report/pdb_by_site/site_all_36_49_2_1.sdf
49_2,-4.81,-0.687142857142857,5,,./report/pdb_by_site/site_all_5_49_2_1.sdf
49_2,-4.640000000000001,-0.6628571428571429,2,,./report/pdb_by_site/site_all_2_49_2_1.sdf
49_2,-4.6,-0.6571428571428571,22,,./report/pdb_by_site/site_all_22_49_2_1.sdf
49_2,-4.52,-0.6457142857142857,17,,./report/pdb_by_site/site_all_17_49_2_1.sdf
49_2,-4.13,-0.59,12,,./report/pdb_by_site/site_all_12_49_2_1.sdf
49_2,-3.93,-0.5614285714285715,10,,./report/pdb_by_site/site_all_10_49_2_1.sdf
49_2,-3.920000000000001,-0.5600000000000002,11,,./report/pdb_by_site/site_all_11_49_2_1.sdf
49_2,-3.9,-0.5571428571428572,14,,./report/pdb_by_site/site_all_14_49_2_1.sdf
49_2,-3.88,-0.5542857142857143,31,,./report/pdb_by_site/site_all_31_49_2_1.sdf
49_2,-3.8699999999999997,-0.5528571428571428,2,,./report/pdb_by_site/site_all_2_49_2_2.sdf
49_2,-3.8200000000000003,-0.5457142857142857,10,,./report/pdb_by_site/site_all_10_49_2_2.sdf
49_2,-3.7459999999999996,-0.535142857142857,4,,./report/pdb_by_site/site_all_4_49_2_1.sdf
49_2,-3.7399999999999998,-0.5342857142857143,3,,./report/pdb_by_site/site_all_3_49_2_1.sdf
49_2,-3.6700000000000004,-0.5242857142857144,18,,./report/pdb_by_site/site_all_18_49_2_1.sdf
49_2,-3.65,-0.5214285714285715,25,,./report/pdb_by_site/site_all_25_49_2_1.sdf
49_2,-3.617,-0.5167142857142857,4,,./report/pdb_by_site/site_all_4_49_2_2.sdf
49_2,-3.52,-0.5028571428571429,36,,./report/pdb_by_site/site_all_36_49_2_2.sdf
49_2,-3.502,-0.5002857142857142,15,,./report/pdb_by_site/site_all_15_49_2_1.sdf
49_2,-3.49,-0.4985714285714286,5,,./report/pdb_by_site/site_all_5_49_2_2.sdf
49_2,-3.4300000000000006,-0.4900000000000001,3,,./report/pdb_by_site/site_all_3_49_2_2.sdf
49_2,-3.42,-0.48857142857142855,26,,./report/pdb_by_site/site_all_26_49_2_1.sdf
49_2,-3.3819999999999997,-0.4831428571428571,38,,./report/pdb_by_site/site_all_38_49_2_1.sdf
49_2,-3.36,-0.48,21,,./report/pdb_by_site/site_all_21_49_2_1.sdf
49_2,-3.34,-0.47714285714285715,9,,./report/pdb_by_site/site_all_9_49_2_1.sdf
49_2,-3.25,-0.4642857142857143,44,,./report/pdb_by_site/site_all_44_49_2_1.sdf
49_2,-3.2399999999999998,-0.4628571428571428,27,,./report/pdb_by_site/site_all_27_49_2_1.sdf
49_2,-3.156,-0.4508571428571429,22,,./report/pdb_by_site/site_all_22_49_2_2.sdf
49_2,-3.1,-0.4428571428571429,75,,./report/pdb_by_site/site_all_75_49_2_1.sdf
49_2,-3.09,-0.4414285714285714,41,,./report/pdb_by_site/site_all_41_49_2_1.sdf
49_2,-3.081,-0.4401428571428571,40,,./report/pdb_by_site/site_all_40_49_2_1.sdf
49_2,-3.074,-0.4391428571428571,21,,./report/pdb_by_site/site_all_21_49_2_2.sdf
49_2,-3.06,-0.43714285714285717,69,,./report/pdb_by_site/site_all_69_49_2_1.sdf
49_2,-3.0580000000000003,-0.4368571428571429,30,,./report/pdb_by_site/site_all_30_49_2_1.sdf
49_2,-3.04,-0.4342857142857143,58,,./report/pdb_by_site/site_all_58_49_2_1.sdf
49_2,-3.01,-0.43,57,,./report/pdb_by_site/site_all_57_49_2_1.sdf
49_2,-2.949,-0.42128571428571426,2,,./report/pdb_by_site/site_all_2_49_2_3.sdf
49_2,-2.846,-0.4065714285714286,76,,./report/pdb_by_site/site_all_76_49_2_1.sdf
49_2,-2.83,-0.4042857142857143,96,,./report/pdb_by_site/site_all_96_49_2_1.sdf
49_2,-2.5900000000000003,-0.37000000000000005,27,,./report/pdb_by_site/site_all_27_49_2_2.sdf
49_2,-2.57,-0.3671428571428571,80,,./report/pdb_by_site/site_all_80_49_2_1.sdf
49_2,-2.561,-0.3658571428571428,39,,./report/pdb_by_site/site_all_39_49_2_1.sdf
49_2,-2.5500000000000003,-0.3642857142857143,70,,./report/pdb_by_site/site_all_70_49_2_1.sdf
49_2,-2.55,-0.36428571428571427,30,,./report/pdb_by_site/site_all_30_49_2_2.sdf
49_2,-2.5400000000000005,-0.36285714285714293,27,,./report/pdb_by_site/site_all_27_49_2_3.sdf
49_2,-2.54,-0.3628571428571429,31,,./report/pdb_by_site/site_all_31_49_2_2.sdf
49_2,-2.533,-0.3618571428571428,20,,./report/pdb_by_site/site_all_20_49_2_1.sdf
49_2,-2.51,-0.35857142857142854,53,,./report/pdb_by_site/site_all_53_49_2_1.sdf
49_2,-2.503,-0.3575714285714286,38,,./report/pdb_by_site/site_all_38_49_2_2.sdf
49_2,-2.5020000000000002,-0.3574285714285715,27,,./report/pdb_by_site/site_all_27_49_2_4.sdf
49_2,-2.5,-0.35714285714285715,36,,./report/pdb_by_site/site_all_36_49_2_3.sdf
49_2,-2.432,-0.3474285714285714,81,,./report/pdb_by_site/site_all_81_49_2_1.sdf
49_2,-2.3907000000000003,-0.34152857142857146,15,,./report/pdb_by_site/site_all_15_49_2_2.sdf
49_2,-2.35,-0.33571428571428574,9,,./report/pdb_by_site/site_all_9_49_2_2.sdf
49_2,-2.31,-0.33,80,,./report/pdb_by_site/site_all_80_49_2_2.sdf
49_2,-2.2927,-0.32752857142857145,39,,./report/pdb_by_site/site_all_39_49_2_2.sdf
49_2,-2.2199999999999998,-0.3171428571428571,118,,./report/pdb_by_site/site_all_118_49_2_1.sdf
49_2,-2.1617,-0.30881428571428576,78,,./report/pdb_by_site/site_all_78_49_2_1.sdf
49_2,-2.14,-0.3057142857142857,70,,./report/pdb_by_site/site_all_70_49_2_2.sdf
49_2,-2.13,-0.30428571428571427,56,,./report/pdb_by_site/site_all_56_49_2_1.sdf
49_2,-2.118,-0.30257142857142855,90,,./report/pdb_by_site/site_all_90_49_2_1.sdf
49_2,-2.0949999999999998,-0.29928571428571427,56,,./report/pdb_by_site/site_all_56_49_2_2.sdf
49_2,-2.091,-0.29871428571428577,106,,./report/pdb_by_site/site_all_106_49_2_1.sdf
49_2,-2.087,-0.29814285714285715,26,,./report/pdb_by_site/site_all_26_49_2_2.sdf
49_2,-2.085,-0.2978571428571429,111,,./report/pdb_by_site/site_all_111_49_2_1.sdf
49_2,-2.0737,-0.29624285714285714,65,,./report/pdb_by_site/site_all_65_49_2_1.sdf
49_2,-2.049,-0.2927142857142857,41,,./report/pdb_by_site/site_all_41_49_2_2.sdf
49_2,-2.04,-0.2914285714285714,81,,./report/pdb_by_site/site_all_81_49_2_2.sdf
50_1,-3.6599999999999997,-0.732,3,,./report/pdb_by_site/site_all_3_50_1_1.sdf
50_1,-3.5100000000000002,-0.7020000000000001,17,,./report/pdb_by_site/site_all_17_50_1_1.sdf
50_1,-3.3100000000000005,-0.6620000000000001,2,,./report/pdb_by_site/site_all_2_50_1_1.sdf
50_1,-3.2,-0.64,9,,./report/pdb_by_site/site_all_9_50_1_1.sdf
50_1,-3.12,-0.624,11,,./report/pdb_by_site/site_all_11_50_1_1.sdf
50_1,-3.12,-0.624,18,,./report/pdb_by_site/site_all_18_50_1_1.sdf
50_1,-3.1000000000000005,-0.6200000000000001,12,,./report/pdb_by_site/site_all_12_50_1_1.sdf
50_1,-3.0700000000000003,-0.6140000000000001,5,,./report/pdb_by_site/site_all_5_50_1_1.sdf
50_1,-3.0200000000000005,-0.6040000000000001,22,,./report/pdb_by_site/site_all_22_50_1_1.sdf
50_1,-2.9699999999999998,-0.594,2,,./report/pdb_by_site/site_all_2_50_1_2.sdf
50_1,-2.96,-0.592,30,,./report/pdb_by_site/site_all_30_50_1_1.sdf
50_1,-2.89,-0.5780000000000001,41,,./report/pdb_by_site/site_all_41_50_1_1.sdf
50_1,-2.83,-0.5660000000000001,21,,./report/pdb_by_site/site_all_21_50_1_1.sdf
50_1,-2.77,-0.554,5,,./report/pdb_by_site/site_all_5_50_1_2.sdf
50_1,-2.75,-0.55,25,,./report/pdb_by_site/site_all_25_50_1_1.sdf
50_1,-2.74,-0.548,10,,./report/pdb_by_site/site_all_10_50_1_1.sdf
50_1,-2.59,-0.518,56,,./report/pdb_by_site/site_all_56_50_1_1.sdf
50_1,-2.58,-0.516,3,,./report/pdb_by_site/site_all_3_50_1_2.sdf
50_1,-2.58,-0.516,57,,./report/pdb_by_site/site_all_57_50_1_1.sdf
50_1,-2.4299999999999997,-0.48599999999999993,5,,./report/pdb_by_site/site_all_5_50_1_3.sdf
50_1,-2.42,-0.484,3,,./report/pdb_by_site/site_all_3_50_1_3.sdf
50_1,-2.39,-0.47800000000000004,80,,./report/pdb_by_site/site_all_80_50_1_1.sdf
50_1,-2.3899999999999997,-0.4779999999999999,26,,./report/pdb_by_site/site_all_26_50_1_1.sdf
50_1,-2.3899999999999997,-0.4779999999999999,4,,./report/pdb_by_site/site_all_4_50_1_1.sdf
50_1,-2.38,-0.476,24,,./report/pdb_by_site/site_all_24_50_1_1.sdf
50_1,-2.36,-0.472,58,,./report/pdb_by_site/site_all_58_50_1_1.sdf
50_1,-2.35,-0.47000000000000003,49,,./report/pdb_by_site/site_all_49_50_1_1.sdf
50_1,-2.33,-0.466,36,,./report/pdb_by_site/site_all_36_50_1_1.sdf
50_1,-2.29,-0.458,10,,./report/pdb_by_site/site_all_10_50_1_2.sdf
50_1,-2.25,-0.45,30,,./report/pdb_by_site/site_all_30_50_1_2.sdf
50_1,-2.24,-0.44800000000000006,70,,./report/pdb_by_site/site_all_70_50_1_1.sdf
50_1,-2.13,-0.426,30,,./report/pdb_by_site/site_all_30_50_1_3.sdf
50_1,-2.13,-0.426,44,,./report/pdb_by_site/site_all_44_50_1_1.sdf
50_1,-2.12,-0.42400000000000004,77,,./report/pdb_by_site/site_all_77_50_1_1.sdf
50_1,-2.1,-0.42000000000000004,77,,./report/pdb_by_site/site_all_77_50_1_2.sdf
50_1,-2.08,-0.41600000000000004,36,,./report/pdb_by_site/site_all_36_50_1_2.sdf
50_1,-2.07,-0.414,20,,./report/pdb_by_site/site_all_20_50_1_1.sdf
50_1,-2.07,-0.414,67,,./report/pdb_by_site/site_all_67_50_1_1.sdf
50_1,-2.012,-0.4024,15,,./report/pdb_by_site/site_all_15_50_1_1.sdf
50_1,-2.01,-0.40199999999999997,19,,./report/pdb_by_site/site_all_19_50_1_1.sdf
50_1,-2.01,-0.40199999999999997,85,,./report/pdb_by_site/site_all_85_50_1_1.sdf
50_2,-4.1899999999999995,-0.8379999999999999,36,,./report/pdb_by_site/site_all_36_50_2_1.sdf
50_2,-3.79,-0.758,5,,./report/pdb_by_site/site_all_5_50_2_1.sdf
50_2,-3.5700000000000003,-0.7140000000000001,14,,./report/pdb_by_site/site_all_14_50_2_1.sdf
50_2,-3.47,-0.6940000000000001,17,,./report/pdb_by_site/site_all_17_50_2_1.sdf
50_2,-3.42,-0.6839999999999999,12,,./report/pdb_by_site/site_all_12_50_2_1.sdf
50_2,-3.27,-0.654,2,,./report/pdb_by_site/site_all_2_50_2_1.sdf
50_2,-3.25,-0.65,34,,./report/pdb_by_site/site_all_34_50_2_1.sdf
50_2,-3.2499999999999996,-0.6499999999999999,22,,./report/pdb_by_site/site_all_22_50_2_1.sdf
50_2,-3.2110000000000003,-0.6422000000000001,19,,./report/pdb_by_site/site_all_19_50_2_1.sdf
50_2,-3.2100000000000004,-0.6420000000000001,31,,./report/pdb_by_site/site_all_31_50_2_1.sdf
50_2,-3.158,-0.6315999999999999,4,,./report/pdb_by_site/site_all_4_50_2_1.sdf
50_2,-2.7319999999999998,-0.5464,31,,./report/pdb_by_site/site_all_31_50_2_2.sdf
50_2,-2.71,-0.542,5,,./report/pdb_by_site/site_all_5_50_2_2.sdf
50_2,-2.7,-0.54,10,,./report/pdb_by_site/site_all_10_50_2_1.sdf
50_2,-2.7,-0.54,25,,./report/pdb_by_site/site_all_25_50_2_1.sdf
50_2,-2.7,-0.54,9,,./report/pdb_by_site/site_all_9_50_2_1.sdf
50_2,-2.6900000000000004,-0.538,49,,./report/pdb_by_site/site_all_49_50_2_1.sdf
50_2,-2.6407,-0.5281399999999999,38,,./report/pdb_by_site/site_all_38_50_2_1.sdf
50_2,-2.63,-0.526,58,,./report/pdb_by_site/site_all_58_50_2_1.sdf
50_2,-2.6299999999999994,-0.5259999999999999,75,,./report/pdb_by_site/site_all_75_50_2_1.sdf
50_2,-2.6099999999999994,-0.5219999999999999,18,,./report/pdb_by_site/site_all_18_50_2_1.sdf
50_2,-2.608,-0.5216000000000001,76,,./report/pdb_by_site/site_all_76_50_2_1.sdf
50_2,-2.58,-0.516,26,,./report/pdb_by_site/site_all_26_50_2_1.sdf
50_2,-2.5700000000000003,-0.514,21,,./report/pdb_by_site/site_all_21_50_2_1.sdf
50_2,-2.57,-0.514,36,,./report/pdb_by_site/site_all_36_50_2_2.sdf
50_2,-2.5500000000000003,-0.51,3,,./report/pdb_by_site/site_all_3_50_2_1.sdf
50_2,-2.55,-0.51,9,,./report/pdb_by_site/site_all_9_50_2_2.sdf
50_2,-2.52,-0.504,40,,./report/pdb_by_site/site_all_40_50_2_1.sdf
50_2,-2.51,-0.502,11,,./report/pdb_by_site/site_all_11_50_2_1.sdf
50_2,-2.5,-0.5,5,,./report/pdb_by_site/site_all_5_50_2_3.sdf
50_2,-2.48,-0.496,69,,./report/pdb_by_site/site_all_69_50_2_1.sdf
50_2,-2.4720000000000004,-0.49440000000000006,4,,./report/pdb_by_site/site_all_4_50_2_2.sdf
50_2,-2.46,-0.492,27,,./report/pdb_by_site/site_all_27_50_2_1.sdf
50_2,-2.44,-0.488,15,,./report/pdb_by_site/site_all_15_50_2_1.sdf
50_2,-2.41,-0.48200000000000004,21,,./report/pdb_by_site/site_all_21_50_2_2.sdf
50_2,-2.4000000000000004,-0.4800000000000001,69,,./report/pdb_by_site/site_all_69_50_2_2.sdf
50_2,-2.349,-0.46980000000000005,22,,./report/pdb_by_site/site_all_22_50_2_2.sdf
50_2,-2.2899999999999996,-0.4579999999999999,39,,./report/pdb_by_site/site_all_39_50_2_1.sdf
50_2,-2.28,-0.45599999999999996,96,,./report/pdb_by_site/site_all_96_50_2_1.sdf
50_2,-2.273,-0.4546,9,,./report/pdb_by_site/site_all_9_50_2_3.sdf
50_2,-2.2433300000000003,-0.44866600000000006,81,,./report/pdb_by_site/site_all_81_50_2_1.sdf
50_2,-2.2319999999999998,-0.44639999999999996,39,,./report/pdb_by_site/site_all_39_50_2_2.sdf
50_2,-2.23,-0.446,44,,./report/pdb_by_site/site_all_44_50_2_1.sdf
50_2,-2.2,-0.44000000000000006,15,,./report/pdb_by_site/site_all_15_50_2_2.sdf
50_2,-2.188,-0.43760000000000004,44,,./report/pdb_by_site/site_all_44_50_2_2.sdf
50_2,-2.18,-0.43600000000000005,100,,./report/pdb_by_site/site_all_100_50_2_1.sdf
50_2,-2.17,-0.434,36,,./report/pdb_by_site/site_all_36_50_2_3.sdf
50_2,-2.17,-0.434,3,,./report/pdb_by_site/site_all_3_50_2_2.sdf
50_2,-2.145,-0.429,38,,./report/pdb_by_site/site_all_38_50_2_2.sdf
50_2,-2.14,-0.42800000000000005,57,,./report/pdb_by_site/site_all_57_50_2_1.sdf
50_2,-2.138,-0.4276,30,,./report/pdb_by_site/site_all_30_50_2_1.sdf
50_2,-2.137,-0.4274,48,,./report/pdb_by_site/site_all_48_50_2_1.sdf
50_2,-2.12,-0.42400000000000004,65,,./report/pdb_by_site/site_all_65_50_2_1.sdf
50_2,-2.1100000000000003,-0.42200000000000004,118,,./report/pdb_by_site/site_all_118_50_2_1.sdf
50_2,-2.065,-0.413,24,,./report/pdb_by_site/site_all_24_50_2_1.sdf
50_2,-2.062,-0.4124,38,,./report/pdb_by_site/site_all_38_50_2_3.sdf
50_2,-2.05,-0.41,53,,./report/pdb_by_site/site_all_53_50_2_1.sdf
50_2,-2.017,-0.4034,97,,./report/pdb_by_site/site_all_97_50_2_1.sdf
50_2,-2.01,-0.40199999999999997,30,,./report/pdb_by_site/site_all_30_50_2_2.sdf
51_1,-6.1,-1.0166666666666666,3,,./report/pdb_by_site/site_all_3_51_1_1.sdf
51_1,-4.95,-0.8250000000000001,9,,./report/pdb_by_site/site_all_9_51_1_1.sdf
51_1,-4.8100000000000005,-0.8016666666666667,11,,./report/pdb_by_site/site_all_11_51_1_1.sdf
51_1,-4.7,-0.7833333333333333,2,,./report/pdb_by_site/site_all_2_51_1_1.sdf
51_1,-4.693,-0.7821666666666666,21,,./report/pdb_by_site/site_all_21_51_1_1.sdf
51_1,-4.680000000000001,-0.7800000000000001,5,,./report/pdb_by_site/site_all_5_51_1_1.sdf
51_1,-4.58,-0.7633333333333333,10,,./report/pdb_by_site/site_all_10_51_1_1.sdf
51_1,-4.43,-0.7383333333333333,15,,./report/pdb_by_site/site_all_15_51_1_1.sdf
51_1,-4.37,-0.7283333333333334,12,,./report/pdb_by_site/site_all_12_51_1_1.sdf
51_1,-4.359999999999999,-0.7266666666666666,10,,./report/pdb_by_site/site_all_10_51_1_2.sdf
51_1,-4.199999999999999,-0.6999999999999998,17,,./report/pdb_by_site/site_all_17_51_1_1.sdf
51_1,-4.17,-0.695,22,,./report/pdb_by_site/site_all_22_51_1_1.sdf
51_1,-4.17,-0.695,5,,./report/pdb_by_site/site_all_5_51_1_2.sdf
51_1,-4.02,-0.6699999999999999,2,,./report/pdb_by_site/site_all_2_51_1_2.sdf
51_1,-4.0,-0.6666666666666666,5,,./report/pdb_by_site/site_all_5_51_1_3.sdf
51_1,-3.87,-0.645,24,,./report/pdb_by_site/site_all_24_51_1_1.sdf
51_1,-3.8000000000000003,-0.6333333333333334,25,,./report/pdb_by_site/site_all_25_51_1_1.sdf
51_1,-3.78,-0.63,18,,./report/pdb_by_site/site_all_18_51_1_1.sdf
51_1,-3.58,-0.5966666666666667,10,,./report/pdb_by_site/site_all_10_51_1_3.sdf
51_1,-3.56,-0.5933333333333334,57,,./report/pdb_by_site/site_all_57_51_1_1.sdf
51_1,-3.5250000000000004,-0.5875,34,,./report/pdb_by_site/site_all_34_51_1_1.sdf
51_1,-3.52,-0.5866666666666667,27,,./report/pdb_by_site/site_all_27_51_1_1.sdf
51_1,-3.5100000000000002,-0.5850000000000001,20,,./report/pdb_by_site/site_all_20_51_1_1.sdf
51_1,-3.4459999999999997,-0.5743333333333333,15,,./report/pdb_by_site/site_all_15_51_1_2.sdf
51_1,-3.39,-0.5650000000000001,44,,./report/pdb_by_site/site_all_44_51_1_1.sdf
51_1,-3.38,-0.5633333333333334,30,,./report/pdb_by_site/site_all_30_51_1_1.sdf
51_1,-3.3099999999999996,-0.5516666666666666,30,,./report/pdb_by_site/site_all_30_51_1_2.sdf
51_1,-3.3059999999999996,-0.5509999999999999,19,,./report/pdb_by_site/site_all_19_51_1_1.sdf
51_1,-3.2600000000000002,-0.5433333333333333,53,,./report/pdb_by_site/site_all_53_51_1_1.sdf
51_1,-3.2399999999999998,-0.5399999999999999,26,,./report/pdb_by_site/site_all_26_51_1_1.sdf
51_1,-3.21,-0.535,2,,./report/pdb_by_site/site_all_2_51_1_3.sdf
51_1,-3.2,-0.5333333333333333,3,,./report/pdb_by_site/site_all_3_51_1_2.sdf
51_1,-3.16,-0.5266666666666667,3,,./report/pdb_by_site/site_all_3_51_1_3.sdf
51_1,-3.1399999999999997,-0.5233333333333333,30,,./report/pdb_by_site/site_all_30_51_1_3.sdf
51_1,-3.138,-0.523,27,,./report/pdb_by_site/site_all_27_51_1_2.sdf
51_1,-3.13,-0.5216666666666666,10,,./report/pdb_by_site/site_all_10_51_1_4.sdf
51_1,-3.1,-0.5166666666666667,56,,./report/pdb_by_site/site_all_56_51_1_1.sdf
51_1,-3.04,-0.5066666666666667,36,,./report/pdb_by_site/site_all_36_51_1_1.sdf
51_1,-2.9599999999999995,-0.49333333333333323,10,,./report/pdb_by_site/site_all_10_51_1_5.sdf
51_1,-2.91,-0.48500000000000004,24,,./report/pdb_by_site/site_all_24_51_1_2.sdf
51_1,-2.907,-0.4845,38,,./report/pdb_by_site/site_all_38_51_1_1.sdf
51_1,-2.8999999999999995,-0.4833333333333332,41,,./report/pdb_by_site/site_all_41_51_1_1.sdf
51_1,-2.89,-0.4816666666666667,58,,./report/pdb_by_site/site_all_58_51_1_1.sdf
51_1,-2.825,-0.4708333333333334,15,,./report/pdb_by_site/site_all_15_51_1_3.sdf
51_1,-2.8,-0.4666666666666666,85,,./report/pdb_by_site/site_all_85_51_1_1.sdf
51_1,-2.7590000000000003,-0.45983333333333337,20,,./report/pdb_by_site/site_all_20_51_1_2.sdf
51_1,-2.75,-0.4583333333333333,36,,./report/pdb_by_site/site_all_36_51_1_2.sdf
51_1,-2.7419999999999995,-0.4569999999999999,21,,./report/pdb_by_site/site_all_21_51_1_2.sdf
51_1,-2.73,-0.455,27,,./report/pdb_by_site/site_all_27_51_1_3.sdf
51_1,-2.6820000000000004,-0.44700000000000006,38,,./report/pdb_by_site/site_all_38_51_1_2.sdf
51_1,-2.67,-0.445,80,,./report/pdb_by_site/site_all_80_51_1_1.sdf
51_1,-2.67,-0.445,75,,./report/pdb_by_site/site_all_75_51_1_1.sdf
51_1,-2.63,-0.4383333333333333,3,,./report/pdb_by_site/site_all_3_51_1_4.sdf
51_1,-2.5829999999999997,-0.43049999999999994,41,,./report/pdb_by_site/site_all_41_51_1_2.sdf
51_1,-2.58,-0.43,24,,./report/pdb_by_site/site_all_24_51_1_3.sdf
51_1,-2.58,-0.43,79,,./report/pdb_by_site/site_all_79_51_1_1.sdf
51_1,-2.56,-0.4266666666666667,58,,./report/pdb_by_site/site_all_58_51_1_2.sdf
51_1,-2.54,-0.42333333333333334,53,,./report/pdb_by_site/site_all_53_51_1_2.sdf
51_1,-2.5,-0.4166666666666667,77,,./report/pdb_by_site/site_all_77_51_1_1.sdf
51_1,-2.4960000000000004,-0.4160000000000001,14,,./report/pdb_by_site/site_all_14_51_1_1.sdf
51_1,-2.49,-0.41500000000000004,81,,./report/pdb_by_site/site_all_81_51_1_1.sdf
51_1,-2.49,-0.41500000000000004,57,,./report/pdb_by_site/site_all_57_51_1_2.sdf
51_1,-2.4699999999999998,-0.4116666666666666,121,,./report/pdb_by_site/site_all_121_51_1_1.sdf
51_1,-2.4699999999999998,-0.4116666666666666,41,,./report/pdb_by_site/site_all_41_51_1_3.sdf
51_1,-2.4259999999999997,-0.40433333333333327,31,,./report/pdb_by_site/site_all_31_51_1_1.sdf
51_1,-2.395,-0.39916666666666667,74,,./report/pdb_by_site/site_all_74_51_1_1.sdf
51_1,-2.3647,-0.39411666666666667,27,,./report/pdb_by_site/site_all_27_51_1_4.sdf
51_1,-2.353,-0.3921666666666667,61,,./report/pdb_by_site/site_all_61_51_1_1.sdf
51_1,-2.35,-0.39166666666666666,109,,./report/pdb_by_site/site_all_109_51_1_1.sdf
51_1,-2.33,-0.38833333333333336,91,,./report/pdb_by_site/site_all_91_51_1_1.sdf
51_1,-2.3200000000000003,-0.3866666666666667,115,,./report/pdb_by_site/site_all_115_51_1_1.sdf
51_1,-2.2800000000000002,-0.38000000000000006,57,,./report/pdb_by_site/site_all_57_51_1_3.sdf
51_1,-2.27,-0.37833333333333335,11,,./report/pdb_by_site/site_all_11_51_1_2.sdf
51_1,-2.23,-0.37166666666666665,50,,./report/pdb_by_site/site_all_50_51_1_1.sdf
51_1,-2.23,-0.37166666666666665,67,,./report/pdb_by_site/site_all_67_51_1_1.sdf
51_1,-2.21,-0.36833333333333335,80,,./report/pdb_by_site/site_all_80_51_1_2.sdf
51_1,-2.2,-0.3666666666666667,108,,./report/pdb_by_site/site_all_108_51_1_1.sdf
51_1,-2.19,-0.365,65,,./report/pdb_by_site/site_all_65_51_1_1.sdf
51_1,-2.188,-0.3646666666666667,94,,./report/pdb_by_site/site_all_94_51_1_1.sdf
51_1,-2.15,-0.35833333333333334,17,,./report/pdb_by_site/site_all_17_51_1_2.sdf
51_1,-2.14,-0.3566666666666667,9,,./report/pdb_by_site/site_all_9_51_1_2.sdf
51_1,-2.13,-0.355,102,,./report/pdb_by_site/site_all_102_51_1_1.sdf
51_1,-2.13,-0.355,57,,./report/pdb_by_site/site_all_57_51_1_4.sdf
51_1,-2.12,-0.35333333333333333,35,,./report/pdb_by_site/site_all_35_51_1_1.sdf
51_1,-2.102,-0.35033333333333333,93,,./report/pdb_by_site/site_all_93_51_1_1.sdf
51_1,-2.08,-0.3466666666666667,25,,./report/pdb_by_site/site_all_25_51_1_2.sdf
51_1,-2.0749999999999997,-0.34583333333333327,34,,./report/pdb_by_site/site_all_34_51_1_2.sdf
51_1,-2.068,-0.3446666666666667,130,,./report/pdb_by_site/site_all_130_51_1_1.sdf
51_1,-2.06,-0.3433333333333333,54,,./report/pdb_by_site/site_all_54_51_1_1.sdf
51_1,-2.059,-0.3431666666666667,19,,./report/pdb_by_site/site_all_19_51_1_2.sdf
51_1,-2.035,-0.33916666666666667,116,,./report/pdb_by_site/site_all_116_51_1_1.sdf
51_1,-2.01,-0.33499999999999996,87,,./report/pdb_by_site/site_all_87_51_1_1.sdf
51_1,-2.01,-0.33499999999999996,85,,./report/pdb_by_site/site_all_85_51_1_2.sdf
51_1,-2.005,-0.33416666666666667,111,,./report/pdb_by_site/site_all_111_51_1_1.sdf
51_2,-5.76,-0.96,9,,./report/pdb_by_site/site_all_9_51_2_1.sdf
51_2,-5.71,-0.9516666666666667,3,,./report/pdb_by_site/site_all_3_51_2_1.sdf
51_2,-5.140000000000001,-0.8566666666666668,10,,./report/pdb_by_site/site_all_10_51_2_1.sdf
51_2,-4.49,-0.7483333333333334,24,,./report/pdb_by_site/site_all_24_51_2_1.sdf
51_2,-4.43,-0.7383333333333333,10,,./report/pdb_by_site/site_all_10_51_2_2.sdf
51_2,-4.43,-0.7383333333333333,11,,./report/pdb_by_site/site_all_11_51_2_1.sdf
51_2,-4.29,-0.715,2,,./report/pdb_by_site/site_all_2_51_2_1.sdf
51_2,-4.28,-0.7133333333333334,10,,./report/pdb_by_site/site_all_10_51_2_3.sdf
51_2,-4.173,-0.6955,15,,./report/pdb_by_site/site_all_15_51_2_1.sdf
51_2,-4.109999999999999,-0.6849999999999999,17,,./report/pdb_by_site/site_all_17_51_2_1.sdf
51_2,-4.079000000000001,-0.6798333333333334,50,,./report/pdb_by_site/site_all_50_51_2_1.sdf
51_2,-4.05,-0.6749999999999999,5,,./report/pdb_by_site/site_all_5_51_2_1.sdf
51_2,-4.039999999999999,-0.6733333333333332,19,,./report/pdb_by_site/site_all_19_51_2_1.sdf
51_2,-4.0,-0.6666666666666666,2,,./report/pdb_by_site/site_all_2_51_2_2.sdf
51_2,-3.8200000000000003,-0.6366666666666667,2,,./report/pdb_by_site/site_all_2_51_2_3.sdf
51_2,-3.8099999999999996,-0.6349999999999999,22,,./report/pdb_by_site/site_all_22_51_2_1.sdf
51_2,-3.7880000000000003,-0.6313333333333334,20,,./report/pdb_by_site/site_all_20_51_2_1.sdf
51_2,-3.7300000000000004,-0.6216666666666667,25,,./report/pdb_by_site/site_all_25_51_2_1.sdf
51_2,-3.71,-0.6183333333333333,12,,./report/pdb_by_site/site_all_12_51_2_1.sdf
51_2,-3.706,-0.6176666666666667,19,,./report/pdb_by_site/site_all_19_51_2_2.sdf
51_2,-3.59,-0.5983333333333333,26,,./report/pdb_by_site/site_all_26_51_2_1.sdf
51_2,-3.57,-0.595,5,,./report/pdb_by_site/site_all_5_51_2_2.sdf
51_2,-3.56,-0.5933333333333334,3,,./report/pdb_by_site/site_all_3_51_2_2.sdf
51_2,-3.5500000000000003,-0.5916666666666667,3,,./report/pdb_by_site/site_all_3_51_2_3.sdf
51_2,-3.4999999999999996,-0.5833333333333333,10,,./report/pdb_by_site/site_all_10_51_2_4.sdf
51_2,-3.4999999999999996,-0.5833333333333333,21,,./report/pdb_by_site/site_all_21_51_2_1.sdf
51_2,-3.403,-0.5671666666666667,20,,./report/pdb_by_site/site_all_20_51_2_2.sdf
51_2,-3.27,-0.545,57,,./report/pdb_by_site/site_all_57_51_2_1.sdf
51_2,-3.2699999999999996,-0.5449999999999999,18,,./report/pdb_by_site/site_all_18_51_2_1.sdf
51_2,-3.2500000000000004,-0.5416666666666667,41,,./report/pdb_by_site/site_all_41_51_2_1.sdf
51_2,-3.21,-0.535,5,,./report/pdb_by_site/site_all_5_51_2_3.sdf
51_2,-3.2,-0.5333333333333333,10,,./report/pdb_by_site/site_all_10_51_2_5.sdf
51_2,-3.14,-0.5233333333333333,30,,./report/pdb_by_site/site_all_30_51_2_1.sdf
51_2,-3.0,-0.5,53,,./report/pdb_by_site/site_all_53_51_2_1.sdf
51_2,-2.9799999999999995,-0.4966666666666666,77,,./report/pdb_by_site/site_all_77_51_2_1.sdf
51_2,-2.96,-0.49333333333333335,21,,./report/pdb_by_site/site_all_21_51_2_2.sdf
51_2,-2.84,-0.47333333333333333,58,,./report/pdb_by_site/site_all_58_51_2_1.sdf
51_2,-2.83,-0.4716666666666667,85,,./report/pdb_by_site/site_all_85_51_2_1.sdf
51_2,-2.8099999999999996,-0.46833333333333327,41,,./report/pdb_by_site/site_all_41_51_2_2.sdf
51_2,-2.7800000000000002,-0.4633333333333334,24,,./report/pdb_by_site/site_all_24_51_2_2.sdf
51_2,-2.7680000000000002,-0.4613333333333334,36,,./report/pdb_by_site/site_all_36_51_2_1.sdf
51_2,-2.73,-0.455,25,,./report/pdb_by_site/site_all_25_51_2_2.sdf
51_2,-2.7199999999999998,-0.4533333333333333,30,,./report/pdb_by_site/site_all_30_51_2_2.sdf
51_2,-2.71,-0.45166666666666666,56,,./report/pdb_by_site/site_all_56_51_2_1.sdf
51_2,-2.678,-0.4463333333333333,27,,./report/pdb_by_site/site_all_27_51_2_1.sdf
51_2,-2.6759999999999997,-0.44599999999999995,53,,./report/pdb_by_site/site_all_53_51_2_2.sdf
51_2,-2.6470000000000002,-0.4411666666666667,9,,./report/pdb_by_site/site_all_9_51_2_2.sdf
51_2,-2.644,-0.4406666666666667,38,,./report/pdb_by_site/site_all_38_51_2_1.sdf
51_2,-2.6399999999999997,-0.43999999999999995,70,,./report/pdb_by_site/site_all_70_51_2_1.sdf
51_2,-2.6199999999999997,-0.4366666666666666,44,,./report/pdb_by_site/site_all_44_51_2_1.sdf
51_2,-2.6100000000000003,-0.43500000000000005,80,,./report/pdb_by_site/site_all_80_51_2_1.sdf
51_2,-2.57,-0.4283333333333333,22,,./report/pdb_by_site/site_all_22_51_2_2.sdf
51_2,-2.57,-0.4283333333333333,57,,./report/pdb_by_site/site_all_57_51_2_2.sdf
51_2,-2.5,-0.4166666666666667,10,,./report/pdb_by_site/site_all_10_51_2_6.sdf
51_2,-2.4939999999999998,-0.41566666666666663,11,,./report/pdb_by_site/site_all_11_51_2_2.sdf
51_2,-2.48,-0.41333333333333333,49,,./report/pdb_by_site/site_all_49_51_2_1.sdf
51_2,-2.471,-0.41183333333333333,74,,./report/pdb_by_site/site_all_74_51_2_1.sdf
51_2,-2.4619999999999997,-0.41033333333333327,75,,./report/pdb_by_site/site_all_75_51_2_1.sdf
51_2,-2.388,-0.39799999999999996,36,,./report/pdb_by_site/site_all_36_51_2_2.sdf
51_2,-2.38,-0.39666666666666667,75,,./report/pdb_by_site/site_all_75_51_2_2.sdf
51_2,-2.3659999999999997,-0.39433333333333326,58,,./report/pdb_by_site/site_all_58_51_2_2.sdf
51_2,-2.36,-0.3933333333333333,11,,./report/pdb_by_site/site_all_11_51_2_3.sdf
51_2,-2.36,-0.3933333333333333,41,,./report/pdb_by_site/site_all_41_51_2_3.sdf
51_2,-2.2750000000000004,-0.3791666666666667,34,,./report/pdb_by_site/site_all_34_51_2_1.sdf
51_2,-2.2600000000000002,-0.3766666666666667,81,,./report/pdb_by_site/site_all_81_51_2_1.sdf
51_2,-2.26,-0.37666666666666665,79,,./report/pdb_by_site/site_all_79_51_2_1.sdf
51_2,-2.25,-0.375,74,,./report/pdb_by_site/site_all_74_51_2_2.sdf
51_2,-2.24,-0.37333333333333335,67,,./report/pdb_by_site/site_all_67_51_2_1.sdf
51_2,-2.23,-0.37166666666666665,108,,./report/pdb_by_site/site_all_108_51_2_1.sdf
51_2,-2.23,-0.37166666666666665,4,,./report/pdb_by_site/site_all_4_51_2_1.sdf
51_2,-2.22,-0.37000000000000005,36,,./report/pdb_by_site/site_all_36_51_2_3.sdf
51_2,-2.2199999999999998,-0.36999999999999994,111,,./report/pdb_by_site/site_all_111_51_2_1.sdf
51_2,-2.21,-0.36833333333333335,3,,./report/pdb_by_site/site_all_3_51_2_4.sdf
51_2,-2.21,-0.36833333333333335,80,,./report/pdb_by_site/site_all_80_51_2_2.sdf
51_2,-2.2,-0.3666666666666667,17,,./report/pdb_by_site/site_all_17_51_2_2.sdf
51_2,-2.18,-0.36333333333333334,77,,./report/pdb_by_site/site_all_77_51_2_2.sdf
51_2,-2.13,-0.355,109,,./report/pdb_by_site/site_all_109_51_2_1.sdf
51_2,-2.12,-0.35333333333333333,57,,./report/pdb_by_site/site_all_57_51_2_3.sdf
51_2,-2.0732999999999997,-0.34554999999999997,102,,./report/pdb_by_site/site_all_102_51_2_1.sdf
51_2,-2.0629999999999997,-0.34383333333333327,21,,./report/pdb_by_site/site_all_21_51_2_3.sdf
51_2,-2.05,-0.3416666666666666,85,,./report/pdb_by_site/site_all_85_51_2_2.sdf
51_2,-2.0429999999999997,-0.34049999999999997,93,,./report/pdb_by_site/site_all_93_51_2_1.sdf
51_2,-2.04,-0.34,78,,./report/pdb_by_site/site_all_78_51_2_1.sdf
51_2,-2.03,-0.3383333333333333,11,,./report/pdb_by_site/site_all_11_51_2_4.sdf
52_1,-7.9,-1.3166666666666667,3,,./report/pdb_by_site/site_all_3_52_1_1.sdf
52_1,-6.95,-1.1583333333333334,9,,./report/pdb_by_site/site_all_9_52_1_1.sdf
52_1,-6.83,-1.1383333333333334,2,,./report/pdb_by_site/site_all_2_52_1_1.sdf
52_1,-6.58,-1.0966666666666667,10,,./report/pdb_by_site/site_all_10_52_1_1.sdf
52_1,-6.499999999999999,-1.0833333333333333,2,,./report/pdb_by_site/site_all_2_52_1_2.sdf
52_1,-6.0,-1.0,10,,./report/pdb_by_site/site_all_10_52_1_2.sdf
52_1,-5.930000000000001,-0.9883333333333334,11,,./report/pdb_by_site/site_all_11_52_1_1.sdf
52_1,-5.840000000000001,-0.9733333333333335,10,,./report/pdb_by_site/site_all_10_52_1_3.sdf
52_1,-5.66,-0.9433333333333334,10,,./report/pdb_by_site/site_all_10_52_1_4.sdf
52_1,-5.539999999999999,-0.9233333333333332,24,,./report/pdb_by_site/site_all_24_52_1_1.sdf
52_1,-5.49,-0.915,5,,./report/pdb_by_site/site_all_5_52_1_1.sdf
52_1,-5.4,-0.9,27,,./report/pdb_by_site/site_all_27_52_1_1.sdf
52_1,-5.31,-0.8849999999999999,5,,./report/pdb_by_site/site_all_5_52_1_2.sdf
52_1,-5.276,-0.8793333333333333,19,,./report/pdb_by_site/site_all_19_52_1_1.sdf
52_1,-5.263,-0.8771666666666667,21,,./report/pdb_by_site/site_all_21_52_1_1.sdf
52_1,-5.119999999999999,-0.8533333333333332,15,,./report/pdb_by_site/site_all_15_52_1_1.sdf
52_1,-5.09,-0.8483333333333333,19,,./report/pdb_by_site/site_all_19_52_1_2.sdf
52_1,-4.788,-0.798,20,,./report/pdb_by_site/site_all_20_52_1_1.sdf
52_1,-4.7767,-0.7961166666666667,20,,./report/pdb_by_site/site_all_20_52_1_2.sdf
52_1,-4.720000000000001,-0.7866666666666667,12,,./report/pdb_by_site/site_all_12_52_1_1.sdf
52_1,-4.71,-0.785,3,,./report/pdb_by_site/site_all_3_52_1_2.sdf
52_1,-4.7073,-0.78455,26,,./report/pdb_by_site/site_all_26_52_1_1.sdf
52_1,-4.699999999999999,-0.7833333333333332,17,,./report/pdb_by_site/site_all_17_52_1_1.sdf
52_1,-4.680000000000001,-0.7800000000000001,18,,./report/pdb_by_site/site_all_18_52_1_1.sdf
52_1,-4.503,-0.7505000000000001,3,,./report/pdb_by_site/site_all_3_52_1_3.sdf
52_1,-4.49,-0.7483333333333334,34,,./report/pdb_by_site/site_all_34_52_1_1.sdf
52_1,-4.43,-0.7383333333333333,22,,./report/pdb_by_site/site_all_22_52_1_1.sdf
52_1,-4.32,-0.7200000000000001,5,,./report/pdb_by_site/site_all_5_52_1_3.sdf
52_1,-4.27,-0.7116666666666666,41,,./report/pdb_by_site/site_all_41_52_1_1.sdf
52_1,-4.265000000000001,-0.7108333333333334,3,,./report/pdb_by_site/site_all_3_52_1_4.sdf
52_1,-4.23,-0.7050000000000001,75,,./report/pdb_by_site/site_all_75_52_1_1.sdf
52_1,-4.22,-0.7033333333333333,3,,./report/pdb_by_site/site_all_3_52_1_5.sdf
52_1,-4.09,-0.6816666666666666,2,,./report/pdb_by_site/site_all_2_52_1_3.sdf
52_1,-4.088,-0.6813333333333333,53,,./report/pdb_by_site/site_all_53_52_1_1.sdf
52_1,-4.03,-0.6716666666666667,25,,./report/pdb_by_site/site_all_25_52_1_1.sdf
52_1,-4.0,-0.6666666666666666,41,,./report/pdb_by_site/site_all_41_52_1_2.sdf
52_1,-3.96,-0.66,57,,./report/pdb_by_site/site_all_57_52_1_1.sdf
52_1,-3.94,-0.6566666666666666,9,,./report/pdb_by_site/site_all_9_52_1_2.sdf
52_1,-3.89,-0.6483333333333333,10,,./report/pdb_by_site/site_all_10_52_1_5.sdf
52_1,-3.8299999999999996,-0.6383333333333333,27,,./report/pdb_by_site/site_all_27_52_1_2.sdf
52_1,-3.732,-0.622,74,,./report/pdb_by_site/site_all_74_52_1_1.sdf
52_1,-3.66,-0.61,25,,./report/pdb_by_site/site_all_25_52_1_2.sdf
52_1,-3.5900000000000003,-0.5983333333333334,30,,./report/pdb_by_site/site_all_30_52_1_1.sdf
52_1,-3.5599999999999996,-0.5933333333333333,56,,./report/pdb_by_site/site_all_56_52_1_1.sdf
52_1,-3.546,-0.591,27,,./report/pdb_by_site/site_all_27_52_1_3.sdf
52_1,-3.5100000000000002,-0.5850000000000001,38,,./report/pdb_by_site/site_all_38_52_1_1.sdf
52_1,-3.4989999999999997,-0.5831666666666666,61,,./report/pdb_by_site/site_all_61_52_1_1.sdf
52_1,-3.48,-0.58,30,,./report/pdb_by_site/site_all_30_52_1_2.sdf
52_1,-3.46,-0.5766666666666667,80,,./report/pdb_by_site/site_all_80_52_1_1.sdf
52_1,-3.42,-0.57,44,,./report/pdb_by_site/site_all_44_52_1_1.sdf
52_1,-3.32,-0.5533333333333333,24,,./report/pdb_by_site/site_all_24_52_1_2.sdf
52_1,-3.28,-0.5466666666666666,10,,./report/pdb_by_site/site_all_10_52_1_6.sdf
52_1,-3.27,-0.545,10,,./report/pdb_by_site/site_all_10_52_1_7.sdf
52_1,-3.2699999999999996,-0.5449999999999999,56,,./report/pdb_by_site/site_all_56_52_1_2.sdf
52_1,-3.246,-0.541,102,,./report/pdb_by_site/site_all_102_52_1_1.sdf
52_1,-3.2399999999999993,-0.5399999999999999,36,,./report/pdb_by_site/site_all_36_52_1_1.sdf
52_1,-3.2300000000000004,-0.5383333333333334,56,,./report/pdb_by_site/site_all_56_52_1_3.sdf
52_1,-3.23,-0.5383333333333333,58,,./report/pdb_by_site/site_all_58_52_1_1.sdf
52_1,-3.2,-0.5333333333333333,22,,./report/pdb_by_site/site_all_22_52_1_2.sdf
52_1,-3.1919999999999997,-0.5319999999999999,35,,./report/pdb_by_site/site_all_35_52_1_1.sdf
52_1,-3.1900000000000004,-0.5316666666666667,78,,./report/pdb_by_site/site_all_78_52_1_1.sdf
52_1,-3.12,-0.52,58,,./report/pdb_by_site/site_all_58_52_1_2.sdf
52_1,-3.1199999999999997,-0.5199999999999999,36,,./report/pdb_by_site/site_all_36_52_1_2.sdf
52_1,-3.0970000000000004,-0.5161666666666668,23,,./report/pdb_by_site/site_all_23_52_1_1.sdf
52_1,-3.08,-0.5133333333333333,85,,./report/pdb_by_site/site_all_85_52_1_1.sdf
52_1,-3.0629999999999997,-0.5105,57,,./report/pdb_by_site/site_all_57_52_1_2.sdf
52_1,-3.0600000000000005,-0.5100000000000001,70,,./report/pdb_by_site/site_all_70_52_1_1.sdf
52_1,-3.06,-0.51,30,,./report/pdb_by_site/site_all_30_52_1_3.sdf
52_1,-3.02,-0.5033333333333333,41,,./report/pdb_by_site/site_all_41_52_1_3.sdf
52_1,-3.01,-0.5016666666666666,41,,./report/pdb_by_site/site_all_41_52_1_4.sdf
52_1,-2.9899999999999998,-0.4983333333333333,80,,./report/pdb_by_site/site_all_80_52_1_2.sdf
52_1,-2.922,-0.48700000000000004,21,,./report/pdb_by_site/site_all_21_52_1_2.sdf
52_1,-2.9080000000000004,-0.48466666666666675,17,,./report/pdb_by_site/site_all_17_52_1_2.sdf
52_1,-2.8899999999999997,-0.48166666666666663,11,,./report/pdb_by_site/site_all_11_52_1_2.sdf
52_1,-2.856,-0.476,108,,./report/pdb_by_site/site_all_108_52_1_1.sdf
52_1,-2.85,-0.47500000000000003,77,,./report/pdb_by_site/site_all_77_52_1_1.sdf
52_1,-2.85,-0.47500000000000003,34,,./report/pdb_by_site/site_all_34_52_1_2.sdf
52_1,-2.8,-0.4666666666666666,11,,./report/pdb_by_site/site_all_11_52_1_3.sdf
52_1,-2.79,-0.465,17,,./report/pdb_by_site/site_all_17_52_1_3.sdf
52_1,-2.75,-0.4583333333333333,91,,./report/pdb_by_site/site_all_91_52_1_1.sdf
52_1,-2.7399999999999998,-0.4566666666666666,79,,./report/pdb_by_site/site_all_79_52_1_1.sdf
52_1,-2.669,-0.44483333333333336,36,,./report/pdb_by_site/site_all_36_52_1_3.sdf
52_1,-2.6400000000000006,-0.4400000000000001,81,,./report/pdb_by_site/site_all_81_52_1_1.sdf
52_1,-2.63,-0.4383333333333333,26,,./report/pdb_by_site/site_all_26_52_1_2.sdf
52_1,-2.54,-0.42333333333333334,108,,./report/pdb_by_site/site_all_108_52_1_2.sdf
52_1,-2.5399999999999996,-0.4233333333333333,111,,./report/pdb_by_site/site_all_111_52_1_1.sdf
52_1,-2.532,-0.422,93,,./report/pdb_by_site/site_all_93_52_1_1.sdf
52_1,-2.4899999999999998,-0.415,67,,./report/pdb_by_site/site_all_67_52_1_1.sdf
52_1,-2.47,-0.4116666666666667,111,,./report/pdb_by_site/site_all_111_52_1_2.sdf
52_1,-2.4699999999999998,-0.4116666666666666,121,,./report/pdb_by_site/site_all_121_52_1_1.sdf
52_1,-2.4699999999999998,-0.4116666666666666,75,,./report/pdb_by_site/site_all_75_52_1_2.sdf
52_1,-2.445,-0.4075,116,,./report/pdb_by_site/site_all_116_52_1_1.sdf
52_1,-2.445,-0.4075,19,,./report/pdb_by_site/site_all_19_52_1_3.sdf
52_1,-2.44,-0.4066666666666667,109,,./report/pdb_by_site/site_all_109_52_1_1.sdf
52_1,-2.4173,-0.4028833333333333,114,,./report/pdb_by_site/site_all_114_52_1_1.sdf
52_1,-2.37,-0.395,31,,./report/pdb_by_site/site_all_31_52_1_1.sdf
52_1,-2.34,-0.38999999999999996,60,,./report/pdb_by_site/site_all_60_52_1_1.sdf
52_1,-2.33,-0.38833333333333336,87,,./report/pdb_by_site/site_all_87_52_1_1.sdf
52_1,-2.2960000000000003,-0.3826666666666667,96,,./report/pdb_by_site/site_all_96_52_1_1.sdf
52_1,-2.282,-0.38033333333333336,109,,./report/pdb_by_site/site_all_109_52_1_2.sdf
52_1,-2.276,-0.3793333333333333,124,,./report/pdb_by_site/site_all_124_52_1_1.sdf
52_1,-2.27,-0.37833333333333335,113,,./report/pdb_by_site/site_all_113_52_1_1.sdf
52_1,-2.23,-0.37166666666666665,25,,./report/pdb_by_site/site_all_25_52_1_3.sdf
52_1,-2.212,-0.3686666666666667,87,,./report/pdb_by_site/site_all_87_52_1_2.sdf
52_1,-2.208,-0.36800000000000005,109,,./report/pdb_by_site/site_all_109_52_1_3.sdf
52_1,-2.16,-0.36000000000000004,127,,./report/pdb_by_site/site_all_127_52_1_1.sdf
52_1,-2.1550000000000002,-0.3591666666666667,76,,./report/pdb_by_site/site_all_76_52_1_1.sdf
52_1,-2.13,-0.355,96,,./report/pdb_by_site/site_all_96_52_1_2.sdf
52_1,-2.1229999999999998,-0.3538333333333333,31,,./report/pdb_by_site/site_all_31_52_1_2.sdf
52_1,-2.12,-0.35333333333333333,80,,./report/pdb_by_site/site_all_80_52_1_3.sdf
52_1,-2.101,-0.3501666666666667,44,,./report/pdb_by_site/site_all_44_52_1_2.sdf
52_1,-2.09,-0.34833333333333333,134,,./report/pdb_by_site/site_all_134_52_1_1.sdf
52_1,-2.08,-0.3466666666666667,77,,./report/pdb_by_site/site_all_77_52_1_2.sdf
52_1,-2.07,-0.345,125,,./report/pdb_by_site/site_all_125_52_1_1.sdf
52_1,-2.07,-0.345,133,,./report/pdb_by_site/site_all_133_52_1_1.sdf
52_1,-2.064,-0.34400000000000003,121,,./report/pdb_by_site/site_all_121_52_1_2.sdf
52_1,-2.026,-0.3376666666666666,27,,./report/pdb_by_site/site_all_27_52_1_4.sdf
52_1,-2.0257,-0.3376166666666667,18,,./report/pdb_by_site/site_all_18_52_1_2.sdf
52_1,-2.0143,-0.33571666666666666,78,,./report/pdb_by_site/site_all_78_52_1_2.sdf
52_1,-2.0100000000000002,-0.335,36,,./report/pdb_by_site/site_all_36_52_1_4.sdf
52_1,-2.006,-0.3343333333333333,110,,./report/pdb_by_site/site_all_110_52_1_1.sdf
52_1,-2.0020000000000002,-0.3336666666666667,93,,./report/pdb_by_site/site_all_93_52_1_2.sdf
52_2,-8.33,-1.3883333333333334,3,,./report/pdb_by_site/site_all_3_52_2_1.sdf
52_2,-6.29,-1.0483333333333333,2,,./report/pdb_by_site/site_all_2_52_2_1.sdf
52_2,-6.176,-1.0293333333333334,54,,./report/pdb_by_site/site_all_54_52_2_1.sdf
52_2,-6.0473,-1.0078833333333332,35,,./report/pdb_by_site/site_all_35_52_2_1.sdf
52_2,-5.61,-0.935,9,,./report/pdb_by_site/site_all_9_52_2_1.sdf
52_2,-5.35,-0.8916666666666666,67,,./report/pdb_by_site/site_all_67_52_2_1.sdf
52_2,-5.29,-0.8816666666666667,3,,./report/pdb_by_site/site_all_3_52_2_2.sdf
52_2,-5.09,-0.8483333333333333,11,,./report/pdb_by_site/site_all_11_52_2_1.sdf
52_2,-4.932,-0.8220000000000001,34,,./report/pdb_by_site/site_all_34_52_2_1.sdf
52_2,-4.55,-0.7583333333333333,24,,./report/pdb_by_site/site_all_24_52_2_1.sdf
52_2,-4.497,-0.7494999999999999,75,,./report/pdb_by_site/site_all_75_52_2_1.sdf
52_2,-4.49,-0.7483333333333334,17,,./report/pdb_by_site/site_all_17_52_2_1.sdf
52_2,-4.4399999999999995,-0.7399999999999999,27,,./report/pdb_by_site/site_all_27_52_2_1.sdf
52_2,-4.390000000000001,-0.7316666666666668,61,,./report/pdb_by_site/site_all_61_52_2_1.sdf
52_2,-4.29,-0.715,10,,./report/pdb_by_site/site_all_10_52_2_1.sdf
52_2,-4.13,-0.6883333333333334,10,,./report/pdb_by_site/site_all_10_52_2_2.sdf
52_2,-4.12,-0.6866666666666666,3,,./report/pdb_by_site/site_all_3_52_2_3.sdf
52_2,-4.05,-0.6749999999999999,53,,./report/pdb_by_site/site_all_53_52_2_1.sdf
52_2,-4.0009999999999994,-0.6668333333333333,24,,./report/pdb_by_site/site_all_24_52_2_2.sdf
52_2,-3.8870000000000005,-0.6478333333333334,5,,./report/pdb_by_site/site_all_5_52_2_1.sdf
52_2,-3.8419999999999996,-0.6403333333333333,37,,./report/pdb_by_site/site_all_37_52_2_1.sdf
52_2,-3.83,-0.6383333333333333,61,,./report/pdb_by_site/site_all_61_52_2_2.sdf
52_2,-3.7720000000000002,-0.6286666666666667,41,,./report/pdb_by_site/site_all_41_52_2_1.sdf
52_2,-3.7700000000000005,-0.6283333333333334,25,,./report/pdb_by_site/site_all_25_52_2_1.sdf
52_2,-3.767,-0.6278333333333334,17,,./report/pdb_by_site/site_all_17_52_2_2.sdf
52_2,-3.6399999999999997,-0.6066666666666666,87,,./report/pdb_by_site/site_all_87_52_2_1.sdf
52_2,-3.6270000000000002,-0.6045,5,,./report/pdb_by_site/site_all_5_52_2_2.sdf
52_2,-3.5300000000000002,-0.5883333333333334,41,,./report/pdb_by_site/site_all_41_52_2_2.sdf
52_2,-3.4879999999999995,-0.5813333333333333,59,,./report/pdb_by_site/site_all_59_52_2_1.sdf
52_2,-3.4859999999999998,-0.581,20,,./report/pdb_by_site/site_all_20_52_2_1.sdf
52_2,-3.484,-0.5806666666666667,102,,./report/pdb_by_site/site_all_102_52_2_1.sdf
52_2,-3.46,-0.5766666666666667,2,,./report/pdb_by_site/site_all_2_52_2_2.sdf
52_2,-3.36,-0.5599999999999999,77,,./report/pdb_by_site/site_all_77_52_2_1.sdf
52_2,-3.3500000000000005,-0.5583333333333335,108,,./report/pdb_by_site/site_all_108_52_2_1.sdf
52_2,-3.295,-0.5491666666666667,21,,./report/pdb_by_site/site_all_21_52_2_1.sdf
52_2,-3.2600000000000002,-0.5433333333333333,43,,./report/pdb_by_site/site_all_43_52_2_1.sdf
52_2,-3.238,-0.5396666666666666,80,,./report/pdb_by_site/site_all_80_52_2_1.sdf
52_2,-3.23,-0.5383333333333333,35,,./report/pdb_by_site/site_all_35_52_2_2.sdf
52_2,-3.2199999999999998,-0.5366666666666666,11,,./report/pdb_by_site/site_all_11_52_2_2.sdf
52_2,-3.2,-0.5333333333333333,10,,./report/pdb_by_site/site_all_10_52_2_3.sdf
52_2,-3.181,-0.5301666666666667,9,,./report/pdb_by_site/site_all_9_52_2_2.sdf
52_2,-3.1500000000000004,-0.525,85,,./report/pdb_by_site/site_all_85_52_2_1.sdf
52_2,-3.12,-0.52,111,,./report/pdb_by_site/site_all_111_52_2_1.sdf
52_2,-3.104,-0.5173333333333333,57,,./report/pdb_by_site/site_all_57_52_2_1.sdf
52_2,-3.074,-0.5123333333333333,3,,./report/pdb_by_site/site_all_3_52_2_4.sdf
52_2,-3.07,-0.5116666666666666,41,,./report/pdb_by_site/site_all_41_52_2_3.sdf
52_2,-2.99,-0.49833333333333335,108,,./report/pdb_by_site/site_all_108_52_2_2.sdf
52_2,-2.9899999999999998,-0.4983333333333333,56,,./report/pdb_by_site/site_all_56_52_2_1.sdf
52_2,-2.988,-0.498,100,,./report/pdb_by_site/site_all_100_52_2_1.sdf
52_2,-2.95,-0.4916666666666667,84,,./report/pdb_by_site/site_all_84_52_2_1.sdf
52_2,-2.94,-0.49,10,,./report/pdb_by_site/site_all_10_52_2_4.sdf
52_2,-2.9320000000000004,-0.48866666666666675,85,,./report/pdb_by_site/site_all_85_52_2_2.sdf
52_2,-2.928,-0.488,27,,./report/pdb_by_site/site_all_27_52_2_2.sdf
52_2,-2.86,-0.4766666666666666,5,,./report/pdb_by_site/site_all_5_52_2_3.sdf
52_2,-2.83,-0.4716666666666667,10,,./report/pdb_by_site/site_all_10_52_2_5.sdf
52_2,-2.8200000000000003,-0.47000000000000003,56,,./report/pdb_by_site/site_all_56_52_2_2.sdf
52_2,-2.82,-0.47,56,,./report/pdb_by_site/site_all_56_52_2_3.sdf
52_2,-2.81,-0.4683333333333333,80,,./report/pdb_by_site/site_all_80_52_2_2.sdf
52_2,-2.766,-0.461,34,,./report/pdb_by_site/site_all_34_52_2_2.sdf
52_2,-2.7199999999999998,-0.4533333333333333,3,,./report/pdb_by_site/site_all_3_52_2_5.sdf
52_2,-2.715,-0.45249999999999996,19,,./report/pdb_by_site/site_all_19_52_2_1.sdf
52_2,-2.713,-0.45216666666666666,102,,./report/pdb_by_site/site_all_102_52_2_2.sdf
52_2,-2.69,-0.4483333333333333,127,,./report/pdb_by_site/site_all_127_52_2_1.sdf
52_2,-2.6759999999999997,-0.44599999999999995,114,,./report/pdb_by_site/site_all_114_52_2_1.sdf
52_2,-2.645,-0.44083333333333335,49,,./report/pdb_by_site/site_all_49_52_2_1.sdf
52_2,-2.621,-0.43683333333333335,109,,./report/pdb_by_site/site_all_109_52_2_1.sdf
52_2,-2.61,-0.435,70,,./report/pdb_by_site/site_all_70_52_2_1.sdf
52_2,-2.5919999999999996,-0.43199999999999994,22,,./report/pdb_by_site/site_all_22_52_2_1.sdf
52_2,-2.5532999999999997,-0.42554999999999993,116,,./report/pdb_by_site/site_all_116_52_2_1.sdf
52_2,-2.5500000000000003,-0.42500000000000004,11,,./report/pdb_by_site/site_all_11_52_2_3.sdf
52_2,-2.535,-0.42250000000000004,87,,./report/pdb_by_site/site_all_87_52_2_2.sdf
52_2,-2.528,-0.42133333333333334,36,,./report/pdb_by_site/site_all_36_52_2_1.sdf
52_2,-2.52,-0.42,93,,./report/pdb_by_site/site_all_93_52_2_1.sdf
52_2,-2.512,-0.4186666666666667,74,,./report/pdb_by_site/site_all_74_52_2_1.sdf
52_2,-2.5,-0.4166666666666667,54,,./report/pdb_by_site/site_all_54_52_2_2.sdf
52_2,-2.47,-0.4116666666666667,57,,./report/pdb_by_site/site_all_57_52_2_2.sdf
52_2,-2.44,-0.4066666666666667,75,,./report/pdb_by_site/site_all_75_52_2_2.sdf
52_2,-2.42,-0.4033333333333333,59,,./report/pdb_by_site/site_all_59_52_2_2.sdf
52_2,-2.409,-0.40149999999999997,18,,./report/pdb_by_site/site_all_18_52_2_1.sdf
52_2,-2.39,-0.3983333333333334,58,,./report/pdb_by_site/site_all_58_52_2_1.sdf
52_2,-2.3887,-0.3981166666666667,50,,./report/pdb_by_site/site_all_50_52_2_1.sdf
52_2,-2.37,-0.395,38,,./report/pdb_by_site/site_all_38_52_2_1.sdf
52_2,-2.323,-0.38716666666666666,3,,./report/pdb_by_site/site_all_3_52_2_6.sdf
52_2,-2.317,-0.3861666666666667,44,,./report/pdb_by_site/site_all_44_52_2_1.sdf
52_2,-2.29,-0.38166666666666665,77,,./report/pdb_by_site/site_all_77_52_2_2.sdf
52_2,-2.2680000000000002,-0.37800000000000006,116,,./report/pdb_by_site/site_all_116_52_2_2.sdf
52_2,-2.22,-0.37000000000000005,17,,./report/pdb_by_site/site_all_17_52_2_3.sdf
52_2,-2.22,-0.37000000000000005,75,,./report/pdb_by_site/site_all_75_52_2_3.sdf
52_2,-2.2199999999999998,-0.36999999999999994,22,,./report/pdb_by_site/site_all_22_52_2_2.sdf
52_2,-2.18,-0.36333333333333334,116,,./report/pdb_by_site/site_all_116_52_2_3.sdf
52_2,-2.152,-0.3586666666666667,91,,./report/pdb_by_site/site_all_91_52_2_1.sdf
52_2,-2.14,-0.3566666666666667,24,,./report/pdb_by_site/site_all_24_52_2_3.sdf
52_2,-2.14,-0.3566666666666667,30,,./report/pdb_by_site/site_all_30_52_2_1.sdf
52_2,-2.1319999999999997,-0.3553333333333333,105,,./report/pdb_by_site/site_all_105_52_2_1.sdf
52_2,-2.1180000000000003,-0.35300000000000004,85,,./report/pdb_by_site/site_all_85_52_2_3.sdf
52_2,-2.11,-0.3516666666666666,36,,./report/pdb_by_site/site_all_36_52_2_2.sdf
52_2,-2.09,-0.34833333333333333,113,,./report/pdb_by_site/site_all_113_52_2_1.sdf
52_2,-2.085,-0.3475,127,,./report/pdb_by_site/site_all_127_52_2_2.sdf
52_2,-2.05,-0.3416666666666666,75,,./report/pdb_by_site/site_all_75_52_2_4.sdf
52_2,-2.0149999999999997,-0.33583333333333326,137,,./report/pdb_by_site/site_all_137_52_2_1.sdf
52_2,-2.009,-0.3348333333333333,127,,./report/pdb_by_site/site_all_127_52_2_3.sdf
53,-5.199999999999999,-0.7428571428571428,3,,./report/pdb_by_site/site_all_3_53_1.sdf
53,-4.680000000000001,-0.6685714285714287,61,,./report/pdb_by_site/site_all_61_53_1.sdf
53,-4.3,-0.6142857142857142,2,,./report/pdb_by_site/site_all_2_53_1.sdf
53,-4.24,-0.6057142857142858,10,,./report/pdb_by_site/site_all_10_53_1.sdf
53,-4.15,-0.5928571428571429,11,,./report/pdb_by_site/site_all_11_53_1.sdf
53,-4.140000000000001,-0.5914285714285715,17,,./report/pdb_by_site/site_all_17_53_1.sdf
53,-3.9600000000000004,-0.5657142857142857,12,,./report/pdb_by_site/site_all_12_53_1.sdf
53,-3.8900000000000006,-0.5557142857142858,5,,./report/pdb_by_site/site_all_5_53_1.sdf
53,-3.8700000000000006,-0.5528571428571429,24,,./report/pdb_by_site/site_all_24_53_1.sdf
53,-3.84,-0.5485714285714286,10,,./report/pdb_by_site/site_all_10_53_2.sdf
53,-3.73,-0.5328571428571428,19,,./report/pdb_by_site/site_all_19_53_1.sdf
53,-3.7199999999999998,-0.5314285714285714,41,,./report/pdb_by_site/site_all_41_53_1.sdf
53,-3.71,-0.53,5,,./report/pdb_by_site/site_all_5_53_2.sdf
53,-3.6999999999999993,-0.5285714285714285,26,,./report/pdb_by_site/site_all_26_53_1.sdf
53,-3.6699999999999995,-0.5242857142857142,19,,./report/pdb_by_site/site_all_19_53_2.sdf
53,-3.65,-0.5214285714285715,25,,./report/pdb_by_site/site_all_25_53_1.sdf
53,-3.6399999999999997,-0.5199999999999999,30,,./report/pdb_by_site/site_all_30_53_1.sdf
53,-3.61,-0.5157142857142857,15,,./report/pdb_by_site/site_all_15_53_1.sdf
53,-3.61,-0.5157142857142857,2,,./report/pdb_by_site/site_all_2_53_2.sdf
53,-3.58,-0.5114285714285715,57,,./report/pdb_by_site/site_all_57_53_1.sdf
53,-3.526,-0.5037142857142857,10,,./report/pdb_by_site/site_all_10_53_3.sdf
53,-3.38,-0.4828571428571428,20,,./report/pdb_by_site/site_all_20_53_1.sdf
53,-3.3,-0.4714285714285714,4,,./report/pdb_by_site/site_all_4_53_1.sdf
53,-3.2800000000000002,-0.4685714285714286,50,,./report/pdb_by_site/site_all_50_53_1.sdf
53,-3.24,-0.4628571428571429,10,,./report/pdb_by_site/site_all_10_53_4.sdf
53,-3.22,-0.46,5,,./report/pdb_by_site/site_all_5_53_3.sdf
53,-3.2009999999999996,-0.45728571428571424,21,,./report/pdb_by_site/site_all_21_53_1.sdf
53,-3.17,-0.45285714285714285,3,,./report/pdb_by_site/site_all_3_53_2.sdf
53,-3.15,-0.45,3,,./report/pdb_by_site/site_all_3_53_3.sdf
53,-3.15,-0.45,44,,./report/pdb_by_site/site_all_44_53_1.sdf
53,-3.1300000000000003,-0.4471428571428572,27,,./report/pdb_by_site/site_all_27_53_1.sdf
53,-3.0300000000000002,-0.4328571428571429,49,,./report/pdb_by_site/site_all_49_53_1.sdf
53,-3.013,-0.43042857142857144,70,,./report/pdb_by_site/site_all_70_53_1.sdf
53,-2.9699999999999998,-0.42428571428571427,3,,./report/pdb_by_site/site_all_3_53_4.sdf
53,-2.8000000000000003,-0.4,30,,./report/pdb_by_site/site_all_30_53_2.sdf
53,-2.8,-0.39999999999999997,56,,./report/pdb_by_site/site_all_56_53_1.sdf
53,-2.73,-0.39,58,,./report/pdb_by_site/site_all_58_53_1.sdf
53,-2.7100000000000004,-0.3871428571428572,79,,./report/pdb_by_site/site_all_79_53_1.sdf
53,-2.6900000000000004,-0.38428571428571434,36,,./report/pdb_by_site/site_all_36_53_1.sdf
53,-2.6799999999999997,-0.38285714285714284,18,,./report/pdb_by_site/site_all_18_53_1.sdf
53,-2.679,-0.3827142857142857,20,,./report/pdb_by_site/site_all_20_53_2.sdf
53,-2.66,-0.38,9,,./report/pdb_by_site/site_all_9_53_1.sdf
53,-2.66,-0.38,80,,./report/pdb_by_site/site_all_80_53_1.sdf
53,-2.6300000000000003,-0.3757142857142858,27,,./report/pdb_by_site/site_all_27_53_2.sdf
53,-2.63,-0.3757142857142857,53,,./report/pdb_by_site/site_all_53_53_1.sdf
53,-2.49,-0.35571428571428576,77,,./report/pdb_by_site/site_all_77_53_1.sdf
53,-2.4899999999999998,-0.3557142857142857,78,,./report/pdb_by_site/site_all_78_53_1.sdf
53,-2.4899999999999998,-0.3557142857142857,67,,./report/pdb_by_site/site_all_67_53_1.sdf
53,-2.48,-0.35428571428571426,74,,./report/pdb_by_site/site_all_74_53_1.sdf
53,-2.47,-0.35285714285714287,31,,./report/pdb_by_site/site_all_31_53_1.sdf
53,-2.4600000000000004,-0.3514285714285715,58,,./report/pdb_by_site/site_all_58_53_2.sdf
53,-2.45,-0.35000000000000003,36,,./report/pdb_by_site/site_all_36_53_2.sdf
53,-2.4370000000000003,-0.3481428571428572,17,,./report/pdb_by_site/site_all_17_53_2.sdf
53,-2.39,-0.34142857142857147,85,,./report/pdb_by_site/site_all_85_53_1.sdf
53,-2.3200000000000003,-0.33142857142857146,75,,./report/pdb_by_site/site_all_75_53_1.sdf
53,-2.3,-0.32857142857142857,81,,./report/pdb_by_site/site_all_81_53_1.sdf
53,-2.29,-0.3271428571428571,10,,./report/pdb_by_site/site_all_10_53_5.sdf
53,-2.29,-0.3271428571428571,87,,./report/pdb_by_site/site_all_87_53_1.sdf
53,-2.2800000000000002,-0.32571428571428573,57,,./report/pdb_by_site/site_all_57_53_2.sdf
53,-2.25,-0.32142857142857145,22,,./report/pdb_by_site/site_all_22_53_1.sdf
53,-2.24,-0.32,41,,./report/pdb_by_site/site_all_41_53_2.sdf
53,-2.23,-0.31857142857142856,121,,./report/pdb_by_site/site_all_121_53_1.sdf
53,-2.23,-0.31857142857142856,94,,./report/pdb_by_site/site_all_94_53_1.sdf
53,-2.19,-0.31285714285714283,26,,./report/pdb_by_site/site_all_26_53_2.sdf
53,-2.17,-0.31,70,,./report/pdb_by_site/site_all_70_53_2.sdf
53,-2.15,-0.3071428571428571,41,,./report/pdb_by_site/site_all_41_53_3.sdf
53,-2.125,-0.30357142857142855,67,,./report/pdb_by_site/site_all_67_53_2.sdf
53,-2.0940000000000003,-0.2991428571428572,74,,./report/pdb_by_site/site_all_74_53_2.sdf
53,-2.09,-0.29857142857142854,11,,./report/pdb_by_site/site_all_11_53_2.sdf
53,-2.08,-0.29714285714285715,111,,./report/pdb_by_site/site_all_111_53_1.sdf
53,-2.0700000000000003,-0.29571428571428576,96,,./report/pdb_by_site/site_all_96_53_1.sdf
53,-2.0580000000000003,-0.29400000000000004,93,,./report/pdb_by_site/site_all_93_53_1.sdf
53,-2.058,-0.294,22,,./report/pdb_by_site/site_all_22_53_2.sdf
53,-2.041,-0.29157142857142854,21,,./report/pdb_by_site/site_all_21_53_2.sdf
53,-2.035,-0.29071428571428576,75,,./report/pdb_by_site/site_all_75_53_2.sdf
53,-2.0269999999999997,-0.28957142857142854,98,,./report/pdb_by_site/site_all_98_53_1.sdf
53,-2.02,-0.2885714285714286,21,,./report/pdb_by_site/site_all_21_53_3.sdf
53,-2.0100000000000002,-0.2871428571428572,50,,./report/pdb_by_site/site_all_50_53_2.sdf
54_1,-4.51,-0.9019999999999999,3,,./report/pdb_by_site/site_all_3_54_1_1.sdf
54_1,-4.46,-0.892,9,,./report/pdb_by_site/site_all_9_54_1_1.sdf
54_1,-3.88,-0.776,2,,./report/pdb_by_site/site_all_2_54_1_1.sdf
54_1,-3.6557,-0.73114,4,,./report/pdb_by_site/site_all_4_54_1_1.sdf
54_1,-3.5,-0.7,10,,./report/pdb_by_site/site_all_10_54_1_1.sdf
54_1,-3.33,-0.666,11,,./report/pdb_by_site/site_all_11_54_1_1.sdf
54_1,-3.33,-0.666,10,,./report/pdb_by_site/site_all_10_54_1_2.sdf
54_1,-3.3000000000000003,-0.66,50,,./report/pdb_by_site/site_all_50_54_1_1.sdf
54_1,-3.25,-0.65,2,,./report/pdb_by_site/site_all_2_54_1_2.sdf
54_1,-3.2199999999999998,-0.6439999999999999,19,,./report/pdb_by_site/site_all_19_54_1_1.sdf
54_1,-3.1700000000000004,-0.6340000000000001,27,,./report/pdb_by_site/site_all_27_54_1_1.sdf
54_1,-3.1,-0.62,17,,./report/pdb_by_site/site_all_17_54_1_1.sdf
54_1,-3.08,-0.616,24,,./report/pdb_by_site/site_all_24_54_1_1.sdf
54_1,-3.0300000000000002,-0.6060000000000001,20,,./report/pdb_by_site/site_all_20_54_1_1.sdf
54_1,-2.99,-0.5980000000000001,41,,./report/pdb_by_site/site_all_41_54_1_1.sdf
54_1,-2.9799999999999995,-0.5959999999999999,26,,./report/pdb_by_site/site_all_26_54_1_1.sdf
54_1,-2.9770000000000003,-0.5954,10,,./report/pdb_by_site/site_all_10_54_1_3.sdf
54_1,-2.97,-0.5940000000000001,12,,./report/pdb_by_site/site_all_12_54_1_1.sdf
54_1,-2.86,-0.572,15,,./report/pdb_by_site/site_all_15_54_1_1.sdf
54_1,-2.77,-0.554,30,,./report/pdb_by_site/site_all_30_54_1_1.sdf
54_1,-2.75,-0.55,3,,./report/pdb_by_site/site_all_3_54_1_2.sdf
54_1,-2.72,-0.544,25,,./report/pdb_by_site/site_all_25_54_1_1.sdf
54_1,-2.66,-0.532,22,,./report/pdb_by_site/site_all_22_54_1_1.sdf
54_1,-2.6500000000000004,-0.53,22,,./report/pdb_by_site/site_all_22_54_1_2.sdf
54_1,-2.62,-0.524,5,,./report/pdb_by_site/site_all_5_54_1_1.sdf
54_1,-2.61,-0.522,18,,./report/pdb_by_site/site_all_18_54_1_1.sdf
54_1,-2.61,-0.522,17,,./report/pdb_by_site/site_all_17_54_1_2.sdf
54_1,-2.6,-0.52,5,,./report/pdb_by_site/site_all_5_54_1_2.sdf
54_1,-2.59,-0.518,20,,./report/pdb_by_site/site_all_20_54_1_2.sdf
54_1,-2.59,-0.518,56,,./report/pdb_by_site/site_all_56_54_1_1.sdf
54_1,-2.49,-0.49800000000000005,57,,./report/pdb_by_site/site_all_57_54_1_1.sdf
54_1,-2.48,-0.496,5,,./report/pdb_by_site/site_all_5_54_1_3.sdf
54_1,-2.4699999999999998,-0.49399999999999994,49,,./report/pdb_by_site/site_all_49_54_1_1.sdf
54_1,-2.45,-0.49000000000000005,3,,./report/pdb_by_site/site_all_3_54_1_3.sdf
54_1,-2.41,-0.48200000000000004,26,,./report/pdb_by_site/site_all_26_54_1_2.sdf
54_1,-2.39,-0.47800000000000004,65,,./report/pdb_by_site/site_all_65_54_1_1.sdf
54_1,-2.3200000000000003,-0.4640000000000001,85,,./report/pdb_by_site/site_all_85_54_1_1.sdf
54_1,-2.31,-0.462,19,,./report/pdb_by_site/site_all_19_54_1_2.sdf
54_1,-2.29,-0.458,67,,./report/pdb_by_site/site_all_67_54_1_1.sdf
54_1,-2.263,-0.4526,21,,./report/pdb_by_site/site_all_21_54_1_1.sdf
54_1,-2.23,-0.446,21,,./report/pdb_by_site/site_all_21_54_1_2.sdf
54_1,-2.2,-0.44000000000000006,85,,./report/pdb_by_site/site_all_85_54_1_2.sdf
54_1,-2.19,-0.438,53,,./report/pdb_by_site/site_all_53_54_1_1.sdf
54_1,-2.1500000000000004,-0.43000000000000005,41,,./report/pdb_by_site/site_all_41_54_1_2.sdf
54_1,-2.13,-0.426,58,,./report/pdb_by_site/site_all_58_54_1_1.sdf
54_1,-2.13,-0.426,27,,./report/pdb_by_site/site_all_27_54_1_2.sdf
54_1,-2.13,-0.426,44,,./report/pdb_by_site/site_all_44_54_1_1.sdf
54_1,-2.091,-0.4182,3,,./report/pdb_by_site/site_all_3_54_1_4.sdf
54_1,-2.0900000000000003,-0.41800000000000004,30,,./report/pdb_by_site/site_all_30_54_1_2.sdf
54_1,-2.09,-0.418,24,,./report/pdb_by_site/site_all_24_54_1_2.sdf
54_1,-2.086,-0.41719999999999996,61,,./report/pdb_by_site/site_all_61_54_1_1.sdf
54_1,-2.07,-0.414,36,,./report/pdb_by_site/site_all_36_54_1_1.sdf
54_1,-2.04,-0.40800000000000003,27,,./report/pdb_by_site/site_all_27_54_1_3.sdf
54_1,-2.013,-0.40259999999999996,61,,./report/pdb_by_site/site_all_61_54_1_2.sdf
54_2,-4.01,-0.8019999999999999,67,,./report/pdb_by_site/site_all_67_54_2_1.sdf
54_2,-2.86,-0.572,3,,./report/pdb_by_site/site_all_3_54_2_1.sdf
54_2,-2.61,-0.522,87,,./report/pdb_by_site/site_all_87_54_2_1.sdf
54_2,-2.5999999999999996,-0.5199999999999999,34,,./report/pdb_by_site/site_all_34_54_2_1.sdf
54_2,-2.52,-0.504,59,,./report/pdb_by_site/site_all_59_54_2_1.sdf
54_2,-2.49,-0.49800000000000005,37,,./report/pdb_by_site/site_all_37_54_2_1.sdf
54_2,-2.449,-0.48979999999999996,77,,./report/pdb_by_site/site_all_77_54_2_1.sdf
54_2,-2.42,-0.484,93,,./report/pdb_by_site/site_all_93_54_2_1.sdf
54_2,-2.33,-0.466,35,,./report/pdb_by_site/site_all_35_54_2_1.sdf
54_2,-2.29,-0.458,87,,./report/pdb_by_site/site_all_87_54_2_2.sdf
54_2,-2.22,-0.44400000000000006,87,,./report/pdb_by_site/site_all_87_54_2_3.sdf
54_2,-2.169,-0.4338,87,,./report/pdb_by_site/site_all_87_54_2_4.sdf
54_2,-2.09,-0.418,87,,./report/pdb_by_site/site_all_87_54_2_5.sdf
54_2,-2.09,-0.418,17,,./report/pdb_by_site/site_all_17_54_2_1.sdf
55,-6.4799999999999995,-1.2959999999999998,3,,./report/pdb_by_site/site_all_3_55_1.sdf
55,-5.79,-1.158,9,,./report/pdb_by_site/site_all_9_55_1.sdf
55,-5.63,-1.126,10,,./report/pdb_by_site/site_all_10_55_1.sdf
55,-5.07,-1.014,11,,./report/pdb_by_site/site_all_11_55_1.sdf
55,-4.651999999999999,-0.9303999999999999,10,,./report/pdb_by_site/site_all_10_55_2.sdf
55,-4.64,-0.9279999999999999,20,,./report/pdb_by_site/site_all_20_55_1.sdf
55,-4.46,-0.892,2,,./report/pdb_by_site/site_all_2_55_1.sdf
55,-4.46,-0.892,2,,./report/pdb_by_site/site_all_2_55_2.sdf
55,-4.32,-0.8640000000000001,5,,./report/pdb_by_site/site_all_5_55_1.sdf
55,-4.314,-0.8628,50,,./report/pdb_by_site/site_all_50_55_1.sdf
55,-4.17,-0.834,3,,./report/pdb_by_site/site_all_3_55_2.sdf
55,-4.15,-0.8300000000000001,24,,./report/pdb_by_site/site_all_24_55_1.sdf
55,-3.84,-0.768,15,,./report/pdb_by_site/site_all_15_55_1.sdf
55,-3.7810000000000006,-0.7562000000000001,34,,./report/pdb_by_site/site_all_34_55_1.sdf
55,-3.7600000000000002,-0.752,17,,./report/pdb_by_site/site_all_17_55_1.sdf
55,-3.712,-0.7424000000000001,35,,./report/pdb_by_site/site_all_35_55_1.sdf
55,-3.7,-0.74,21,,./report/pdb_by_site/site_all_21_55_1.sdf
55,-3.67,-0.734,3,,./report/pdb_by_site/site_all_3_55_3.sdf
55,-3.61,-0.722,41,,./report/pdb_by_site/site_all_41_55_1.sdf
55,-3.6,-0.72,19,,./report/pdb_by_site/site_all_19_55_1.sdf
55,-3.54,-0.708,26,,./report/pdb_by_site/site_all_26_55_1.sdf
55,-3.5300000000000007,-0.7060000000000002,5,,./report/pdb_by_site/site_all_5_55_2.sdf
55,-3.47,-0.6940000000000001,12,,./report/pdb_by_site/site_all_12_55_1.sdf
55,-3.45,-0.6900000000000001,25,,./report/pdb_by_site/site_all_25_55_1.sdf
55,-3.38,-0.6759999999999999,3,,./report/pdb_by_site/site_all_3_55_4.sdf
55,-3.28,-0.6559999999999999,25,,./report/pdb_by_site/site_all_25_55_2.sdf
55,-3.28,-0.6559999999999999,5,,./report/pdb_by_site/site_all_5_55_3.sdf
55,-3.25,-0.65,5,,./report/pdb_by_site/site_all_5_55_4.sdf
55,-3.1799999999999997,-0.6359999999999999,53,,./report/pdb_by_site/site_all_53_55_1.sdf
55,-3.17,-0.634,57,,./report/pdb_by_site/site_all_57_55_1.sdf
55,-3.13,-0.626,22,,./report/pdb_by_site/site_all_22_55_1.sdf
55,-3.02,-0.604,41,,./report/pdb_by_site/site_all_41_55_2.sdf
55,-3.02,-0.604,80,,./report/pdb_by_site/site_all_80_55_1.sdf
55,-3.011,-0.6022000000000001,51,,./report/pdb_by_site/site_all_51_55_1.sdf
55,-2.9800000000000004,-0.5960000000000001,2,,./report/pdb_by_site/site_all_2_55_3.sdf
55,-2.96,-0.592,10,,./report/pdb_by_site/site_all_10_55_3.sdf
55,-2.9299999999999997,-0.586,34,,./report/pdb_by_site/site_all_34_55_2.sdf
55,-2.83,-0.5660000000000001,30,,./report/pdb_by_site/site_all_30_55_1.sdf
55,-2.8200000000000003,-0.5640000000000001,9,,./report/pdb_by_site/site_all_9_55_2.sdf
55,-2.75,-0.55,10,,./report/pdb_by_site/site_all_10_55_4.sdf
55,-2.73,-0.546,10,,./report/pdb_by_site/site_all_10_55_5.sdf
55,-2.71,-0.542,30,,./report/pdb_by_site/site_all_30_55_2.sdf
55,-2.693,-0.5386,41,,./report/pdb_by_site/site_all_41_55_3.sdf
55,-2.69,-0.538,14,,./report/pdb_by_site/site_all_14_55_1.sdf
55,-2.682,-0.5364,27,,./report/pdb_by_site/site_all_27_55_1.sdf
55,-2.652,-0.5304,74,,./report/pdb_by_site/site_all_74_55_1.sdf
55,-2.63,-0.526,38,,./report/pdb_by_site/site_all_38_55_1.sdf
55,-2.63,-0.526,58,,./report/pdb_by_site/site_all_58_55_1.sdf
55,-2.6000000000000005,-0.5200000000000001,70,,./report/pdb_by_site/site_all_70_55_1.sdf
55,-2.59,-0.518,74,,./report/pdb_by_site/site_all_74_55_2.sdf
55,-2.58,-0.516,108,,./report/pdb_by_site/site_all_108_55_1.sdf
55,-2.57,-0.514,58,,./report/pdb_by_site/site_all_58_55_2.sdf
55,-2.54,-0.508,35,,./report/pdb_by_site/site_all_35_55_2.sdf
55,-2.53,-0.506,61,,./report/pdb_by_site/site_all_61_55_1.sdf
55,-2.5200000000000005,-0.5040000000000001,75,,./report/pdb_by_site/site_all_75_55_1.sdf
55,-2.5100000000000002,-0.502,44,,./report/pdb_by_site/site_all_44_55_1.sdf
55,-2.502,-0.5004,102,,./report/pdb_by_site/site_all_102_55_1.sdf
55,-2.5,-0.5,41,,./report/pdb_by_site/site_all_41_55_4.sdf
55,-2.5,-0.5,26,,./report/pdb_by_site/site_all_26_55_2.sdf
55,-2.4800000000000004,-0.4960000000000001,10,,./report/pdb_by_site/site_all_10_55_6.sdf
55,-2.4699999999999998,-0.49399999999999994,41,,./report/pdb_by_site/site_all_41_55_5.sdf
55,-2.46,-0.492,36,,./report/pdb_by_site/site_all_36_55_1.sdf
55,-2.4,-0.48,70,,./report/pdb_by_site/site_all_70_55_2.sdf
55,-2.4,-0.48,30,,./report/pdb_by_site/site_all_30_55_3.sdf
55,-2.39,-0.47800000000000004,57,,./report/pdb_by_site/site_all_57_55_2.sdf
55,-2.37,-0.47400000000000003,3,,./report/pdb_by_site/site_all_3_55_5.sdf
55,-2.346,-0.4692,56,,./report/pdb_by_site/site_all_56_55_1.sdf
55,-2.33,-0.466,83,,./report/pdb_by_site/site_all_83_55_1.sdf
55,-2.33,-0.466,80,,./report/pdb_by_site/site_all_80_55_2.sdf
55,-2.33,-0.466,10,,./report/pdb_by_site/site_all_10_55_7.sdf
55,-2.33,-0.466,80,,./report/pdb_by_site/site_all_80_55_3.sdf
55,-2.28,-0.45599999999999996,53,,./report/pdb_by_site/site_all_53_55_2.sdf
55,-2.278,-0.4556,85,,./report/pdb_by_site/site_all_85_55_1.sdf
55,-2.27,-0.454,77,,./report/pdb_by_site/site_all_77_55_1.sdf
55,-2.26,-0.45199999999999996,56,,./report/pdb_by_site/site_all_56_55_2.sdf
55,-2.25,-0.45,78,,./report/pdb_by_site/site_all_78_55_1.sdf
55,-2.22,-0.44400000000000006,57,,./report/pdb_by_site/site_all_57_55_3.sdf
55,-2.2,-0.44000000000000006,85,,./report/pdb_by_site/site_all_85_55_2.sdf
55,-2.1799999999999997,-0.43599999999999994,77,,./report/pdb_by_site/site_all_77_55_2.sdf
55,-2.17,-0.434,81,,./report/pdb_by_site/site_all_81_55_1.sdf
55,-2.1580000000000004,-0.4316000000000001,36,,./report/pdb_by_site/site_all_36_55_2.sdf
55,-2.15,-0.43,36,,./report/pdb_by_site/site_all_36_55_3.sdf
55,-2.13,-0.426,44,,./report/pdb_by_site/site_all_44_55_2.sdf
55,-2.123,-0.42460000000000003,101,,./report/pdb_by_site/site_all_101_55_1.sdf
55,-2.11,-0.422,61,,./report/pdb_by_site/site_all_61_55_2.sdf
55,-2.11,-0.422,17,,./report/pdb_by_site/site_all_17_55_2.sdf
55,-2.098,-0.4196,96,,./report/pdb_by_site/site_all_96_55_1.sdf
55,-2.09,-0.418,67,,./report/pdb_by_site/site_all_67_55_1.sdf
55,-2.07,-0.414,77,,./report/pdb_by_site/site_all_77_55_3.sdf
55,-2.066,-0.41319999999999996,67,,./report/pdb_by_site/site_all_67_55_2.sdf
55,-2.052,-0.4104,79,,./report/pdb_by_site/site_all_79_55_1.sdf
55,-2.043,-0.4086,80,,./report/pdb_by_site/site_all_80_55_4.sdf
55,-2.04,-0.40800000000000003,79,,./report/pdb_by_site/site_all_79_55_2.sdf
55,-2.013,-0.40259999999999996,19,,./report/pdb_by_site/site_all_19_55_2.sdf
56,-6.12,-0.8742857142857143,3,,./report/pdb_by_site/site_all_3_56_1.sdf
56,-5.609999999999999,-0.8014285714285714,2,,./report/pdb_by_site/site_all_2_56_1.sdf
56,-5.0200000000000005,-0.7171428571428572,10,,./report/pdb_by_site/site_all_10_56_1.sdf
56,-4.989999999999999,-0.7128571428571427,4,,./report/pdb_by_site/site_all_4_56_1.sdf
56,-4.86,-0.6942857142857143,5,,./report/pdb_by_site/site_all_5_56_1.sdf
56,-4.65,-0.6642857142857144,9,,./report/pdb_by_site/site_all_9_56_1.sdf
56,-4.640000000000001,-0.6628571428571429,5,,./report/pdb_by_site/site_all_5_56_2.sdf
56,-4.559,-0.6512857142857144,11,,./report/pdb_by_site/site_all_11_56_1.sdf
56,-4.26,-0.6085714285714285,21,,./report/pdb_by_site/site_all_21_56_1.sdf
56,-4.220000000000001,-0.602857142857143,12,,./report/pdb_by_site/site_all_12_56_1.sdf
56,-4.177,-0.5967142857142856,27,,./report/pdb_by_site/site_all_27_56_1.sdf
56,-4.12,-0.5885714285714286,2,,./report/pdb_by_site/site_all_2_56_2.sdf
56,-4.09,-0.5842857142857143,24,,./report/pdb_by_site/site_all_24_56_1.sdf
56,-4.0600000000000005,-0.5800000000000001,24,,./report/pdb_by_site/site_all_24_56_2.sdf
56,-4.04,-0.5771428571428572,15,,./report/pdb_by_site/site_all_15_56_1.sdf
56,-3.71,-0.53,19,,./report/pdb_by_site/site_all_19_56_1.sdf
56,-3.6999999999999997,-0.5285714285714286,3,,./report/pdb_by_site/site_all_3_56_2.sdf
56,-3.61,-0.5157142857142857,22,,./report/pdb_by_site/site_all_22_56_1.sdf
56,-3.5629999999999997,-0.509,19,,./report/pdb_by_site/site_all_19_56_2.sdf
56,-3.55,-0.5071428571428571,3,,./report/pdb_by_site/site_all_3_56_3.sdf
56,-3.5,-0.5,34,,./report/pdb_by_site/site_all_34_56_1.sdf
56,-3.48,-0.49714285714285716,44,,./report/pdb_by_site/site_all_44_56_1.sdf
56,-3.479,-0.497,35,,./report/pdb_by_site/site_all_35_56_1.sdf
56,-3.47,-0.4957142857142857,50,,./report/pdb_by_site/site_all_50_56_1.sdf
56,-3.45,-0.4928571428571429,20,,./report/pdb_by_site/site_all_20_56_1.sdf
56,-3.44,-0.49142857142857144,30,,./report/pdb_by_site/site_all_30_56_1.sdf
56,-3.4299999999999997,-0.48999999999999994,25,,./report/pdb_by_site/site_all_25_56_1.sdf
56,-3.38,-0.4828571428571428,36,,./report/pdb_by_site/site_all_36_56_1.sdf
56,-3.37,-0.48142857142857143,24,,./report/pdb_by_site/site_all_24_56_3.sdf
56,-3.3500000000000005,-0.47857142857142865,17,,./report/pdb_by_site/site_all_17_56_1.sdf
56,-3.35,-0.4785714285714286,26,,./report/pdb_by_site/site_all_26_56_1.sdf
56,-3.35,-0.4785714285714286,3,,./report/pdb_by_site/site_all_3_56_4.sdf
56,-3.3400000000000003,-0.4771428571428572,27,,./report/pdb_by_site/site_all_27_56_2.sdf
56,-3.32,-0.47428571428571425,41,,./report/pdb_by_site/site_all_41_56_1.sdf
56,-3.17,-0.45285714285714285,57,,./report/pdb_by_site/site_all_57_56_1.sdf
56,-3.166,-0.4522857142857143,20,,./report/pdb_by_site/site_all_20_56_2.sdf
56,-3.14,-0.44857142857142857,25,,./report/pdb_by_site/site_all_25_56_2.sdf
56,-3.1399999999999997,-0.4485714285714285,56,,./report/pdb_by_site/site_all_56_56_1.sdf
56,-3.1,-0.4428571428571429,53,,./report/pdb_by_site/site_all_53_56_1.sdf
56,-3.0700000000000003,-0.4385714285714286,70,,./report/pdb_by_site/site_all_70_56_1.sdf
56,-3.033,-0.4332857142857143,38,,./report/pdb_by_site/site_all_38_56_1.sdf
56,-2.98,-0.4257142857142857,30,,./report/pdb_by_site/site_all_30_56_2.sdf
56,-2.86,-0.40857142857142853,51,,./report/pdb_by_site/site_all_51_56_1.sdf
56,-2.83,-0.4042857142857143,30,,./report/pdb_by_site/site_all_30_56_3.sdf
56,-2.77,-0.39571428571428574,80,,./report/pdb_by_site/site_all_80_56_1.sdf
56,-2.77,-0.39571428571428574,79,,./report/pdb_by_site/site_all_79_56_1.sdf
56,-2.7300000000000004,-0.39000000000000007,58,,./report/pdb_by_site/site_all_58_56_1.sdf
56,-2.6500000000000004,-0.3785714285714286,41,,./report/pdb_by_site/site_all_41_56_2.sdf
56,-2.6310000000000002,-0.3758571428571429,75,,./report/pdb_by_site/site_all_75_56_1.sdf
56,-2.63,-0.3757142857142857,81,,./report/pdb_by_site/site_all_81_56_1.sdf
56,-2.5999999999999996,-0.3714285714285714,24,,./report/pdb_by_site/site_all_24_56_4.sdf
56,-2.5999999999999996,-0.3714285714285714,36,,./report/pdb_by_site/site_all_36_56_2.sdf
56,-2.5800000000000005,-0.36857142857142866,41,,./report/pdb_by_site/site_all_41_56_3.sdf
56,-2.5700000000000003,-0.36714285714285716,57,,./report/pdb_by_site/site_all_57_56_2.sdf
56,-2.5000000000000004,-0.3571428571428572,85,,./report/pdb_by_site/site_all_85_56_1.sdf
56,-2.48,-0.35428571428571426,75,,./report/pdb_by_site/site_all_75_56_2.sdf
56,-2.47,-0.35285714285714287,58,,./report/pdb_by_site/site_all_58_56_2.sdf
56,-2.4699999999999998,-0.3528571428571428,18,,./report/pdb_by_site/site_all_18_56_1.sdf
56,-2.43,-0.34714285714285714,115,,./report/pdb_by_site/site_all_115_56_1.sdf
56,-2.379,-0.33985714285714286,100,,./report/pdb_by_site/site_all_100_56_1.sdf
56,-2.35,-0.33571428571428574,11,,./report/pdb_by_site/site_all_11_56_2.sdf
56,-2.35,-0.33571428571428574,67,,./report/pdb_by_site/site_all_67_56_1.sdf
56,-2.348,-0.3354285714285714,102,,./report/pdb_by_site/site_all_102_56_1.sdf
56,-2.3400000000000003,-0.33428571428571435,101,,./report/pdb_by_site/site_all_101_56_1.sdf
56,-2.34,-0.33428571428571424,65,,./report/pdb_by_site/site_all_65_56_1.sdf
56,-2.3270000000000004,-0.33242857142857146,36,,./report/pdb_by_site/site_all_36_56_3.sdf
56,-2.3217,-0.33167142857142856,74,,./report/pdb_by_site/site_all_74_56_1.sdf
56,-2.3099999999999996,-0.32999999999999996,41,,./report/pdb_by_site/site_all_41_56_4.sdf
56,-2.297,-0.3281428571428572,108,,./report/pdb_by_site/site_all_108_56_1.sdf
56,-2.27,-0.3242857142857143,48,,./report/pdb_by_site/site_all_48_56_1.sdf
56,-2.21,-0.3157142857142857,109,,./report/pdb_by_site/site_all_109_56_1.sdf
56,-2.1900000000000004,-0.3128571428571429,50,,./report/pdb_by_site/site_all_50_56_2.sdf
56,-2.18,-0.31142857142857144,57,,./report/pdb_by_site/site_all_57_56_3.sdf
56,-2.1637000000000004,-0.30910000000000004,85,,./report/pdb_by_site/site_all_85_56_2.sdf
56,-2.14,-0.3057142857142857,77,,./report/pdb_by_site/site_all_77_56_1.sdf
56,-2.1300000000000003,-0.3042857142857143,11,,./report/pdb_by_site/site_all_11_56_3.sdf
56,-2.07,-0.2957142857142857,67,,./report/pdb_by_site/site_all_67_56_2.sdf
56,-2.04,-0.2914285714285714,69,,./report/pdb_by_site/site_all_69_56_1.sdf
57_1,-5.33,-0.7614285714285715,3,,./report/pdb_by_site/site_all_3_57_1_1.sdf
57_1,-5.230000000000001,-0.7471428571428573,9,,./report/pdb_by_site/site_all_9_57_1_1.sdf
57_1,-5.06,-0.7228571428571428,2,,./report/pdb_by_site/site_all_2_57_1_1.sdf
57_1,-4.97,-0.71,3,,./report/pdb_by_site/site_all_3_57_1_2.sdf
57_1,-4.59,-0.6557142857142857,10,,./report/pdb_by_site/site_all_10_57_1_1.sdf
57_1,-4.529999999999999,-0.647142857142857,10,,./report/pdb_by_site/site_all_10_57_1_2.sdf
57_1,-4.0,-0.5714285714285714,10,,./report/pdb_by_site/site_all_10_57_1_3.sdf
57_1,-3.9400000000000004,-0.562857142857143,19,,./report/pdb_by_site/site_all_19_57_1_1.sdf
57_1,-3.9299999999999997,-0.5614285714285714,25,,./report/pdb_by_site/site_all_25_57_1_1.sdf
57_1,-3.91,-0.5585714285714286,27,,./report/pdb_by_site/site_all_27_57_1_1.sdf
57_1,-3.88,-0.5542857142857143,11,,./report/pdb_by_site/site_all_11_57_1_1.sdf
57_1,-3.8600000000000008,-0.5514285714285715,24,,./report/pdb_by_site/site_all_24_57_1_1.sdf
57_1,-3.84,-0.5485714285714286,2,,./report/pdb_by_site/site_all_2_57_1_2.sdf
57_1,-3.8,-0.5428571428571428,17,,./report/pdb_by_site/site_all_17_57_1_1.sdf
57_1,-3.6399999999999997,-0.5199999999999999,26,,./report/pdb_by_site/site_all_26_57_1_1.sdf
57_1,-3.62,-0.5171428571428571,41,,./report/pdb_by_site/site_all_41_57_1_1.sdf
57_1,-3.61,-0.5157142857142857,12,,./report/pdb_by_site/site_all_12_57_1_1.sdf
57_1,-3.6000000000000005,-0.5142857142857143,30,,./report/pdb_by_site/site_all_30_57_1_1.sdf
57_1,-3.56,-0.5085714285714286,10,,./report/pdb_by_site/site_all_10_57_1_4.sdf
57_1,-3.53,-0.5042857142857142,22,,./report/pdb_by_site/site_all_22_57_1_1.sdf
57_1,-3.48,-0.49714285714285716,18,,./report/pdb_by_site/site_all_18_57_1_1.sdf
57_1,-3.47,-0.4957142857142857,14,,./report/pdb_by_site/site_all_14_57_1_1.sdf
57_1,-3.3600000000000003,-0.48000000000000004,20,,./report/pdb_by_site/site_all_20_57_1_1.sdf
57_1,-3.33,-0.4757142857142857,5,,./report/pdb_by_site/site_all_5_57_1_1.sdf
57_1,-3.3299999999999996,-0.47571428571428565,5,,./report/pdb_by_site/site_all_5_57_1_2.sdf
57_1,-3.3100000000000005,-0.4728571428571429,3,,./report/pdb_by_site/site_all_3_57_1_3.sdf
57_1,-3.2600000000000002,-0.46571428571428575,56,,./report/pdb_by_site/site_all_56_57_1_1.sdf
57_1,-3.2600000000000002,-0.46571428571428575,15,,./report/pdb_by_site/site_all_15_57_1_1.sdf
57_1,-3.2100000000000004,-0.45857142857142863,53,,./report/pdb_by_site/site_all_53_57_1_1.sdf
57_1,-3.194,-0.4562857142857143,24,,./report/pdb_by_site/site_all_24_57_1_2.sdf
57_1,-3.011,-0.43014285714285716,20,,./report/pdb_by_site/site_all_20_57_1_2.sdf
57_1,-2.91,-0.41571428571428576,27,,./report/pdb_by_site/site_all_27_57_1_2.sdf
57_1,-2.88,-0.4114285714285714,3,,./report/pdb_by_site/site_all_3_57_1_4.sdf
57_1,-2.85,-0.40714285714285714,5,,./report/pdb_by_site/site_all_5_57_1_3.sdf
57_1,-2.8200000000000003,-0.4028571428571429,44,,./report/pdb_by_site/site_all_44_57_1_1.sdf
57_1,-2.72,-0.3885714285714286,58,,./report/pdb_by_site/site_all_58_57_1_1.sdf
57_1,-2.7199999999999998,-0.3885714285714285,80,,./report/pdb_by_site/site_all_80_57_1_1.sdf
57_1,-2.706,-0.38657142857142857,27,,./report/pdb_by_site/site_all_27_57_1_3.sdf
57_1,-2.6999999999999993,-0.3857142857142856,80,,./report/pdb_by_site/site_all_80_57_1_2.sdf
57_1,-2.66,-0.38,9,,./report/pdb_by_site/site_all_9_57_1_2.sdf
57_1,-2.6199999999999997,-0.3742857142857142,85,,./report/pdb_by_site/site_all_85_57_1_1.sdf
57_1,-2.58,-0.3685714285714286,58,,./report/pdb_by_site/site_all_58_57_1_2.sdf
57_1,-2.577,-0.36814285714285716,74,,./report/pdb_by_site/site_all_74_57_1_1.sdf
57_1,-2.55,-0.36428571428571427,36,,./report/pdb_by_site/site_all_36_57_1_1.sdf
57_1,-2.5300000000000002,-0.3614285714285715,30,,./report/pdb_by_site/site_all_30_57_1_2.sdf
57_1,-2.5200000000000005,-0.36000000000000004,87,,./report/pdb_by_site/site_all_87_57_1_1.sdf
57_1,-2.42,-0.3457142857142857,41,,./report/pdb_by_site/site_all_41_57_1_2.sdf
57_1,-2.3979999999999997,-0.3425714285714285,21,,./report/pdb_by_site/site_all_21_57_1_1.sdf
57_1,-2.3700000000000006,-0.33857142857142863,3,,./report/pdb_by_site/site_all_3_57_1_5.sdf
57_1,-2.35,-0.33571428571428574,67,,./report/pdb_by_site/site_all_67_57_1_1.sdf
57_1,-2.3400000000000003,-0.33428571428571435,41,,./report/pdb_by_site/site_all_41_57_1_3.sdf
57_1,-2.33,-0.33285714285714285,116,,./report/pdb_by_site/site_all_116_57_1_1.sdf
57_1,-2.3200000000000003,-0.33142857142857146,67,,./report/pdb_by_site/site_all_67_57_1_2.sdf
57_1,-2.2800000000000002,-0.32571428571428573,109,,./report/pdb_by_site/site_all_109_57_1_1.sdf
57_1,-2.2800000000000002,-0.32571428571428573,12,,./report/pdb_by_site/site_all_12_57_1_2.sdf
57_1,-2.275,-0.325,53,,./report/pdb_by_site/site_all_53_57_1_2.sdf
57_1,-2.2699999999999996,-0.32428571428571423,77,,./report/pdb_by_site/site_all_77_57_1_1.sdf
57_1,-2.237,-0.31957142857142856,98,,./report/pdb_by_site/site_all_98_57_1_1.sdf
57_1,-2.2199999999999998,-0.3171428571428571,85,,./report/pdb_by_site/site_all_85_57_1_2.sdf
57_1,-2.21,-0.3157142857142857,80,,./report/pdb_by_site/site_all_80_57_1_3.sdf
57_1,-2.1999999999999997,-0.3142857142857142,36,,./report/pdb_by_site/site_all_36_57_1_2.sdf
57_1,-2.1660000000000004,-0.3094285714285715,17,,./report/pdb_by_site/site_all_17_57_1_2.sdf
57_1,-2.1519999999999997,-0.3074285714285714,102,,./report/pdb_by_site/site_all_102_57_1_1.sdf
57_1,-2.1300000000000003,-0.3042857142857143,10,,./report/pdb_by_site/site_all_10_57_1_5.sdf
57_1,-2.12133,-0.30304714285714285,75,,./report/pdb_by_site/site_all_75_57_1_1.sdf
57_1,-2.0980000000000003,-0.29971428571428577,31,,./report/pdb_by_site/site_all_31_57_1_1.sdf
57_1,-2.08,-0.29714285714285715,57,,./report/pdb_by_site/site_all_57_57_1_1.sdf
57_1,-2.0700000000000003,-0.29571428571428576,79,,./report/pdb_by_site/site_all_79_57_1_1.sdf
57_1,-2.0700000000000003,-0.29571428571428576,96,,./report/pdb_by_site/site_all_96_57_1_1.sdf
57_1,-2.0669999999999997,-0.29528571428571426,108,,./report/pdb_by_site/site_all_108_57_1_1.sdf
57_1,-2.0570000000000004,-0.29385714285714293,111,,./report/pdb_by_site/site_all_111_57_1_1.sdf
57_1,-2.04,-0.2914285714285714,11,,./report/pdb_by_site/site_all_11_57_1_2.sdf
57_2,-4.76,-0.6799999999999999,67,,./report/pdb_by_site/site_all_67_57_2_1.sdf
57_2,-4.359999999999999,-0.6228571428571428,67,,./report/pdb_by_site/site_all_67_57_2_2.sdf
57_2,-3.8599999999999994,-0.5514285714285714,3,,./report/pdb_by_site/site_all_3_57_2_1.sdf
57_2,-3.8200000000000003,-0.5457142857142857,2,,./report/pdb_by_site/site_all_2_57_2_1.sdf
57_2,-3.4299999999999997,-0.48999999999999994,17,,./report/pdb_by_site/site_all_17_57_2_1.sdf
57_2,-3.3600000000000003,-0.48000000000000004,87,,./report/pdb_by_site/site_all_87_57_2_1.sdf
57_2,-3.1500000000000004,-0.45000000000000007,43,,./report/pdb_by_site/site_all_43_57_2_1.sdf
57_2,-3.0199999999999996,-0.4314285714285714,59,,./report/pdb_by_site/site_all_59_57_2_1.sdf
57_2,-2.8400000000000003,-0.40571428571428575,77,,./report/pdb_by_site/site_all_77_57_2_1.sdf
57_2,-2.8400000000000003,-0.40571428571428575,91,,./report/pdb_by_site/site_all_91_57_2_1.sdf
57_2,-2.76,-0.39428571428571424,20,,./report/pdb_by_site/site_all_20_57_2_1.sdf
57_2,-2.74,-0.39142857142857146,77,,./report/pdb_by_site/site_all_77_57_2_2.sdf
57_2,-2.73,-0.39,93,,./report/pdb_by_site/site_all_93_57_2_1.sdf
57_2,-2.6700000000000004,-0.3814285714285715,87,,./report/pdb_by_site/site_all_87_57_2_2.sdf
57_2,-2.63,-0.3757142857142857,11,,./report/pdb_by_site/site_all_11_57_2_1.sdf
57_2,-2.552,-0.3645714285714286,41,,./report/pdb_by_site/site_all_41_57_2_1.sdf
57_2,-2.5100000000000002,-0.3585714285714286,85,,./report/pdb_by_site/site_all_85_57_2_1.sdf
57_2,-2.48,-0.35428571428571426,37,,./report/pdb_by_site/site_all_37_57_2_1.sdf
57_2,-2.434,-0.34771428571428575,128,,./report/pdb_by_site/site_all_128_57_2_1.sdf
57_2,-2.4,-0.34285714285714286,25,,./report/pdb_by_site/site_all_25_57_2_1.sdf
57_2,-2.38,-0.33999999999999997,56,,./report/pdb_by_site/site_all_56_57_2_1.sdf
57_2,-2.36,-0.33714285714285713,88,,./report/pdb_by_site/site_all_88_57_2_1.sdf
57_2,-2.34,-0.33428571428571424,80,,./report/pdb_by_site/site_all_80_57_2_1.sdf
57_2,-2.3,-0.32857142857142857,19,,./report/pdb_by_site/site_all_19_57_2_1.sdf
57_2,-2.23,-0.31857142857142856,111,,./report/pdb_by_site/site_all_111_57_2_1.sdf
57_2,-2.21,-0.3157142857142857,116,,./report/pdb_by_site/site_all_116_57_2_1.sdf
57_2,-2.2,-0.31428571428571433,102,,./report/pdb_by_site/site_all_102_57_2_1.sdf
57_2,-2.16,-0.3085714285714286,100,,./report/pdb_by_site/site_all_100_57_2_1.sdf
57_2,-2.15,-0.3071428571428571,56,,./report/pdb_by_site/site_all_56_57_2_2.sdf
57_2,-2.13,-0.30428571428571427,108,,./report/pdb_by_site/site_all_108_57_2_1.sdf
57_2,-2.11,-0.30142857142857143,75,,./report/pdb_by_site/site_all_75_57_2_1.sdf
57_2,-2.1,-0.3,9,,./report/pdb_by_site/site_all_9_57_2_1.sdf
57_2,-2.053,-0.29328571428571426,117,,./report/pdb_by_site/site_all_117_57_2_1.sdf
57_2,-2.01,-0.2871428571428571,59,,./report/pdb_by_site/site_all_59_57_2_2.sdf
58,-5.85,-0.975,3,,./report/pdb_by_site/site_all_3_58_1.sdf
58,-4.9799999999999995,-0.83,4,,./report/pdb_by_site/site_all_4_58_1.sdf
58,-4.83,-0.805,9,,./report/pdb_by_site/site_all_9_58_1.sdf
58,-4.57,-0.7616666666666667,3,,./report/pdb_by_site/site_all_3_58_2.sdf
58,-4.5600000000000005,-0.7600000000000001,2,,./report/pdb_by_site/site_all_2_58_1.sdf
58,-4.45,-0.7416666666666667,5,,./report/pdb_by_site/site_all_5_58_1.sdf
58,-4.420000000000001,-0.7366666666666668,11,,./report/pdb_by_site/site_all_11_58_1.sdf
58,-4.3100000000000005,-0.7183333333333334,24,,./report/pdb_by_site/site_all_24_58_1.sdf
58,-4.29,-0.715,5,,./report/pdb_by_site/site_all_5_58_2.sdf
58,-4.28,-0.7133333333333334,10,,./report/pdb_by_site/site_all_10_58_1.sdf
58,-4.234999999999999,-0.7058333333333332,21,,./report/pdb_by_site/site_all_21_58_1.sdf
58,-4.2,-0.7000000000000001,10,,./report/pdb_by_site/site_all_10_58_2.sdf
58,-4.01,-0.6683333333333333,17,,./report/pdb_by_site/site_all_17_58_1.sdf
58,-3.9959999999999996,-0.6659999999999999,19,,./report/pdb_by_site/site_all_19_58_1.sdf
58,-3.96,-0.66,12,,./report/pdb_by_site/site_all_12_58_1.sdf
58,-3.9539999999999997,-0.6589999999999999,15,,./report/pdb_by_site/site_all_15_58_1.sdf
58,-3.8400000000000003,-0.64,2,,./report/pdb_by_site/site_all_2_58_2.sdf
58,-3.84,-0.64,2,,./report/pdb_by_site/site_all_2_58_3.sdf
58,-3.785,-0.6308333333333334,12,,./report/pdb_by_site/site_all_12_58_2.sdf
58,-3.75,-0.625,20,,./report/pdb_by_site/site_all_20_58_1.sdf
58,-3.73,-0.6216666666666667,22,,./report/pdb_by_site/site_all_22_58_1.sdf
58,-3.7,-0.6166666666666667,27,,./report/pdb_by_site/site_all_27_58_1.sdf
58,-3.6100000000000008,-0.6016666666666668,22,,./report/pdb_by_site/site_all_22_58_2.sdf
58,-3.5799999999999996,-0.5966666666666666,5,,./report/pdb_by_site/site_all_5_58_3.sdf
58,-3.46,-0.5766666666666667,25,,./report/pdb_by_site/site_all_25_58_1.sdf
58,-3.39,-0.5650000000000001,57,,./report/pdb_by_site/site_all_57_58_1.sdf
58,-3.38,-0.5633333333333334,3,,./report/pdb_by_site/site_all_3_58_3.sdf
58,-3.34,-0.5566666666666666,26,,./report/pdb_by_site/site_all_26_58_1.sdf
58,-3.3000000000000003,-0.55,30,,./report/pdb_by_site/site_all_30_58_1.sdf
58,-3.28,-0.5466666666666666,3,,./report/pdb_by_site/site_all_3_58_4.sdf
58,-3.26,-0.5433333333333333,34,,./report/pdb_by_site/site_all_34_58_1.sdf
58,-3.2000000000000006,-0.5333333333333334,3,,./report/pdb_by_site/site_all_3_58_5.sdf
58,-3.2,-0.5333333333333333,41,,./report/pdb_by_site/site_all_41_58_1.sdf
58,-3.1999999999999997,-0.5333333333333333,18,,./report/pdb_by_site/site_all_18_58_1.sdf
58,-3.0900000000000003,-0.515,10,,./report/pdb_by_site/site_all_10_58_3.sdf
58,-3.09,-0.515,53,,./report/pdb_by_site/site_all_53_58_1.sdf
58,-3.062,-0.5103333333333333,20,,./report/pdb_by_site/site_all_20_58_2.sdf
58,-3.06,-0.51,2,,./report/pdb_by_site/site_all_2_58_4.sdf
58,-3.0599999999999996,-0.5099999999999999,30,,./report/pdb_by_site/site_all_30_58_2.sdf
58,-3.031,-0.5051666666666667,27,,./report/pdb_by_site/site_all_27_58_2.sdf
58,-2.99,-0.49833333333333335,27,,./report/pdb_by_site/site_all_27_58_3.sdf
58,-2.99,-0.49833333333333335,44,,./report/pdb_by_site/site_all_44_58_1.sdf
58,-2.95,-0.4916666666666667,56,,./report/pdb_by_site/site_all_56_58_1.sdf
58,-2.92,-0.48666666666666664,30,,./report/pdb_by_site/site_all_30_58_3.sdf
58,-2.802,-0.467,75,,./report/pdb_by_site/site_all_75_58_1.sdf
58,-2.695,-0.44916666666666666,19,,./report/pdb_by_site/site_all_19_58_2.sdf
58,-2.69,-0.4483333333333333,58,,./report/pdb_by_site/site_all_58_58_1.sdf
58,-2.68,-0.4466666666666667,75,,./report/pdb_by_site/site_all_75_58_2.sdf
58,-2.65,-0.44166666666666665,80,,./report/pdb_by_site/site_all_80_58_1.sdf
58,-2.65,-0.44166666666666665,24,,./report/pdb_by_site/site_all_24_58_2.sdf
58,-2.641,-0.44016666666666665,24,,./report/pdb_by_site/site_all_24_58_3.sdf
58,-2.64,-0.44,10,,./report/pdb_by_site/site_all_10_58_4.sdf
58,-2.632,-0.4386666666666667,38,,./report/pdb_by_site/site_all_38_58_1.sdf
58,-2.62,-0.4366666666666667,81,,./report/pdb_by_site/site_all_81_58_1.sdf
58,-2.62,-0.4366666666666667,3,,./report/pdb_by_site/site_all_3_58_6.sdf
58,-2.6,-0.43333333333333335,79,,./report/pdb_by_site/site_all_79_58_1.sdf
58,-2.5900000000000003,-0.4316666666666667,56,,./report/pdb_by_site/site_all_56_58_2.sdf
58,-2.59,-0.43166666666666664,77,,./report/pdb_by_site/site_all_77_58_1.sdf
58,-2.57,-0.4283333333333333,36,,./report/pdb_by_site/site_all_36_58_1.sdf
58,-2.56,-0.4266666666666667,85,,./report/pdb_by_site/site_all_85_58_1.sdf
58,-2.5599999999999996,-0.4266666666666666,70,,./report/pdb_by_site/site_all_70_58_1.sdf
58,-2.54,-0.42333333333333334,36,,./report/pdb_by_site/site_all_36_58_2.sdf
58,-2.5200000000000005,-0.4200000000000001,10,,./report/pdb_by_site/site_all_10_58_5.sdf
58,-2.52,-0.42,25,,./report/pdb_by_site/site_all_25_58_2.sdf
58,-2.51,-0.4183333333333333,54,,./report/pdb_by_site/site_all_54_58_1.sdf
58,-2.5,-0.4166666666666667,41,,./report/pdb_by_site/site_all_41_58_2.sdf
58,-2.4699999999999998,-0.4116666666666666,24,,./report/pdb_by_site/site_all_24_58_4.sdf
58,-2.4400000000000004,-0.40666666666666673,57,,./report/pdb_by_site/site_all_57_58_2.sdf
58,-2.44,-0.4066666666666667,58,,./report/pdb_by_site/site_all_58_58_2.sdf
58,-2.44,-0.4066666666666667,80,,./report/pdb_by_site/site_all_80_58_2.sdf
58,-2.4170000000000003,-0.4028333333333334,10,,./report/pdb_by_site/site_all_10_58_6.sdf
58,-2.407,-0.40116666666666667,74,,./report/pdb_by_site/site_all_74_58_1.sdf
58,-2.39,-0.3983333333333334,81,,./report/pdb_by_site/site_all_81_58_2.sdf
58,-2.39,-0.3983333333333334,75,,./report/pdb_by_site/site_all_75_58_3.sdf
58,-2.3899999999999997,-0.39833333333333326,41,,./report/pdb_by_site/site_all_41_58_3.sdf
58,-2.385,-0.39749999999999996,94,,./report/pdb_by_site/site_all_94_58_1.sdf
58,-2.37,-0.395,17,,./report/pdb_by_site/site_all_17_58_2.sdf
58,-2.3550000000000004,-0.39250000000000007,61,,./report/pdb_by_site/site_all_61_58_1.sdf
58,-2.34,-0.38999999999999996,111,,./report/pdb_by_site/site_all_111_58_1.sdf
58,-2.3099999999999996,-0.38499999999999995,78,,./report/pdb_by_site/site_all_78_58_1.sdf
58,-2.24,-0.37333333333333335,11,,./report/pdb_by_site/site_all_11_58_2.sdf
58,-2.24,-0.37333333333333335,11,,./report/pdb_by_site/site_all_11_58_3.sdf
58,-2.22,-0.37000000000000005,57,,./report/pdb_by_site/site_all_57_58_3.sdf
58,-2.21,-0.36833333333333335,38,,./report/pdb_by_site/site_all_38_58_2.sdf
58,-2.17,-0.36166666666666664,85,,./report/pdb_by_site/site_all_85_58_2.sdf
58,-2.1599999999999997,-0.35999999999999993,25,,./report/pdb_by_site/site_all_25_58_3.sdf
58,-2.14,-0.3566666666666667,9,,./report/pdb_by_site/site_all_9_58_2.sdf
58,-2.1300000000000003,-0.35500000000000004,67,,./report/pdb_by_site/site_all_67_58_1.sdf
58,-2.1147,-0.35245,27,,./report/pdb_by_site/site_all_27_58_4.sdf
58,-2.1,-0.35000000000000003,94,,./report/pdb_by_site/site_all_94_58_2.sdf
58,-2.09,-0.34833333333333333,80,,./report/pdb_by_site/site_all_80_58_3.sdf
58,-2.08,-0.3466666666666667,108,,./report/pdb_by_site/site_all_108_58_1.sdf
58,-2.051,-0.3418333333333334,102,,./report/pdb_by_site/site_all_102_58_1.sdf
58,-2.05,-0.3416666666666666,70,,./report/pdb_by_site/site_all_70_58_2.sdf
58,-2.05,-0.3416666666666666,36,,./report/pdb_by_site/site_all_36_58_3.sdf
58,-2.0200000000000005,-0.3366666666666667,75,,./report/pdb_by_site/site_all_75_58_4.sdf
58,-2.02,-0.33666666666666667,113,,./report/pdb_by_site/site_all_113_58_1.sdf
58,-2.01,-0.33499999999999996,31,,./report/pdb_by_site/site_all_31_58_1.sdf
58,-2.003,-0.33383333333333337,67,,./report/pdb_by_site/site_all_67_58_2.sdf
59_1,-4.9399999999999995,-0.8233333333333333,3,,./report/pdb_by_site/site_all_3_59_1_1.sdf
59_1,-4.21,-0.7016666666666667,2,,./report/pdb_by_site/site_all_2_59_1_1.sdf
59_1,-4.18,-0.6966666666666667,9,,./report/pdb_by_site/site_all_9_59_1_1.sdf
59_1,-4.119999999999999,-0.6866666666666665,10,,./report/pdb_by_site/site_all_10_59_1_1.sdf
59_1,-4.08,-0.68,2,,./report/pdb_by_site/site_all_2_59_1_2.sdf
59_1,-3.7800000000000002,-0.63,4,,./report/pdb_by_site/site_all_4_59_1_1.sdf
59_1,-3.75,-0.625,24,,./report/pdb_by_site/site_all_24_59_1_1.sdf
59_1,-3.73,-0.6216666666666667,27,,./report/pdb_by_site/site_all_27_59_1_1.sdf
59_1,-3.64,-0.6066666666666667,10,,./report/pdb_by_site/site_all_10_59_1_2.sdf
59_1,-3.62,-0.6033333333333334,10,,./report/pdb_by_site/site_all_10_59_1_3.sdf
59_1,-3.6100000000000003,-0.6016666666666667,10,,./report/pdb_by_site/site_all_10_59_1_4.sdf
59_1,-3.5700000000000003,-0.5950000000000001,11,,./report/pdb_by_site/site_all_11_59_1_1.sdf
59_1,-3.33,-0.555,12,,./report/pdb_by_site/site_all_12_59_1_1.sdf
59_1,-3.287,-0.5478333333333333,61,,./report/pdb_by_site/site_all_61_59_1_1.sdf
59_1,-3.28,-0.5466666666666666,2,,./report/pdb_by_site/site_all_2_59_1_3.sdf
59_1,-3.27,-0.545,25,,./report/pdb_by_site/site_all_25_59_1_1.sdf
59_1,-3.16,-0.5266666666666667,3,,./report/pdb_by_site/site_all_3_59_1_2.sdf
59_1,-3.1,-0.5166666666666667,5,,./report/pdb_by_site/site_all_5_59_1_1.sdf
59_1,-3.04,-0.5066666666666667,26,,./report/pdb_by_site/site_all_26_59_1_1.sdf
59_1,-3.04,-0.5066666666666667,15,,./report/pdb_by_site/site_all_15_59_1_1.sdf
59_1,-3.0,-0.5,17,,./report/pdb_by_site/site_all_17_59_1_1.sdf
59_1,-3.0,-0.5,12,,./report/pdb_by_site/site_all_12_59_1_2.sdf
59_1,-2.99,-0.49833333333333335,19,,./report/pdb_by_site/site_all_19_59_1_1.sdf
59_1,-2.95933,-0.49322166666666667,20,,./report/pdb_by_site/site_all_20_59_1_1.sdf
59_1,-2.9400000000000004,-0.49000000000000005,41,,./report/pdb_by_site/site_all_41_59_1_1.sdf
59_1,-2.94,-0.49,3,,./report/pdb_by_site/site_all_3_59_1_3.sdf
59_1,-2.85,-0.47500000000000003,5,,./report/pdb_by_site/site_all_5_59_1_2.sdf
59_1,-2.8,-0.4666666666666666,22,,./report/pdb_by_site/site_all_22_59_1_1.sdf
59_1,-2.7800000000000002,-0.4633333333333334,22,,./report/pdb_by_site/site_all_22_59_1_2.sdf
59_1,-2.77,-0.46166666666666667,85,,./report/pdb_by_site/site_all_85_59_1_1.sdf
59_1,-2.74,-0.4566666666666667,5,,./report/pdb_by_site/site_all_5_59_1_3.sdf
59_1,-2.71,-0.45166666666666666,18,,./report/pdb_by_site/site_all_18_59_1_1.sdf
59_1,-2.6399999999999997,-0.43999999999999995,21,,./report/pdb_by_site/site_all_21_59_1_1.sdf
59_1,-2.63,-0.4383333333333333,57,,./report/pdb_by_site/site_all_57_59_1_1.sdf
59_1,-2.62,-0.4366666666666667,56,,./report/pdb_by_site/site_all_56_59_1_1.sdf
59_1,-2.509,-0.41816666666666663,61,,./report/pdb_by_site/site_all_61_59_1_2.sdf
59_1,-2.4800000000000004,-0.4133333333333334,58,,./report/pdb_by_site/site_all_58_59_1_1.sdf
59_1,-2.43,-0.405,20,,./report/pdb_by_site/site_all_20_59_1_2.sdf
59_1,-2.43,-0.405,27,,./report/pdb_by_site/site_all_27_59_1_2.sdf
59_1,-2.4299999999999997,-0.40499999999999997,30,,./report/pdb_by_site/site_all_30_59_1_1.sdf
59_1,-2.37,-0.395,3,,./report/pdb_by_site/site_all_3_59_1_4.sdf
59_1,-2.34,-0.38999999999999996,53,,./report/pdb_by_site/site_all_53_59_1_1.sdf
59_1,-2.23,-0.37166666666666665,10,,./report/pdb_by_site/site_all_10_59_1_5.sdf
59_1,-2.17,-0.36166666666666664,34,,./report/pdb_by_site/site_all_34_59_1_1.sdf
59_1,-2.15,-0.35833333333333334,44,,./report/pdb_by_site/site_all_44_59_1_1.sdf
59_1,-2.14,-0.3566666666666667,38,,./report/pdb_by_site/site_all_38_59_1_1.sdf
59_1,-2.11,-0.3516666666666666,101,,./report/pdb_by_site/site_all_101_59_1_1.sdf
59_1,-2.1,-0.35000000000000003,30,,./report/pdb_by_site/site_all_30_59_1_2.sdf
59_1,-2.085,-0.3475,27,,./report/pdb_by_site/site_all_27_59_1_3.sdf
59_1,-2.08,-0.3466666666666667,36,,./report/pdb_by_site/site_all_36_59_1_1.sdf
59_1,-2.05,-0.3416666666666666,57,,./report/pdb_by_site/site_all_57_59_1_2.sdf
59_1,-2.04,-0.34,30,,./report/pdb_by_site/site_all_30_59_1_3.sdf
59_1,-2.04,-0.34,9,,./report/pdb_by_site/site_all_9_59_1_2.sdf
59_1,-2.035,-0.33916666666666667,67,,./report/pdb_by_site/site_all_67_59_1_1.sdf
59_1,-2.03,-0.3383333333333333,41,,./report/pdb_by_site/site_all_41_59_1_2.sdf
59_2,-4.29,-0.715,3,,./report/pdb_by_site/site_all_3_59_2_1.sdf
59_2,-4.08,-0.68,67,,./report/pdb_by_site/site_all_67_59_2_1.sdf
59_2,-3.66,-0.61,67,,./report/pdb_by_site/site_all_67_59_2_2.sdf
59_2,-3.2800000000000002,-0.5466666666666667,34,,./report/pdb_by_site/site_all_34_59_2_1.sdf
59_2,-3.04,-0.5066666666666667,35,,./report/pdb_by_site/site_all_35_59_2_1.sdf
59_2,-2.8499999999999996,-0.4749999999999999,2,,./report/pdb_by_site/site_all_2_59_2_1.sdf
59_2,-2.6,-0.43333333333333335,59,,./report/pdb_by_site/site_all_59_59_2_1.sdf
59_2,-2.59,-0.43166666666666664,17,,./report/pdb_by_site/site_all_17_59_2_1.sdf
59_2,-2.52,-0.42,37,,./report/pdb_by_site/site_all_37_59_2_1.sdf
59_2,-2.42,-0.4033333333333333,3,,./report/pdb_by_site/site_all_3_59_2_2.sdf
59_2,-2.41,-0.40166666666666667,87,,./report/pdb_by_site/site_all_87_59_2_1.sdf
59_2,-2.41,-0.40166666666666667,19,,./report/pdb_by_site/site_all_19_59_2_1.sdf
59_2,-2.407,-0.40116666666666667,75,,./report/pdb_by_site/site_all_75_59_2_1.sdf
59_2,-2.335,-0.38916666666666666,87,,./report/pdb_by_site/site_all_87_59_2_2.sdf
59_2,-2.3200000000000003,-0.3866666666666667,11,,./report/pdb_by_site/site_all_11_59_2_1.sdf
59_2,-2.31,-0.385,43,,./report/pdb_by_site/site_all_43_59_2_1.sdf
59_2,-2.2600000000000002,-0.3766666666666667,87,,./report/pdb_by_site/site_all_87_59_2_3.sdf
59_2,-2.199,-0.3665,34,,./report/pdb_by_site/site_all_34_59_2_2.sdf
59_2,-2.14,-0.3566666666666667,87,,./report/pdb_by_site/site_all_87_59_2_4.sdf
59_2,-2.0700000000000003,-0.34500000000000003,116,,./report/pdb_by_site/site_all_116_59_2_1.sdf
59_2,-2.0627,-0.34378333333333333,86,,./report/pdb_by_site/site_all_86_59_2_1.sdf
59_2,-2.04,-0.34,88,,./report/pdb_by_site/site_all_88_59_2_1.sdf
59_2,-2.04,-0.34,61,,./report/pdb_by_site/site_all_61_59_2_1.sdf
59_2,-2.0020000000000002,-0.3336666666666667,75,,./report/pdb_by_site/site_all_75_59_2_2.sdf
60_1,-4.24,-0.6057142857142858,3,,./report/pdb_by_site/site_all_3_60_1_1.sdf
60_1,-4.21,-0.6014285714285714,3,,./report/pdb_by_site/site_all_3_60_1_2.sdf
60_1,-3.9180000000000006,-0.5597142857142858,2,,./report/pdb_by_site/site_all_2_60_1_1.sdf
60_1,-3.8520000000000003,-0.5502857142857144,2,,./report/pdb_by_site/site_all_2_60_1_2.sdf
60_1,-3.6499999999999995,-0.5214285714285714,3,,./report/pdb_by_site/site_all_3_60_1_3.sdf
60_1,-3.58,-0.5114285714285715,9,,./report/pdb_by_site/site_all_9_60_1_1.sdf
60_1,-3.43,-0.49000000000000005,10,,./report/pdb_by_site/site_all_10_60_1_1.sdf
60_1,-3.2700000000000005,-0.4671428571428572,11,,./report/pdb_by_site/site_all_11_60_1_1.sdf
60_1,-3.239,-0.4627142857142857,5,,./report/pdb_by_site/site_all_5_60_1_1.sdf
60_1,-3.23,-0.4614285714285714,5,,./report/pdb_by_site/site_all_5_60_1_2.sdf
60_1,-3.13,-0.4471428571428571,24,,./report/pdb_by_site/site_all_24_60_1_1.sdf
60_1,-3.0200000000000005,-0.4314285714285715,20,,./report/pdb_by_site/site_all_20_60_1_1.sdf
60_1,-2.99,-0.42714285714285716,5,,./report/pdb_by_site/site_all_5_60_1_3.sdf
60_1,-2.9,-0.41428571428571426,25,,./report/pdb_by_site/site_all_25_60_1_1.sdf
60_1,-2.86,-0.40857142857142853,10,,./report/pdb_by_site/site_all_10_60_1_2.sdf
60_1,-2.8500000000000005,-0.4071428571428572,17,,./report/pdb_by_site/site_all_17_60_1_1.sdf
60_1,-2.8400000000000003,-0.40571428571428575,21,,./report/pdb_by_site/site_all_21_60_1_1.sdf
60_1,-2.7779999999999996,-0.3968571428571428,22,,./report/pdb_by_site/site_all_22_60_1_1.sdf
60_1,-2.732,-0.3902857142857143,10,,./report/pdb_by_site/site_all_10_60_1_3.sdf
60_1,-2.7199999999999998,-0.3885714285714285,41,,./report/pdb_by_site/site_all_41_60_1_1.sdf
60_1,-2.6800000000000006,-0.38285714285714295,56,,./report/pdb_by_site/site_all_56_60_1_1.sdf
60_1,-2.66,-0.38,10,,./report/pdb_by_site/site_all_10_60_1_4.sdf
60_1,-2.65,-0.37857142857142856,24,,./report/pdb_by_site/site_all_24_60_1_2.sdf
60_1,-2.6460000000000004,-0.37800000000000006,2,,./report/pdb_by_site/site_all_2_60_1_3.sdf
60_1,-2.62,-0.3742857142857143,27,,./report/pdb_by_site/site_all_27_60_1_1.sdf
60_1,-2.5960000000000005,-0.37085714285714294,12,,./report/pdb_by_site/site_all_12_60_1_1.sdf
60_1,-2.577,-0.36814285714285716,15,,./report/pdb_by_site/site_all_15_60_1_1.sdf
60_1,-2.559,-0.3655714285714286,3,,./report/pdb_by_site/site_all_3_60_1_4.sdf
60_1,-2.49,-0.35571428571428576,20,,./report/pdb_by_site/site_all_20_60_1_2.sdf
60_1,-2.48,-0.35428571428571426,3,,./report/pdb_by_site/site_all_3_60_1_5.sdf
60_1,-2.461,-0.35157142857142853,19,,./report/pdb_by_site/site_all_19_60_1_1.sdf
60_1,-2.4490000000000003,-0.3498571428571429,17,,./report/pdb_by_site/site_all_17_60_1_2.sdf
60_1,-2.418,-0.3454285714285715,30,,./report/pdb_by_site/site_all_30_60_1_1.sdf
60_1,-2.4,-0.34285714285714286,30,,./report/pdb_by_site/site_all_30_60_1_2.sdf
60_1,-2.4,-0.34285714285714286,57,,./report/pdb_by_site/site_all_57_60_1_1.sdf
60_1,-2.3870000000000005,-0.3410000000000001,26,,./report/pdb_by_site/site_all_26_60_1_1.sdf
60_1,-2.375,-0.3392857142857143,24,,./report/pdb_by_site/site_all_24_60_1_3.sdf
60_1,-2.3120000000000003,-0.33028571428571435,18,,./report/pdb_by_site/site_all_18_60_1_1.sdf
60_1,-2.298000000000001,-0.3282857142857144,44,,./report/pdb_by_site/site_all_44_60_1_1.sdf
60_1,-2.2600000000000002,-0.3228571428571429,58,,./report/pdb_by_site/site_all_58_60_1_1.sdf
60_1,-2.25,-0.32142857142857145,57,,./report/pdb_by_site/site_all_57_60_1_2.sdf
60_1,-2.2009999999999996,-0.3144285714285714,80,,./report/pdb_by_site/site_all_80_60_1_1.sdf
60_1,-2.1900000000000004,-0.3128571428571429,36,,./report/pdb_by_site/site_all_36_60_1_1.sdf
60_1,-2.144,-0.30628571428571433,27,,./report/pdb_by_site/site_all_27_60_1_2.sdf
60_1,-2.1359999999999997,-0.3051428571428571,24,,./report/pdb_by_site/site_all_24_60_1_4.sdf
60_1,-2.028,-0.2897142857142857,36,,./report/pdb_by_site/site_all_36_60_1_2.sdf
60_2,-4.09,-0.5842857142857143,5,,./report/pdb_by_site/site_all_5_60_2_1.sdf
60_2,-3.842,-0.5488571428571428,36,,./report/pdb_by_site/site_all_36_60_2_1.sdf
60_2,-3.7929999999999997,-0.5418571428571428,4,,./report/pdb_by_site/site_all_4_60_2_1.sdf
60_2,-3.616,-0.5165714285714286,12,,./report/pdb_by_site/site_all_12_60_2_1.sdf
60_2,-3.5199999999999996,-0.5028571428571428,2,,./report/pdb_by_site/site_all_2_60_2_1.sdf
60_2,-3.4960000000000004,-0.4994285714285715,22,,./report/pdb_by_site/site_all_22_60_2_1.sdf
60_2,-3.496,-0.49942857142857144,14,,./report/pdb_by_site/site_all_14_60_2_1.sdf
60_2,-3.4640000000000004,-0.49485714285714294,31,,./report/pdb_by_site/site_all_31_60_2_1.sdf
60_2,-3.4505,-0.49292857142857144,39,,./report/pdb_by_site/site_all_39_60_2_1.sdf
60_2,-3.346,-0.47800000000000004,21,,./report/pdb_by_site/site_all_21_60_2_1.sdf
60_2,-3.2800000000000002,-0.4685714285714286,3,,./report/pdb_by_site/site_all_3_60_2_1.sdf
60_2,-3.2151,-0.4593,38,,./report/pdb_by_site/site_all_38_60_2_1.sdf
60_2,-3.2089999999999996,-0.45842857142857135,15,,./report/pdb_by_site/site_all_15_60_2_1.sdf
60_2,-3.061,-0.4372857142857143,22,,./report/pdb_by_site/site_all_22_60_2_2.sdf
60_2,-3.0,-0.42857142857142855,17,,./report/pdb_by_site/site_all_17_60_2_1.sdf
60_2,-2.9659999999999997,-0.42371428571428565,9,,./report/pdb_by_site/site_all_9_60_2_1.sdf
60_2,-2.9090000000000003,-0.4155714285714286,4,,./report/pdb_by_site/site_all_4_60_2_2.sdf
60_2,-2.8,-0.39999999999999997,39,,./report/pdb_by_site/site_all_39_60_2_2.sdf
60_2,-2.751,-0.39299999999999996,25,,./report/pdb_by_site/site_all_25_60_2_1.sdf
60_2,-2.7500000000000004,-0.3928571428571429,40,,./report/pdb_by_site/site_all_40_60_2_1.sdf
60_2,-2.73,-0.39,5,,./report/pdb_by_site/site_all_5_60_2_2.sdf
60_2,-2.7153000000000005,-0.3879000000000001,48,,./report/pdb_by_site/site_all_48_60_2_1.sdf
60_2,-2.6648,-0.3806857142857143,65,,./report/pdb_by_site/site_all_65_60_2_1.sdf
60_2,-2.6449999999999996,-0.3778571428571428,9,,./report/pdb_by_site/site_all_9_60_2_2.sdf
60_2,-2.6289999999999996,-0.3755714285714285,18,,./report/pdb_by_site/site_all_18_60_2_1.sdf
60_2,-2.6109999999999998,-0.37299999999999994,44,,./report/pdb_by_site/site_all_44_60_2_1.sdf
60_2,-2.6,-0.37142857142857144,10,,./report/pdb_by_site/site_all_10_60_2_1.sdf
60_2,-2.6,-0.37142857142857144,88,,./report/pdb_by_site/site_all_88_60_2_1.sdf
60_2,-2.5900000000000003,-0.37000000000000005,11,,./report/pdb_by_site/site_all_11_60_2_1.sdf
60_2,-2.5900000000000003,-0.37000000000000005,77,,./report/pdb_by_site/site_all_77_60_2_1.sdf
60_2,-2.5629,-0.3661285714285714,26,,./report/pdb_by_site/site_all_26_60_2_1.sdf
60_2,-2.5109999999999997,-0.35871428571428565,34,,./report/pdb_by_site/site_all_34_60_2_1.sdf
60_2,-2.4629999999999996,-0.3518571428571428,60,,./report/pdb_by_site/site_all_60_60_2_1.sdf
60_2,-2.404,-0.3434285714285714,76,,./report/pdb_by_site/site_all_76_60_2_1.sdf
60_2,-2.3681,-0.3383,81,,./report/pdb_by_site/site_all_81_60_2_1.sdf
60_2,-2.3118,-0.33025714285714286,39,,./report/pdb_by_site/site_all_39_60_2_3.sdf
60_2,-2.3099999999999996,-0.32999999999999996,58,,./report/pdb_by_site/site_all_58_60_2_1.sdf
60_2,-2.3050000000000006,-0.32928571428571435,24,,./report/pdb_by_site/site_all_24_60_2_1.sdf
60_2,-2.305,-0.3292857142857143,48,,./report/pdb_by_site/site_all_48_60_2_2.sdf
60_2,-2.301,-0.32871428571428574,21,,./report/pdb_by_site/site_all_21_60_2_2.sdf
60_2,-2.289,-0.327,100,,./report/pdb_by_site/site_all_100_60_2_1.sdf
60_2,-2.2609999999999997,-0.32299999999999995,31,,./report/pdb_by_site/site_all_31_60_2_2.sdf
60_2,-2.2600000000000002,-0.3228571428571429,29,,./report/pdb_by_site/site_all_29_60_2_1.sdf
60_2,-2.2594999999999996,-0.32278571428571423,78,,./report/pdb_by_site/site_all_78_60_2_1.sdf
60_2,-2.2520000000000002,-0.32171428571428573,35,,./report/pdb_by_site/site_all_35_60_2_1.sdf
60_2,-2.2199999999999998,-0.3171428571428571,30,,./report/pdb_by_site/site_all_30_60_2_1.sdf
60_2,-2.214,-0.3162857142857143,36,,./report/pdb_by_site/site_all_36_60_2_2.sdf
60_2,-2.166,-0.30942857142857144,53,,./report/pdb_by_site/site_all_53_60_2_1.sdf
60_2,-2.16,-0.3085714285714286,19,,./report/pdb_by_site/site_all_19_60_2_1.sdf
60_2,-2.152,-0.30742857142857144,118,,./report/pdb_by_site/site_all_118_60_2_1.sdf
60_2,-2.1439999999999997,-0.3062857142857142,38,,./report/pdb_by_site/site_all_38_60_2_2.sdf
60_2,-2.13,-0.30428571428571427,36,,./report/pdb_by_site/site_all_36_60_2_3.sdf
60_2,-2.12,-0.3028571428571429,53,,./report/pdb_by_site/site_all_53_60_2_2.sdf
60_2,-2.106,-0.3008571428571428,9,,./report/pdb_by_site/site_all_9_60_2_3.sdf
60_2,-2.104,-0.3005714285714286,12,,./report/pdb_by_site/site_all_12_60_2_2.sdf
60_2,-2.03,-0.29,21,,./report/pdb_by_site/site_all_21_60_2_3.sdf
60_2,-2.027,-0.2895714285714286,13,,./report/pdb_by_site/site_all_13_60_2_1.sdf
60_2,-2.0200000000000005,-0.28857142857142865,74,,./report/pdb_by_site/site_all_74_60_2_1.sdf
60_2,-2.0039999999999996,-0.2862857142857142,18,,./report/pdb_by_site/site_all_18_60_2_2.sdf
61_1,-4.47,-0.745,3,,./report/pdb_by_site/site_all_3_61_1_1.sdf
61_1,-4.15,-0.6916666666666668,11,,./report/pdb_by_site/site_all_11_61_1_1.sdf
61_1,-4.11,-0.685,9,,./report/pdb_by_site/site_all_9_61_1_1.sdf
61_1,-4.08,-0.68,17,,./report/pdb_by_site/site_all_17_61_1_1.sdf
61_1,-3.6799999999999997,-0.6133333333333333,22,,./report/pdb_by_site/site_all_22_61_1_1.sdf
61_1,-3.6400000000000006,-0.6066666666666668,2,,./report/pdb_by_site/site_all_2_61_1_1.sdf
61_1,-3.5799999999999996,-0.5966666666666666,30,,./report/pdb_by_site/site_all_30_61_1_1.sdf
61_1,-3.56,-0.5933333333333334,5,,./report/pdb_by_site/site_all_5_61_1_1.sdf
61_1,-3.54,-0.59,2,,./report/pdb_by_site/site_all_2_61_1_2.sdf
61_1,-3.52,-0.5866666666666667,18,,./report/pdb_by_site/site_all_18_61_1_1.sdf
61_1,-3.41,-0.5683333333333334,5,,./report/pdb_by_site/site_all_5_61_1_2.sdf
61_1,-3.39,-0.5650000000000001,25,,./report/pdb_by_site/site_all_25_61_1_1.sdf
61_1,-3.32,-0.5533333333333333,10,,./report/pdb_by_site/site_all_10_61_1_1.sdf
61_1,-3.2699999999999996,-0.5449999999999999,2,,./report/pdb_by_site/site_all_2_61_1_3.sdf
61_1,-3.23,-0.5383333333333333,21,,./report/pdb_by_site/site_all_21_61_1_1.sdf
61_1,-3.21,-0.535,12,,./report/pdb_by_site/site_all_12_61_1_1.sdf
61_1,-3.11,-0.5183333333333333,10,,./report/pdb_by_site/site_all_10_61_1_2.sdf
61_1,-3.09,-0.515,41,,./report/pdb_by_site/site_all_41_61_1_1.sdf
61_1,-3.09,-0.515,24,,./report/pdb_by_site/site_all_24_61_1_1.sdf
61_1,-3.01,-0.5016666666666666,3,,./report/pdb_by_site/site_all_3_61_1_2.sdf
61_1,-2.96,-0.49333333333333335,41,,./report/pdb_by_site/site_all_41_61_1_2.sdf
61_1,-2.91,-0.48500000000000004,10,,./report/pdb_by_site/site_all_10_61_1_3.sdf
61_1,-2.8899999999999997,-0.48166666666666663,56,,./report/pdb_by_site/site_all_56_61_1_1.sdf
61_1,-2.8800000000000003,-0.48000000000000004,57,,./report/pdb_by_site/site_all_57_61_1_1.sdf
61_1,-2.7099999999999995,-0.4516666666666666,36,,./report/pdb_by_site/site_all_36_61_1_1.sdf
61_1,-2.6599999999999997,-0.4433333333333333,58,,./report/pdb_by_site/site_all_58_61_1_1.sdf
61_1,-2.65,-0.44166666666666665,19,,./report/pdb_by_site/site_all_19_61_1_1.sdf
61_1,-2.64,-0.44,20,,./report/pdb_by_site/site_all_20_61_1_1.sdf
61_1,-2.64,-0.44,10,,./report/pdb_by_site/site_all_10_61_1_4.sdf
61_1,-2.61,-0.435,44,,./report/pdb_by_site/site_all_44_61_1_1.sdf
61_1,-2.58,-0.43,80,,./report/pdb_by_site/site_all_80_61_1_1.sdf
61_1,-2.58,-0.43,49,,./report/pdb_by_site/site_all_49_61_1_1.sdf
61_1,-2.57,-0.4283333333333333,27,,./report/pdb_by_site/site_all_27_61_1_1.sdf
61_1,-2.56,-0.4266666666666667,77,,./report/pdb_by_site/site_all_77_61_1_1.sdf
61_1,-2.55,-0.425,5,,./report/pdb_by_site/site_all_5_61_1_3.sdf
61_1,-2.5,-0.4166666666666667,26,,./report/pdb_by_site/site_all_26_61_1_1.sdf
61_1,-2.49,-0.41500000000000004,21,,./report/pdb_by_site/site_all_21_61_1_2.sdf
61_1,-2.4899999999999998,-0.415,27,,./report/pdb_by_site/site_all_27_61_1_2.sdf
61_1,-2.45,-0.4083333333333334,30,,./report/pdb_by_site/site_all_30_61_1_2.sdf
61_1,-2.43,-0.405,5,,./report/pdb_by_site/site_all_5_61_1_4.sdf
61_1,-2.43,-0.405,67,,./report/pdb_by_site/site_all_67_61_1_1.sdf
61_1,-2.41,-0.40166666666666667,79,,./report/pdb_by_site/site_all_79_61_1_1.sdf
61_1,-2.39,-0.3983333333333334,24,,./report/pdb_by_site/site_all_24_61_1_2.sdf
61_1,-2.39,-0.3983333333333334,36,,./report/pdb_by_site/site_all_36_61_1_2.sdf
61_1,-2.3499999999999996,-0.3916666666666666,10,,./report/pdb_by_site/site_all_10_61_1_5.sdf
61_1,-2.3200000000000003,-0.3866666666666667,60,,./report/pdb_by_site/site_all_60_61_1_1.sdf
61_1,-2.3200000000000003,-0.3866666666666667,75,,./report/pdb_by_site/site_all_75_61_1_1.sdf
61_1,-2.31,-0.385,80,,./report/pdb_by_site/site_all_80_61_1_2.sdf
61_1,-2.293,-0.3821666666666667,56,,./report/pdb_by_site/site_all_56_61_1_2.sdf
61_1,-2.2199999999999998,-0.36999999999999994,56,,./report/pdb_by_site/site_all_56_61_1_3.sdf
61_1,-2.201,-0.36683333333333334,15,,./report/pdb_by_site/site_all_15_61_1_1.sdf
61_1,-2.19,-0.365,121,,./report/pdb_by_site/site_all_121_61_1_1.sdf
61_1,-2.1799999999999997,-0.3633333333333333,96,,./report/pdb_by_site/site_all_96_61_1_1.sdf
61_1,-2.16,-0.36000000000000004,19,,./report/pdb_by_site/site_all_19_61_1_2.sdf
61_1,-2.152,-0.3586666666666667,9,,./report/pdb_by_site/site_all_9_61_1_2.sdf
61_1,-2.15,-0.35833333333333334,11,,./report/pdb_by_site/site_all_11_61_1_2.sdf
61_1,-2.139,-0.3565,17,,./report/pdb_by_site/site_all_17_61_1_2.sdf
61_1,-2.1300000000000003,-0.35500000000000004,67,,./report/pdb_by_site/site_all_67_61_1_2.sdf
61_1,-2.13,-0.355,10,,./report/pdb_by_site/site_all_10_61_1_6.sdf
61_1,-2.127,-0.3545,36,,./report/pdb_by_site/site_all_36_61_1_3.sdf
61_1,-2.1100000000000003,-0.35166666666666674,57,,./report/pdb_by_site/site_all_57_61_1_2.sdf
61_1,-2.0700000000000003,-0.34500000000000003,108,,./report/pdb_by_site/site_all_108_61_1_1.sdf
61_1,-2.06,-0.3433333333333333,10,,./report/pdb_by_site/site_all_10_61_1_7.sdf
61_1,-2.06,-0.3433333333333333,85,,./report/pdb_by_site/site_all_85_61_1_1.sdf
61_1,-2.02,-0.33666666666666667,69,,./report/pdb_by_site/site_all_69_61_1_1.sdf
61_1,-2.0197,-0.3366166666666666,9,,./report/pdb_by_site/site_all_9_61_1_3.sdf
61_1,-2.01,-0.33499999999999996,81,,./report/pdb_by_site/site_all_81_61_1_1.sdf
61_1,-2.01,-0.33499999999999996,10,,./report/pdb_by_site/site_all_10_61_1_8.sdf
61_2,-4.85,-0.8083333333333332,5,,./report/pdb_by_site/site_all_5_61_2_1.sdf
61_2,-4.48,-0.7466666666666667,5,,./report/pdb_by_site/site_all_5_61_2_2.sdf
61_2,-4.41,-0.735,22,,./report/pdb_by_site/site_all_22_61_2_1.sdf
61_2,-4.340000000000001,-0.7233333333333335,36,,./report/pdb_by_site/site_all_36_61_2_1.sdf
61_2,-4.32,-0.7200000000000001,17,,./report/pdb_by_site/site_all_17_61_2_1.sdf
61_2,-4.29,-0.715,14,,./report/pdb_by_site/site_all_14_61_2_1.sdf
61_2,-4.28,-0.7133333333333334,2,,./report/pdb_by_site/site_all_2_61_2_1.sdf
61_2,-4.119999999999999,-0.6866666666666665,12,,./report/pdb_by_site/site_all_12_61_2_1.sdf
61_2,-4.05,-0.6749999999999999,22,,./report/pdb_by_site/site_all_22_61_2_2.sdf
61_2,-4.04,-0.6733333333333333,21,,./report/pdb_by_site/site_all_21_61_2_1.sdf
61_2,-3.8400000000000003,-0.64,11,,./report/pdb_by_site/site_all_11_61_2_1.sdf
61_2,-3.8099999999999996,-0.6349999999999999,3,,./report/pdb_by_site/site_all_3_61_2_1.sdf
61_2,-3.67,-0.6116666666666667,31,,./report/pdb_by_site/site_all_31_61_2_1.sdf
61_2,-3.5210000000000004,-0.5868333333333334,38,,./report/pdb_by_site/site_all_38_61_2_1.sdf
61_2,-3.2929999999999993,-0.5488333333333332,36,,./report/pdb_by_site/site_all_36_61_2_2.sdf
61_2,-3.24,-0.54,5,,./report/pdb_by_site/site_all_5_61_2_3.sdf
61_2,-3.2399999999999998,-0.5399999999999999,25,,./report/pdb_by_site/site_all_25_61_2_1.sdf
61_2,-3.22,-0.5366666666666667,12,,./report/pdb_by_site/site_all_12_61_2_2.sdf
61_2,-3.214,-0.5356666666666666,15,,./report/pdb_by_site/site_all_15_61_2_1.sdf
61_2,-3.1899999999999995,-0.5316666666666666,2,,./report/pdb_by_site/site_all_2_61_2_2.sdf
61_2,-3.17,-0.5283333333333333,3,,./report/pdb_by_site/site_all_3_61_2_2.sdf
61_2,-3.1599999999999997,-0.5266666666666666,5,,./report/pdb_by_site/site_all_5_61_2_4.sdf
61_2,-3.1,-0.5166666666666667,58,,./report/pdb_by_site/site_all_58_61_2_1.sdf
61_2,-3.06,-0.51,36,,./report/pdb_by_site/site_all_36_61_2_3.sdf
61_2,-3.045,-0.5075,9,,./report/pdb_by_site/site_all_9_61_2_1.sdf
61_2,-3.03,-0.505,49,,./report/pdb_by_site/site_all_49_61_2_1.sdf
61_2,-3.0,-0.5,75,,./report/pdb_by_site/site_all_75_61_2_1.sdf
61_2,-2.9899999999999998,-0.4983333333333333,44,,./report/pdb_by_site/site_all_44_61_2_1.sdf
61_2,-2.97,-0.49500000000000005,10,,./report/pdb_by_site/site_all_10_61_2_1.sdf
61_2,-2.9200000000000004,-0.48666666666666675,30,,./report/pdb_by_site/site_all_30_61_2_1.sdf
61_2,-2.9069999999999996,-0.48449999999999993,4,,./report/pdb_by_site/site_all_4_61_2_1.sdf
61_2,-2.89,-0.4816666666666667,24,,./report/pdb_by_site/site_all_24_61_2_1.sdf
61_2,-2.888,-0.48133333333333334,31,,./report/pdb_by_site/site_all_31_61_2_2.sdf
61_2,-2.8800000000000003,-0.48000000000000004,27,,./report/pdb_by_site/site_all_27_61_2_1.sdf
61_2,-2.8550000000000004,-0.4758333333333334,9,,./report/pdb_by_site/site_all_9_61_2_2.sdf
61_2,-2.8229999999999995,-0.4704999999999999,40,,./report/pdb_by_site/site_all_40_61_2_1.sdf
61_2,-2.812,-0.4686666666666666,19,,./report/pdb_by_site/site_all_19_61_2_1.sdf
61_2,-2.75,-0.4583333333333333,57,,./report/pdb_by_site/site_all_57_61_2_1.sdf
61_2,-2.74,-0.4566666666666667,10,,./report/pdb_by_site/site_all_10_61_2_2.sdf
61_2,-2.686,-0.44766666666666666,69,,./report/pdb_by_site/site_all_69_61_2_1.sdf
61_2,-2.6079999999999997,-0.4346666666666666,65,,./report/pdb_by_site/site_all_65_61_2_1.sdf
61_2,-2.5999999999999996,-0.4333333333333333,21,,./report/pdb_by_site/site_all_21_61_2_2.sdf
61_2,-2.58,-0.43,25,,./report/pdb_by_site/site_all_25_61_2_2.sdf
61_2,-2.569,-0.42816666666666664,9,,./report/pdb_by_site/site_all_9_61_2_3.sdf
61_2,-2.56,-0.4266666666666667,30,,./report/pdb_by_site/site_all_30_61_2_2.sdf
61_2,-2.5500000000000003,-0.42500000000000004,19,,./report/pdb_by_site/site_all_19_61_2_2.sdf
61_2,-2.5100000000000002,-0.4183333333333334,58,,./report/pdb_by_site/site_all_58_61_2_2.sdf
61_2,-2.501,-0.41683333333333333,26,,./report/pdb_by_site/site_all_26_61_2_1.sdf
61_2,-2.497,-0.41616666666666663,18,,./report/pdb_by_site/site_all_18_61_2_1.sdf
61_2,-2.496,-0.416,14,,./report/pdb_by_site/site_all_14_61_2_2.sdf
61_2,-2.484,-0.414,76,,./report/pdb_by_site/site_all_76_61_2_1.sdf
61_2,-2.46,-0.41,4,,./report/pdb_by_site/site_all_4_61_2_2.sdf
61_2,-2.45,-0.4083333333333334,61,,./report/pdb_by_site/site_all_61_61_2_1.sdf
61_2,-2.4447,-0.40745000000000003,78,,./report/pdb_by_site/site_all_78_61_2_1.sdf
61_2,-2.42,-0.4033333333333333,24,,./report/pdb_by_site/site_all_24_61_2_2.sdf
61_2,-2.4,-0.39999999999999997,27,,./report/pdb_by_site/site_all_27_61_2_2.sdf
61_2,-2.38,-0.39666666666666667,30,,./report/pdb_by_site/site_all_30_61_2_3.sdf
61_2,-2.38,-0.39666666666666667,27,,./report/pdb_by_site/site_all_27_61_2_3.sdf
61_2,-2.347,-0.39116666666666666,39,,./report/pdb_by_site/site_all_39_61_2_1.sdf
61_2,-2.3200000000000003,-0.3866666666666667,96,,./report/pdb_by_site/site_all_96_61_2_1.sdf
61_2,-2.3200000000000003,-0.3866666666666667,79,,./report/pdb_by_site/site_all_79_61_2_1.sdf
61_2,-2.32,-0.38666666666666666,48,,./report/pdb_by_site/site_all_48_61_2_1.sdf
61_2,-2.31,-0.385,10,,./report/pdb_by_site/site_all_10_61_2_3.sdf
61_2,-2.2800000000000002,-0.38000000000000006,17,,./report/pdb_by_site/site_all_17_61_2_2.sdf
61_2,-2.278,-0.37966666666666665,35,,./report/pdb_by_site/site_all_35_61_2_1.sdf
61_2,-2.27,-0.37833333333333335,80,,./report/pdb_by_site/site_all_80_61_2_1.sdf
61_2,-2.2547000000000006,-0.3757833333333334,48,,./report/pdb_by_site/site_all_48_61_2_2.sdf
61_2,-2.25,-0.375,53,,./report/pdb_by_site/site_all_53_61_2_1.sdf
61_2,-2.25,-0.375,36,,./report/pdb_by_site/site_all_36_61_2_4.sdf
61_2,-2.2313,-0.37188333333333334,31,,./report/pdb_by_site/site_all_31_61_2_3.sdf
61_2,-2.23,-0.37166666666666665,61,,./report/pdb_by_site/site_all_61_61_2_2.sdf
61_2,-2.2299999999999995,-0.3716666666666666,97,,./report/pdb_by_site/site_all_97_61_2_1.sdf
61_2,-2.19933,-0.36655499999999996,19,,./report/pdb_by_site/site_all_19_61_2_3.sdf
61_2,-2.198,-0.36633333333333334,38,,./report/pdb_by_site/site_all_38_61_2_2.sdf
61_2,-2.1950000000000003,-0.3658333333333334,24,,./report/pdb_by_site/site_all_24_61_2_3.sdf
61_2,-2.193,-0.3655,25,,./report/pdb_by_site/site_all_25_61_2_3.sdf
61_2,-2.18,-0.36333333333333334,53,,./report/pdb_by_site/site_all_53_61_2_2.sdf
61_2,-2.18,-0.36333333333333334,81,,./report/pdb_by_site/site_all_81_61_2_1.sdf
61_2,-2.1693,-0.36155,24,,./report/pdb_by_site/site_all_24_61_2_4.sdf
61_2,-2.1590000000000003,-0.3598333333333334,58,,./report/pdb_by_site/site_all_58_61_2_3.sdf
61_2,-2.1527,-0.3587833333333333,34,,./report/pdb_by_site/site_all_34_61_2_1.sdf
61_2,-2.1500000000000004,-0.3583333333333334,38,,./report/pdb_by_site/site_all_38_61_2_3.sdf
61_2,-2.15,-0.35833333333333334,92,,./report/pdb_by_site/site_all_92_61_2_1.sdf
61_2,-2.139,-0.3565,80,,./report/pdb_by_site/site_all_80_61_2_2.sdf
61_2,-2.13,-0.355,80,,./report/pdb_by_site/site_all_80_61_2_3.sdf
61_2,-2.121,-0.3535,29,,./report/pdb_by_site/site_all_29_61_2_1.sdf
61_2,-2.1199999999999997,-0.3533333333333333,118,,./report/pdb_by_site/site_all_118_61_2_1.sdf
61_2,-2.113,-0.3521666666666667,109,,./report/pdb_by_site/site_all_109_61_2_1.sdf
61_2,-2.086,-0.3476666666666666,26,,./report/pdb_by_site/site_all_26_61_2_2.sdf
61_2,-2.0817,-0.34695000000000004,15,,./report/pdb_by_site/site_all_15_61_2_2.sdf
61_2,-2.0600000000000005,-0.34333333333333343,31,,./report/pdb_by_site/site_all_31_61_2_4.sdf
61_2,-2.0587,-0.3431166666666667,38,,./report/pdb_by_site/site_all_38_61_2_4.sdf
61_2,-2.0573300000000003,-0.3428883333333334,106,,./report/pdb_by_site/site_all_106_61_2_1.sdf
61_2,-2.0500000000000003,-0.34166666666666673,114,,./report/pdb_by_site/site_all_114_61_2_1.sdf
61_2,-2.043,-0.3405,44,,./report/pdb_by_site/site_all_44_61_2_2.sdf
61_2,-2.04,-0.34,2,,./report/pdb_by_site/site_all_2_61_2_3.sdf
62_1,-4.669999999999999,-0.5837499999999999,3,,./report/pdb_by_site/site_all_3_62_1_1.sdf
62_1,-4.62,-0.5775,10,,./report/pdb_by_site/site_all_10_62_1_1.sdf
62_1,-4.2,-0.525,2,,./report/pdb_by_site/site_all_2_62_1_1.sdf
62_1,-4.093000000000001,-0.5116250000000001,9,,./report/pdb_by_site/site_all_9_62_1_1.sdf
62_1,-4.0733,-0.5091625,34,,./report/pdb_by_site/site_all_34_62_1_1.sdf
62_1,-3.8099999999999996,-0.47624999999999995,10,,./report/pdb_by_site/site_all_10_62_1_2.sdf
62_1,-3.6209999999999996,-0.45262499999999994,50,,./report/pdb_by_site/site_all_50_62_1_1.sdf
62_1,-3.57,-0.44625,5,,./report/pdb_by_site/site_all_5_62_1_1.sdf
62_1,-3.518,-0.43975,24,,./report/pdb_by_site/site_all_24_62_1_1.sdf
62_1,-3.516,-0.4395,10,,./report/pdb_by_site/site_all_10_62_1_3.sdf
62_1,-3.514,-0.43925,2,,./report/pdb_by_site/site_all_2_62_1_2.sdf
62_1,-3.505,-0.438125,2,,./report/pdb_by_site/site_all_2_62_1_3.sdf
62_1,-3.272,-0.409,11,,./report/pdb_by_site/site_all_11_62_1_1.sdf
62_1,-3.1910000000000003,-0.39887500000000004,19,,./report/pdb_by_site/site_all_19_62_1_1.sdf
62_1,-3.1799999999999997,-0.39749999999999996,25,,./report/pdb_by_site/site_all_25_62_1_1.sdf
62_1,-3.1799999999999997,-0.39749999999999996,5,,./report/pdb_by_site/site_all_5_62_1_2.sdf
62_1,-3.147,-0.393375,15,,./report/pdb_by_site/site_all_15_62_1_1.sdf
62_1,-3.006,-0.37575,20,,./report/pdb_by_site/site_all_20_62_1_1.sdf
62_1,-2.99,-0.37375,30,,./report/pdb_by_site/site_all_30_62_1_1.sdf
62_1,-2.938,-0.36725,53,,./report/pdb_by_site/site_all_53_62_1_1.sdf
62_1,-2.855,-0.356875,14,,./report/pdb_by_site/site_all_14_62_1_1.sdf
62_1,-2.8380000000000005,-0.35475000000000007,3,,./report/pdb_by_site/site_all_3_62_1_2.sdf
62_1,-2.8080000000000003,-0.35100000000000003,20,,./report/pdb_by_site/site_all_20_62_1_2.sdf
62_1,-2.633,-0.329125,19,,./report/pdb_by_site/site_all_19_62_1_2.sdf
62_1,-2.604,-0.3255,12,,./report/pdb_by_site/site_all_12_62_1_1.sdf
62_1,-2.57,-0.32125,41,,./report/pdb_by_site/site_all_41_62_1_1.sdf
62_1,-2.568,-0.321,10,,./report/pdb_by_site/site_all_10_62_1_4.sdf
62_1,-2.5603000000000002,-0.32003750000000003,9,,./report/pdb_by_site/site_all_9_62_1_2.sdf
62_1,-2.494,-0.31175,12,,./report/pdb_by_site/site_all_12_62_1_2.sdf
62_1,-2.48,-0.31,30,,./report/pdb_by_site/site_all_30_62_1_2.sdf
62_1,-2.4450000000000003,-0.30562500000000004,17,,./report/pdb_by_site/site_all_17_62_1_1.sdf
62_1,-2.3899999999999997,-0.29874999999999996,10,,./report/pdb_by_site/site_all_10_62_1_5.sdf
62_1,-2.375,-0.296875,18,,./report/pdb_by_site/site_all_18_62_1_1.sdf
62_1,-2.369,-0.296125,30,,./report/pdb_by_site/site_all_30_62_1_3.sdf
62_1,-2.288,-0.286,26,,./report/pdb_by_site/site_all_26_62_1_1.sdf
62_1,-2.263,-0.282875,108,,./report/pdb_by_site/site_all_108_62_1_1.sdf
62_1,-2.249,-0.281125,27,,./report/pdb_by_site/site_all_27_62_1_1.sdf
62_1,-2.2489999999999997,-0.28112499999999996,21,,./report/pdb_by_site/site_all_21_62_1_1.sdf
62_1,-2.229,-0.278625,34,,./report/pdb_by_site/site_all_34_62_1_2.sdf
62_1,-2.188,-0.2735,58,,./report/pdb_by_site/site_all_58_62_1_1.sdf
62_1,-2.1860000000000004,-0.27325000000000005,44,,./report/pdb_by_site/site_all_44_62_1_1.sdf
62_1,-2.18,-0.2725,22,,./report/pdb_by_site/site_all_22_62_1_1.sdf
62_1,-2.16,-0.27,70,,./report/pdb_by_site/site_all_70_62_1_1.sdf
62_1,-2.12,-0.265,24,,./report/pdb_by_site/site_all_24_62_1_2.sdf
62_1,-2.116,-0.2645,56,,./report/pdb_by_site/site_all_56_62_1_1.sdf
62_1,-2.0599999999999996,-0.25749999999999995,57,,./report/pdb_by_site/site_all_57_62_1_1.sdf
62_1,-2.025,-0.253125,38,,./report/pdb_by_site/site_all_38_62_1_1.sdf
62_2,-3.98,-0.4975,67,,./report/pdb_by_site/site_all_67_62_2_1.sdf
62_2,-3.56,-0.445,3,,./report/pdb_by_site/site_all_3_62_2_1.sdf
62_2,-2.6999999999999997,-0.33749999999999997,20,,./report/pdb_by_site/site_all_20_62_2_1.sdf
62_2,-2.6510000000000002,-0.33137500000000003,43,,./report/pdb_by_site/site_all_43_62_2_1.sdf
62_2,-2.6423000000000005,-0.33028750000000007,77,,./report/pdb_by_site/site_all_77_62_2_1.sdf
62_2,-2.5460000000000003,-0.31825000000000003,2,,./report/pdb_by_site/site_all_2_62_2_1.sdf
62_2,-2.4882999999999997,-0.31103749999999997,87,,./report/pdb_by_site/site_all_87_62_2_1.sdf
62_2,-2.4600000000000004,-0.30750000000000005,17,,./report/pdb_by_site/site_all_17_62_2_1.sdf
62_2,-2.3833,-0.2979125,59,,./report/pdb_by_site/site_all_59_62_2_1.sdf
62_2,-2.37,-0.29625,77,,./report/pdb_by_site/site_all_77_62_2_2.sdf
62_2,-2.285,-0.285625,34,,./report/pdb_by_site/site_all_34_62_2_1.sdf
62_2,-2.1820000000000004,-0.27275000000000005,93,,./report/pdb_by_site/site_all_93_62_2_1.sdf
62_2,-2.084,-0.2605,128,,./report/pdb_by_site/site_all_128_62_2_1.sdf
63,-6.01,-0.8585714285714285,3,,./report/pdb_by_site/site_all_3_63_1.sdf
63,-5.949999999999999,-0.8499999999999999,2,,./report/pdb_by_site/site_all_2_63_1.sdf
63,-5.33,-0.7614285714285715,10,,./report/pdb_by_site/site_all_10_63_1.sdf
63,-5.05,-0.7214285714285714,5,,./report/pdb_by_site/site_all_5_63_1.sdf
63,-4.9799999999999995,-0.7114285714285714,5,,./report/pdb_by_site/site_all_5_63_2.sdf
63,-4.960000000000001,-0.7085714285714287,10,,./report/pdb_by_site/site_all_10_63_2.sdf
63,-4.87,-0.6957142857142857,5,,./report/pdb_by_site/site_all_5_63_3.sdf
63,-4.760000000000001,-0.68,10,,./report/pdb_by_site/site_all_10_63_3.sdf
63,-4.7090000000000005,-0.6727142857142858,9,,./report/pdb_by_site/site_all_9_63_1.sdf
63,-4.41,-0.63,11,,./report/pdb_by_site/site_all_11_63_1.sdf
63,-4.24,-0.6057142857142858,25,,./report/pdb_by_site/site_all_25_63_1.sdf
63,-4.21,-0.6014285714285714,27,,./report/pdb_by_site/site_all_27_63_1.sdf
63,-4.13,-0.59,2,,./report/pdb_by_site/site_all_2_63_2.sdf
63,-4.109999999999999,-0.5871428571428571,19,,./report/pdb_by_site/site_all_19_63_1.sdf
63,-3.99,-0.5700000000000001,22,,./report/pdb_by_site/site_all_22_63_1.sdf
63,-3.957,-0.5652857142857143,15,,./report/pdb_by_site/site_all_15_63_1.sdf
63,-3.931,-0.5615714285714286,3,,./report/pdb_by_site/site_all_3_63_2.sdf
63,-3.9,-0.5571428571428572,17,,./report/pdb_by_site/site_all_17_63_1.sdf
63,-3.81,-0.5442857142857143,27,,./report/pdb_by_site/site_all_27_63_2.sdf
63,-3.78,-0.5399999999999999,24,,./report/pdb_by_site/site_all_24_63_1.sdf
63,-3.7399999999999998,-0.5342857142857143,57,,./report/pdb_by_site/site_all_57_63_1.sdf
63,-3.731,-0.533,3,,./report/pdb_by_site/site_all_3_63_3.sdf
63,-3.721,-0.5315714285714286,20,,./report/pdb_by_site/site_all_20_63_1.sdf
63,-3.6999999999999997,-0.5285714285714286,30,,./report/pdb_by_site/site_all_30_63_1.sdf
63,-3.605,-0.515,21,,./report/pdb_by_site/site_all_21_63_1.sdf
63,-3.5810000000000004,-0.5115714285714287,20,,./report/pdb_by_site/site_all_20_63_2.sdf
63,-3.5399999999999996,-0.5057142857142857,53,,./report/pdb_by_site/site_all_53_63_1.sdf
63,-3.5100000000000002,-0.5014285714285714,27,,./report/pdb_by_site/site_all_27_63_3.sdf
63,-3.5,-0.5,41,,./report/pdb_by_site/site_all_41_63_1.sdf
63,-3.4999999999999996,-0.49999999999999994,44,,./report/pdb_by_site/site_all_44_63_1.sdf
63,-3.466,-0.49514285714285716,3,,./report/pdb_by_site/site_all_3_63_4.sdf
63,-3.29,-0.47000000000000003,30,,./report/pdb_by_site/site_all_30_63_2.sdf
63,-3.286,-0.4694285714285714,56,,./report/pdb_by_site/site_all_56_63_1.sdf
63,-3.2470000000000003,-0.4638571428571429,18,,./report/pdb_by_site/site_all_18_63_1.sdf
63,-3.233,-0.46185714285714285,24,,./report/pdb_by_site/site_all_24_63_2.sdf
63,-3.1299999999999994,-0.44714285714285706,36,,./report/pdb_by_site/site_all_36_63_1.sdf
63,-3.1283,-0.44689999999999996,20,,./report/pdb_by_site/site_all_20_63_3.sdf
63,-3.0940000000000003,-0.44200000000000006,34,,./report/pdb_by_site/site_all_34_63_1.sdf
63,-3.0700000000000003,-0.4385714285714286,80,,./report/pdb_by_site/site_all_80_63_1.sdf
63,-3.0389999999999997,-0.4341428571428571,38,,./report/pdb_by_site/site_all_38_63_1.sdf
63,-3.0300000000000002,-0.4328571428571429,10,,./report/pdb_by_site/site_all_10_63_4.sdf
63,-2.99,-0.42714285714285716,79,,./report/pdb_by_site/site_all_79_63_1.sdf
63,-2.97,-0.4242857142857143,57,,./report/pdb_by_site/site_all_57_63_2.sdf
63,-2.9573,-0.42247142857142855,20,,./report/pdb_by_site/site_all_20_63_4.sdf
63,-2.892,-0.41314285714285715,101,,./report/pdb_by_site/site_all_101_63_1.sdf
63,-2.88,-0.4114285714285714,91,,./report/pdb_by_site/site_all_91_63_1.sdf
63,-2.8759999999999994,-0.41085714285714275,85,,./report/pdb_by_site/site_all_85_63_1.sdf
63,-2.86,-0.40857142857142853,58,,./report/pdb_by_site/site_all_58_63_1.sdf
63,-2.833,-0.40471428571428575,74,,./report/pdb_by_site/site_all_74_63_1.sdf
63,-2.8310000000000004,-0.40442857142857147,24,,./report/pdb_by_site/site_all_24_63_3.sdf
63,-2.732,-0.3902857142857143,75,,./report/pdb_by_site/site_all_75_63_1.sdf
63,-2.7199999999999998,-0.3885714285714285,77,,./report/pdb_by_site/site_all_77_63_1.sdf
63,-2.68,-0.3828571428571429,81,,./report/pdb_by_site/site_all_81_63_1.sdf
63,-2.633,-0.37614285714285717,2,,./report/pdb_by_site/site_all_2_63_3.sdf
63,-2.6300000000000003,-0.3757142857142858,25,,./report/pdb_by_site/site_all_25_63_2.sdf
63,-2.61,-0.37285714285714283,11,,./report/pdb_by_site/site_all_11_63_2.sdf
63,-2.5760000000000005,-0.36800000000000005,85,,./report/pdb_by_site/site_all_85_63_2.sdf
63,-2.555,-0.36500000000000005,75,,./report/pdb_by_site/site_all_75_63_2.sdf
63,-2.53,-0.3614285714285714,80,,./report/pdb_by_site/site_all_80_63_2.sdf
63,-2.5080000000000005,-0.3582857142857144,58,,./report/pdb_by_site/site_all_58_63_2.sdf
63,-2.4999999999999996,-0.3571428571428571,41,,./report/pdb_by_site/site_all_41_63_2.sdf
63,-2.478,-0.35400000000000004,41,,./report/pdb_by_site/site_all_41_63_3.sdf
63,-2.471,-0.35300000000000004,11,,./report/pdb_by_site/site_all_11_63_3.sdf
63,-2.46,-0.3514285714285714,57,,./report/pdb_by_site/site_all_57_63_3.sdf
63,-2.451,-0.35014285714285714,111,,./report/pdb_by_site/site_all_111_63_1.sdf
63,-2.4499999999999997,-0.35,121,,./report/pdb_by_site/site_all_121_63_1.sdf
63,-2.41,-0.3442857142857143,113,,./report/pdb_by_site/site_all_113_63_1.sdf
63,-2.405,-0.3435714285714285,67,,./report/pdb_by_site/site_all_67_63_1.sdf
63,-2.396,-0.34228571428571425,17,,./report/pdb_by_site/site_all_17_63_2.sdf
63,-2.3520000000000003,-0.336,9,,./report/pdb_by_site/site_all_9_63_2.sdf
63,-2.295,-0.32785714285714285,85,,./report/pdb_by_site/site_all_85_63_3.sdf
63,-2.29,-0.3271428571428571,108,,./report/pdb_by_site/site_all_108_63_1.sdf
63,-2.285,-0.32642857142857146,58,,./report/pdb_by_site/site_all_58_63_3.sdf
63,-2.2680000000000002,-0.324,109,,./report/pdb_by_site/site_all_109_63_1.sdf
63,-2.251,-0.32157142857142856,54,,./report/pdb_by_site/site_all_54_63_1.sdf
63,-2.247,-0.321,80,,./report/pdb_by_site/site_all_80_63_3.sdf
63,-2.168,-0.3097142857142857,115,,./report/pdb_by_site/site_all_115_63_1.sdf
63,-2.1673,-0.30961428571428573,12,,./report/pdb_by_site/site_all_12_63_1.sdf
63,-2.1599999999999997,-0.30857142857142855,41,,./report/pdb_by_site/site_all_41_63_4.sdf
63,-2.1063,-0.3009,25,,./report/pdb_by_site/site_all_25_63_3.sdf
63,-2.08,-0.29714285714285715,78,,./report/pdb_by_site/site_all_78_63_1.sdf
63,-2.07,-0.2957142857142857,127,,./report/pdb_by_site/site_all_127_63_1.sdf
63,-2.069,-0.29557142857142854,53,,./report/pdb_by_site/site_all_53_63_2.sdf
64_1,-3.75,-0.5357142857142857,3,,./report/pdb_by_site/site_all_3_64_1_1.sdf
64_1,-3.3019999999999996,-0.47171428571428564,3,,./report/pdb_by_site/site_all_3_64_1_2.sdf
64_1,-3.2800000000000002,-0.4685714285714286,11,,./report/pdb_by_site/site_all_11_64_1_1.sdf
64_1,-3.17,-0.45285714285714285,5,,./report/pdb_by_site/site_all_5_64_1_1.sdf
64_1,-3.1599999999999997,-0.4514285714285714,2,,./report/pdb_by_site/site_all_2_64_1_1.sdf
64_1,-3.021,-0.43157142857142855,21,,./report/pdb_by_site/site_all_21_64_1_1.sdf
64_1,-2.94,-0.42,10,,./report/pdb_by_site/site_all_10_64_1_1.sdf
64_1,-2.87,-0.41000000000000003,5,,./report/pdb_by_site/site_all_5_64_1_2.sdf
64_1,-2.86,-0.40857142857142853,11,,./report/pdb_by_site/site_all_11_64_1_2.sdf
64_1,-2.7,-0.38571428571428573,17,,./report/pdb_by_site/site_all_17_64_1_1.sdf
64_1,-2.66,-0.38,9,,./report/pdb_by_site/site_all_9_64_1_1.sdf
64_1,-2.6300000000000003,-0.3757142857142858,30,,./report/pdb_by_site/site_all_30_64_1_1.sdf
64_1,-2.62,-0.3742857142857143,22,,./report/pdb_by_site/site_all_22_64_1_1.sdf
64_1,-2.6,-0.37142857142857144,24,,./report/pdb_by_site/site_all_24_64_1_1.sdf
64_1,-2.536,-0.36228571428571427,2,,./report/pdb_by_site/site_all_2_64_1_2.sdf
64_1,-2.5,-0.35714285714285715,25,,./report/pdb_by_site/site_all_25_64_1_1.sdf
64_1,-2.49,-0.35571428571428576,41,,./report/pdb_by_site/site_all_41_64_1_1.sdf
64_1,-2.4899999999999998,-0.3557142857142857,18,,./report/pdb_by_site/site_all_18_64_1_1.sdf
64_1,-2.4899999999999998,-0.3557142857142857,10,,./report/pdb_by_site/site_all_10_64_1_2.sdf
64_1,-2.418,-0.3454285714285715,2,,./report/pdb_by_site/site_all_2_64_1_3.sdf
64_1,-2.38,-0.33999999999999997,17,,./report/pdb_by_site/site_all_17_64_1_2.sdf
64_1,-2.36,-0.33714285714285713,56,,./report/pdb_by_site/site_all_56_64_1_1.sdf
64_1,-2.34,-0.33428571428571424,36,,./report/pdb_by_site/site_all_36_64_1_1.sdf
64_1,-2.33,-0.33285714285714285,3,,./report/pdb_by_site/site_all_3_64_1_3.sdf
64_1,-2.267,-0.32385714285714284,70,,./report/pdb_by_site/site_all_70_64_1_1.sdf
64_1,-2.248,-0.3211428571428572,44,,./report/pdb_by_site/site_all_44_64_1_1.sdf
64_1,-2.24,-0.32,57,,./report/pdb_by_site/site_all_57_64_1_1.sdf
64_1,-2.215,-0.3164285714285714,15,,./report/pdb_by_site/site_all_15_64_1_1.sdf
64_1,-2.1649999999999996,-0.3092857142857142,12,,./report/pdb_by_site/site_all_12_64_1_1.sdf
64_1,-2.0799999999999996,-0.2971428571428571,77,,./report/pdb_by_site/site_all_77_64_1_1.sdf
64_1,-2.0300000000000002,-0.29000000000000004,10,,./report/pdb_by_site/site_all_10_64_1_3.sdf
64_1,-2.02,-0.2885714285714286,41,,./report/pdb_by_site/site_all_41_64_1_2.sdf
64_2,-3.9099999999999997,-0.5585714285714285,5,,./report/pdb_by_site/site_all_5_64_2_1.sdf
64_2,-3.846,-0.5494285714285715,22,,./report/pdb_by_site/site_all_22_64_2_1.sdf
64_2,-3.8299999999999996,-0.547142857142857,5,,./report/pdb_by_site/site_all_5_64_2_2.sdf
64_2,-3.7009999999999996,-0.5287142857142857,36,,./report/pdb_by_site/site_all_36_64_2_1.sdf
64_2,-3.5763,-0.5109,19,,./report/pdb_by_site/site_all_19_64_2_1.sdf
64_2,-3.5183,-0.5026142857142857,14,,./report/pdb_by_site/site_all_14_64_2_1.sdf
64_2,-3.4,-0.4857142857142857,38,,./report/pdb_by_site/site_all_38_64_2_1.sdf
64_2,-3.3300000000000005,-0.4757142857142858,36,,./report/pdb_by_site/site_all_36_64_2_2.sdf
64_2,-3.32,-0.47428571428571425,3,,./report/pdb_by_site/site_all_3_64_2_1.sdf
64_2,-3.273,-0.4675714285714286,14,,./report/pdb_by_site/site_all_14_64_2_2.sdf
64_2,-3.272,-0.4674285714285714,2,,./report/pdb_by_site/site_all_2_64_2_1.sdf
64_2,-3.1510000000000002,-0.4501428571428572,29,,./report/pdb_by_site/site_all_29_64_2_1.sdf
64_2,-3.11,-0.4442857142857143,17,,./report/pdb_by_site/site_all_17_64_2_1.sdf
64_2,-3.0900000000000003,-0.44142857142857145,22,,./report/pdb_by_site/site_all_22_64_2_2.sdf
64_2,-3.0373000000000006,-0.43390000000000006,31,,./report/pdb_by_site/site_all_31_64_2_1.sdf
64_2,-3.019,-0.43128571428571433,4,,./report/pdb_by_site/site_all_4_64_2_1.sdf
64_2,-3.0117,-0.4302428571428571,12,,./report/pdb_by_site/site_all_12_64_2_1.sdf
64_2,-2.9299999999999997,-0.41857142857142854,25,,./report/pdb_by_site/site_all_25_64_2_1.sdf
64_2,-2.91,-0.41571428571428576,9,,./report/pdb_by_site/site_all_9_64_2_1.sdf
64_2,-2.792,-0.39885714285714285,48,,./report/pdb_by_site/site_all_48_64_2_1.sdf
64_2,-2.7600000000000002,-0.3942857142857143,3,,./report/pdb_by_site/site_all_3_64_2_2.sdf
64_2,-2.7527000000000004,-0.39324285714285717,58,,./report/pdb_by_site/site_all_58_64_2_1.sdf
64_2,-2.7310000000000003,-0.3901428571428572,21,,./report/pdb_by_site/site_all_21_64_2_1.sdf
64_2,-2.6707,-0.38152857142857144,9,,./report/pdb_by_site/site_all_9_64_2_2.sdf
64_2,-2.6537,-0.37910000000000005,31,,./report/pdb_by_site/site_all_31_64_2_2.sdf
64_2,-2.638,-0.37685714285714284,31,,./report/pdb_by_site/site_all_31_64_2_3.sdf
64_2,-2.62,-0.3742857142857143,11,,./report/pdb_by_site/site_all_11_64_2_1.sdf
64_2,-2.618,-0.374,15,,./report/pdb_by_site/site_all_15_64_2_1.sdf
64_2,-2.542,-0.3631428571428571,44,,./report/pdb_by_site/site_all_44_64_2_1.sdf
64_2,-2.5250000000000004,-0.36071428571428577,12,,./report/pdb_by_site/site_all_12_64_2_2.sdf
64_2,-2.4899999999999998,-0.3557142857142857,75,,./report/pdb_by_site/site_all_75_64_2_1.sdf
64_2,-2.48,-0.35428571428571426,27,,./report/pdb_by_site/site_all_27_64_2_1.sdf
64_2,-2.4770000000000003,-0.3538571428571429,35,,./report/pdb_by_site/site_all_35_64_2_1.sdf
64_2,-2.458,-0.35114285714285715,65,,./report/pdb_by_site/site_all_65_64_2_1.sdf
64_2,-2.3670000000000004,-0.3381428571428572,24,,./report/pdb_by_site/site_all_24_64_2_1.sdf
64_2,-2.3620000000000005,-0.3374285714285715,40,,./report/pdb_by_site/site_all_40_64_2_1.sdf
64_2,-2.3600000000000003,-0.3371428571428572,40,,./report/pdb_by_site/site_all_40_64_2_2.sdf
64_2,-2.356,-0.3365714285714286,81,,./report/pdb_by_site/site_all_81_64_2_1.sdf
64_2,-2.3200000000000003,-0.33142857142857146,53,,./report/pdb_by_site/site_all_53_64_2_1.sdf
64_2,-2.24,-0.32,18,,./report/pdb_by_site/site_all_18_64_2_1.sdf
64_2,-2.229,-0.31842857142857145,26,,./report/pdb_by_site/site_all_26_64_2_1.sdf
64_2,-2.195,-0.31357142857142856,58,,./report/pdb_by_site/site_all_58_64_2_2.sdf
64_2,-2.1799999999999997,-0.3114285714285714,80,,./report/pdb_by_site/site_all_80_64_2_1.sdf
64_2,-2.1757,-0.3108142857142857,15,,./report/pdb_by_site/site_all_15_64_2_2.sdf
64_2,-2.1620000000000004,-0.3088571428571429,10,,./report/pdb_by_site/site_all_10_64_2_1.sdf
64_2,-2.14,-0.3057142857142857,30,,./report/pdb_by_site/site_all_30_64_2_1.sdf
64_2,-2.073,-0.29614285714285715,106,,./report/pdb_by_site/site_all_106_64_2_1.sdf
64_2,-2.0700000000000003,-0.29571428571428576,97,,./report/pdb_by_site/site_all_97_64_2_1.sdf
64_2,-2.0679999999999996,-0.2954285714285714,12,,./report/pdb_by_site/site_all_12_64_2_3.sdf
64_2,-2.0527,-0.2932428571428572,75,,./report/pdb_by_site/site_all_75_64_2_2.sdf
64_2,-2.0420000000000003,-0.29171428571428576,109,,./report/pdb_by_site/site_all_109_64_2_1.sdf
64_2,-2.0199999999999996,-0.28857142857142853,39,,./report/pdb_by_site/site_all_39_64_2_1.sdf
65,-5.441,-0.7772857142857142,3,,./report/pdb_by_site/site_all_3_65_1.sdf
65,-5.218,-0.7454285714285714,9,,./report/pdb_by_site/site_all_9_65_1.sdf
65,-5.21,-0.7442857142857143,2,,./report/pdb_by_site/site_all_2_65_1.sdf
65,-5.041,-0.7201428571428572,10,,./report/pdb_by_site/site_all_10_65_1.sdf
65,-4.920000000000001,-0.702857142857143,11,,./report/pdb_by_site/site_all_11_65_1.sdf
65,-4.801,-0.6858571428571428,10,,./report/pdb_by_site/site_all_10_65_2.sdf
65,-4.74,-0.6771428571428572,11,,./report/pdb_by_site/site_all_11_65_2.sdf
65,-4.68,-0.6685714285714285,5,,./report/pdb_by_site/site_all_5_65_1.sdf
65,-4.427,-0.6324285714285713,21,,./report/pdb_by_site/site_all_21_65_1.sdf
65,-4.300000000000001,-0.6142857142857144,2,,./report/pdb_by_site/site_all_2_65_2.sdf
65,-4.17,-0.5957142857142858,5,,./report/pdb_by_site/site_all_5_65_2.sdf
65,-4.120000000000001,-0.5885714285714287,18,,./report/pdb_by_site/site_all_18_65_1.sdf
65,-4.090000000000001,-0.5842857142857144,10,,./report/pdb_by_site/site_all_10_65_3.sdf
65,-4.06,-0.58,17,,./report/pdb_by_site/site_all_17_65_1.sdf
65,-3.98,-0.5685714285714286,10,,./report/pdb_by_site/site_all_10_65_4.sdf
65,-3.973,-0.5675714285714285,24,,./report/pdb_by_site/site_all_24_65_1.sdf
65,-3.8520000000000003,-0.5502857142857144,12,,./report/pdb_by_site/site_all_12_65_1.sdf
65,-3.8209999999999997,-0.5458571428571428,15,,./report/pdb_by_site/site_all_15_65_1.sdf
65,-3.7900000000000005,-0.5414285714285715,22,,./report/pdb_by_site/site_all_22_65_1.sdf
65,-3.6899999999999995,-0.527142857142857,5,,./report/pdb_by_site/site_all_5_65_3.sdf
65,-3.6799999999999997,-0.5257142857142857,25,,./report/pdb_by_site/site_all_25_65_1.sdf
65,-3.5899999999999994,-0.5128571428571428,2,,./report/pdb_by_site/site_all_2_65_3.sdf
65,-3.4999999999999996,-0.49999999999999994,41,,./report/pdb_by_site/site_all_41_65_1.sdf
65,-3.3600000000000003,-0.48000000000000004,20,,./report/pdb_by_site/site_all_20_65_1.sdf
65,-3.338,-0.47685714285714287,3,,./report/pdb_by_site/site_all_3_65_2.sdf
65,-3.3,-0.4714285714285714,30,,./report/pdb_by_site/site_all_30_65_1.sdf
65,-3.24,-0.4628571428571429,57,,./report/pdb_by_site/site_all_57_65_1.sdf
65,-3.2,-0.4571428571428572,27,,./report/pdb_by_site/site_all_27_65_1.sdf
65,-3.1130000000000004,-0.4447142857142858,3,,./report/pdb_by_site/site_all_3_65_3.sdf
65,-3.0700000000000003,-0.4385714285714286,30,,./report/pdb_by_site/site_all_30_65_2.sdf
65,-3.0060000000000002,-0.42942857142857144,19,,./report/pdb_by_site/site_all_19_65_1.sdf
65,-2.985,-0.42642857142857143,26,,./report/pdb_by_site/site_all_26_65_1.sdf
65,-2.972,-0.42457142857142854,35,,./report/pdb_by_site/site_all_35_65_1.sdf
65,-2.9699999999999998,-0.42428571428571427,36,,./report/pdb_by_site/site_all_36_65_1.sdf
65,-2.969,-0.4241428571428571,44,,./report/pdb_by_site/site_all_44_65_1.sdf
65,-2.9615,-0.4230714285714286,9,,./report/pdb_by_site/site_all_9_65_2.sdf
65,-2.9116999999999997,-0.4159571428571428,3,,./report/pdb_by_site/site_all_3_65_4.sdf
65,-2.8960000000000004,-0.41371428571428576,24,,./report/pdb_by_site/site_all_24_65_2.sdf
65,-2.89,-0.41285714285714287,58,,./report/pdb_by_site/site_all_58_65_1.sdf
65,-2.8200000000000003,-0.4028571428571429,77,,./report/pdb_by_site/site_all_77_65_1.sdf
65,-2.76,-0.39428571428571424,10,,./report/pdb_by_site/site_all_10_65_5.sdf
65,-2.7510000000000003,-0.39300000000000007,24,,./report/pdb_by_site/site_all_24_65_3.sdf
65,-2.73,-0.39,36,,./report/pdb_by_site/site_all_36_65_2.sdf
65,-2.6449999999999996,-0.3778571428571428,10,,./report/pdb_by_site/site_all_10_65_6.sdf
65,-2.61,-0.37285714285714283,70,,./report/pdb_by_site/site_all_70_65_1.sdf
65,-2.608,-0.3725714285714286,58,,./report/pdb_by_site/site_all_58_65_2.sdf
65,-2.606,-0.3722857142857143,30,,./report/pdb_by_site/site_all_30_65_3.sdf
65,-2.598,-0.3711428571428571,80,,./report/pdb_by_site/site_all_80_65_1.sdf
65,-2.567,-0.3667142857142857,20,,./report/pdb_by_site/site_all_20_65_2.sdf
65,-2.5540000000000003,-0.3648571428571429,53,,./report/pdb_by_site/site_all_53_65_1.sdf
65,-2.4760000000000004,-0.35371428571428576,81,,./report/pdb_by_site/site_all_81_65_1.sdf
65,-2.445,-0.34928571428571425,74,,./report/pdb_by_site/site_all_74_65_1.sdf
65,-2.44,-0.3485714285714286,78,,./report/pdb_by_site/site_all_78_65_1.sdf
65,-2.4246700000000003,-0.3463814285714286,38,,./report/pdb_by_site/site_all_38_65_1.sdf
65,-2.423,-0.34614285714285714,56,,./report/pdb_by_site/site_all_56_65_1.sdf
65,-2.4,-0.34285714285714286,85,,./report/pdb_by_site/site_all_85_65_1.sdf
65,-2.39,-0.34142857142857147,77,,./report/pdb_by_site/site_all_77_65_2.sdf
65,-2.372,-0.33885714285714286,41,,./report/pdb_by_site/site_all_41_65_2.sdf
65,-2.355,-0.3364285714285714,36,,./report/pdb_by_site/site_all_36_65_3.sdf
65,-2.34,-0.33428571428571424,80,,./report/pdb_by_site/site_all_80_65_2.sdf
65,-2.329,-0.33271428571428574,79,,./report/pdb_by_site/site_all_79_65_1.sdf
65,-2.308,-0.3297142857142857,75,,./report/pdb_by_site/site_all_75_65_1.sdf
65,-2.2790000000000004,-0.3255714285714286,17,,./report/pdb_by_site/site_all_17_65_2.sdf
65,-2.27,-0.3242857142857143,77,,./report/pdb_by_site/site_all_77_65_3.sdf
65,-2.247,-0.321,11,,./report/pdb_by_site/site_all_11_65_3.sdf
65,-2.2350000000000003,-0.31928571428571434,115,,./report/pdb_by_site/site_all_115_65_1.sdf
65,-2.226,-0.318,41,,./report/pdb_by_site/site_all_41_65_3.sdf
65,-2.191,-0.313,34,,./report/pdb_by_site/site_all_34_65_1.sdf
65,-2.1799999999999997,-0.3114285714285714,67,,./report/pdb_by_site/site_all_67_65_1.sdf
65,-2.08,-0.29714285714285715,50,,./report/pdb_by_site/site_all_50_65_1.sdf
65,-2.027,-0.2895714285714286,27,,./report/pdb_by_site/site_all_27_65_2.sdf
65,-2.0060000000000002,-0.2865714285714286,25,,./report/pdb_by_site/site_all_25_65_2.sdf
66,-4.47,-0.6385714285714286,2,,./report/pdb_by_site/site_all_2_66_1.sdf
66,-4.26,-0.6085714285714285,3,,./report/pdb_by_site/site_all_3_66_1.sdf
66,-3.7409999999999997,-0.5344285714285714,4,,./report/pdb_by_site/site_all_4_66_1.sdf
66,-3.496,-0.49942857142857144,2,,./report/pdb_by_site/site_all_2_66_2.sdf
66,-3.48,-0.49714285714285716,11,,./report/pdb_by_site/site_all_11_66_1.sdf
66,-3.4699999999999998,-0.49571428571428566,5,,./report/pdb_by_site/site_all_5_66_1.sdf
66,-3.33,-0.4757142857142857,9,,./report/pdb_by_site/site_all_9_66_1.sdf
66,-3.23,-0.4614285714285714,25,,./report/pdb_by_site/site_all_25_66_1.sdf
66,-3.2009999999999996,-0.45728571428571424,5,,./report/pdb_by_site/site_all_5_66_2.sdf
66,-3.1300000000000003,-0.4471428571428572,10,,./report/pdb_by_site/site_all_10_66_1.sdf
66,-3.12,-0.44571428571428573,10,,./report/pdb_by_site/site_all_10_66_2.sdf
66,-3.09,-0.4414285714285714,41,,./report/pdb_by_site/site_all_41_66_1.sdf
66,-3.08,-0.44,57,,./report/pdb_by_site/site_all_57_66_1.sdf
66,-3.0729999999999995,-0.43899999999999995,24,,./report/pdb_by_site/site_all_24_66_1.sdf
66,-3.0500000000000003,-0.4357142857142858,17,,./report/pdb_by_site/site_all_17_66_1.sdf
66,-2.96,-0.4228571428571429,24,,./report/pdb_by_site/site_all_24_66_2.sdf
66,-2.8799999999999994,-0.41142857142857137,27,,./report/pdb_by_site/site_all_27_66_1.sdf
66,-2.83,-0.4042857142857143,3,,./report/pdb_by_site/site_all_3_66_2.sdf
66,-2.826,-0.40371428571428575,35,,./report/pdb_by_site/site_all_35_66_1.sdf
66,-2.7319999999999998,-0.39028571428571424,27,,./report/pdb_by_site/site_all_27_66_2.sdf
66,-2.7150000000000003,-0.3878571428571429,18,,./report/pdb_by_site/site_all_18_66_1.sdf
66,-2.62,-0.3742857142857143,30,,./report/pdb_by_site/site_all_30_66_1.sdf
66,-2.618,-0.374,22,,./report/pdb_by_site/site_all_22_66_1.sdf
66,-2.5530000000000004,-0.36471428571428577,12,,./report/pdb_by_site/site_all_12_66_1.sdf
66,-2.52,-0.36,30,,./report/pdb_by_site/site_all_30_66_2.sdf
66,-2.48,-0.35428571428571426,27,,./report/pdb_by_site/site_all_27_66_3.sdf
66,-2.47,-0.35285714285714287,57,,./report/pdb_by_site/site_all_57_66_2.sdf
66,-2.453,-0.3504285714285714,53,,./report/pdb_by_site/site_all_53_66_1.sdf
66,-2.441,-0.3487142857142857,19,,./report/pdb_by_site/site_all_19_66_1.sdf
66,-2.3649999999999998,-0.3378571428571428,44,,./report/pdb_by_site/site_all_44_66_1.sdf
66,-2.332,-0.33314285714285713,15,,./report/pdb_by_site/site_all_15_66_1.sdf
66,-2.311,-0.3301428571428571,10,,./report/pdb_by_site/site_all_10_66_3.sdf
66,-2.31,-0.33,30,,./report/pdb_by_site/site_all_30_66_3.sdf
66,-2.3089999999999997,-0.3298571428571428,3,,./report/pdb_by_site/site_all_3_66_3.sdf
66,-2.3,-0.32857142857142857,26,,./report/pdb_by_site/site_all_26_66_1.sdf
66,-2.2552000000000003,-0.3221714285714286,20,,./report/pdb_by_site/site_all_20_66_1.sdf
66,-2.2430000000000003,-0.32042857142857145,21,,./report/pdb_by_site/site_all_21_66_1.sdf
66,-2.166,-0.30942857142857144,41,,./report/pdb_by_site/site_all_41_66_2.sdf
66,-2.16,-0.3085714285714286,41,,./report/pdb_by_site/site_all_41_66_3.sdf
66,-2.11,-0.30142857142857143,80,,./report/pdb_by_site/site_all_80_66_1.sdf
66,-2.0887000000000002,-0.2983857142857143,27,,./report/pdb_by_site/site_all_27_66_4.sdf
66,-2.08,-0.29714285714285715,58,,./report/pdb_by_site/site_all_58_66_1.sdf
66,-2.0623,-0.2946142857142857,34,,./report/pdb_by_site/site_all_34_66_1.sdf
66,-2.06,-0.2942857142857143,56,,./report/pdb_by_site/site_all_56_66_1.sdf
66,-2.043,-0.29185714285714287,58,,./report/pdb_by_site/site_all_58_66_2.sdf
66,-2.0164999999999997,-0.28807142857142853,9,,./report/pdb_by_site/site_all_9_66_2.sdf
66,-2.0151000000000003,-0.2878714285714286,27,,./report/pdb_by_site/site_all_27_66_5.sdf
67,-5.550000000000001,-0.7928571428571429,3,,./report/pdb_by_site/site_all_3_67_1.sdf
67,-5.25,-0.75,9,,./report/pdb_by_site/site_all_9_67_1.sdf
67,-5.0,-0.7142857142857143,4,,./report/pdb_by_site/site_all_4_67_1.sdf
67,-4.98,-0.7114285714285715,2,,./report/pdb_by_site/site_all_2_67_1.sdf
67,-4.82,-0.6885714285714286,2,,./report/pdb_by_site/site_all_2_67_2.sdf
67,-4.73,-0.6757142857142858,17,,./report/pdb_by_site/site_all_17_67_1.sdf
67,-4.66,-0.6657142857142857,11,,./report/pdb_by_site/site_all_11_67_1.sdf
67,-4.4399999999999995,-0.6342857142857142,10,,./report/pdb_by_site/site_all_10_67_1.sdf
67,-4.24,-0.6057142857142858,26,,./report/pdb_by_site/site_all_26_67_1.sdf
67,-4.21,-0.6014285714285714,10,,./report/pdb_by_site/site_all_10_67_2.sdf
67,-4.08,-0.5828571428571429,18,,./report/pdb_by_site/site_all_18_67_1.sdf
67,-4.07,-0.5814285714285715,30,,./report/pdb_by_site/site_all_30_67_1.sdf
67,-4.04,-0.5771428571428572,41,,./report/pdb_by_site/site_all_41_67_1.sdf
67,-4.02,-0.5742857142857142,25,,./report/pdb_by_site/site_all_25_67_1.sdf
67,-3.9899999999999998,-0.57,24,,./report/pdb_by_site/site_all_24_67_1.sdf
67,-3.8499999999999996,-0.5499999999999999,22,,./report/pdb_by_site/site_all_22_67_1.sdf
67,-3.7299999999999995,-0.5328571428571428,57,,./report/pdb_by_site/site_all_57_67_1.sdf
67,-3.697,-0.5281428571428571,12,,./report/pdb_by_site/site_all_12_67_1.sdf
67,-3.69,-0.5271428571428571,3,,./report/pdb_by_site/site_all_3_67_2.sdf
67,-3.69,-0.5271428571428571,27,,./report/pdb_by_site/site_all_27_67_1.sdf
67,-3.6499999999999995,-0.5214285714285714,5,,./report/pdb_by_site/site_all_5_67_1.sdf
67,-3.58,-0.5114285714285715,5,,./report/pdb_by_site/site_all_5_67_2.sdf
67,-3.5500000000000003,-0.5071428571428572,10,,./report/pdb_by_site/site_all_10_67_3.sdf
67,-3.54,-0.5057142857142857,19,,./report/pdb_by_site/site_all_19_67_1.sdf
67,-3.5300000000000002,-0.5042857142857143,41,,./report/pdb_by_site/site_all_41_67_2.sdf
67,-3.49,-0.4985714285714286,2,,./report/pdb_by_site/site_all_2_67_3.sdf
67,-3.4800000000000004,-0.4971428571428572,27,,./report/pdb_by_site/site_all_27_67_2.sdf
67,-3.46,-0.4942857142857143,5,,./report/pdb_by_site/site_all_5_67_3.sdf
67,-3.363,-0.4804285714285714,3,,./report/pdb_by_site/site_all_3_67_3.sdf
67,-3.29,-0.47000000000000003,20,,./report/pdb_by_site/site_all_20_67_1.sdf
67,-3.24,-0.4628571428571429,80,,./report/pdb_by_site/site_all_80_67_1.sdf
67,-3.183,-0.4547142857142857,9,,./report/pdb_by_site/site_all_9_67_2.sdf
67,-3.1600000000000006,-0.4514285714285715,19,,./report/pdb_by_site/site_all_19_67_2.sdf
67,-3.1099999999999994,-0.44428571428571423,56,,./report/pdb_by_site/site_all_56_67_1.sdf
67,-3.09,-0.4414285714285714,57,,./report/pdb_by_site/site_all_57_67_2.sdf
67,-3.05,-0.43571428571428567,58,,./report/pdb_by_site/site_all_58_67_1.sdf
67,-3.0200000000000005,-0.4314285714285715,21,,./report/pdb_by_site/site_all_21_67_1.sdf
67,-2.98,-0.4257142857142857,53,,./report/pdb_by_site/site_all_53_67_1.sdf
67,-2.89,-0.41285714285714287,67,,./report/pdb_by_site/site_all_67_67_1.sdf
67,-2.89,-0.41285714285714287,36,,./report/pdb_by_site/site_all_36_67_1.sdf
67,-2.8839999999999995,-0.4119999999999999,15,,./report/pdb_by_site/site_all_15_67_1.sdf
67,-2.84,-0.4057142857142857,10,,./report/pdb_by_site/site_all_10_67_4.sdf
67,-2.71,-0.3871428571428571,67,,./report/pdb_by_site/site_all_67_67_2.sdf
67,-2.69,-0.3842857142857143,58,,./report/pdb_by_site/site_all_58_67_2.sdf
67,-2.674,-0.382,21,,./report/pdb_by_site/site_all_21_67_2.sdf
67,-2.67,-0.3814285714285714,30,,./report/pdb_by_site/site_all_30_67_2.sdf
67,-2.67,-0.3814285714285714,93,,./report/pdb_by_site/site_all_93_67_1.sdf
67,-2.63,-0.3757142857142857,30,,./report/pdb_by_site/site_all_30_67_3.sdf
67,-2.62,-0.3742857142857143,57,,./report/pdb_by_site/site_all_57_67_3.sdf
67,-2.6,-0.37142857142857144,115,,./report/pdb_by_site/site_all_115_67_1.sdf
67,-2.59,-0.37,24,,./report/pdb_by_site/site_all_24_67_2.sdf
67,-2.5599999999999996,-0.36571428571428566,26,,./report/pdb_by_site/site_all_26_67_2.sdf
67,-2.5599999999999996,-0.36571428571428566,80,,./report/pdb_by_site/site_all_80_67_2.sdf
67,-2.551,-0.36442857142857144,20,,./report/pdb_by_site/site_all_20_67_2.sdf
67,-2.54,-0.3628571428571429,109,,./report/pdb_by_site/site_all_109_67_1.sdf
67,-2.54,-0.3628571428571429,44,,./report/pdb_by_site/site_all_44_67_1.sdf
67,-2.5300000000000002,-0.3614285714285715,81,,./report/pdb_by_site/site_all_81_67_1.sdf
67,-2.5149999999999997,-0.35928571428571426,67,,./report/pdb_by_site/site_all_67_67_3.sdf
67,-2.51,-0.35857142857142854,36,,./report/pdb_by_site/site_all_36_67_2.sdf
67,-2.51,-0.35857142857142854,41,,./report/pdb_by_site/site_all_41_67_3.sdf
67,-2.5000000000000004,-0.3571428571428572,113,,./report/pdb_by_site/site_all_113_67_1.sdf
67,-2.49,-0.35571428571428576,105,,./report/pdb_by_site/site_all_105_67_1.sdf
67,-2.487,-0.3552857142857143,98,,./report/pdb_by_site/site_all_98_67_1.sdf
67,-2.485,-0.355,77,,./report/pdb_by_site/site_all_77_67_1.sdf
67,-2.46,-0.3514285714285714,96,,./report/pdb_by_site/site_all_96_67_1.sdf
67,-2.4499999999999997,-0.35,93,,./report/pdb_by_site/site_all_93_67_2.sdf
67,-2.4000000000000004,-0.3428571428571429,74,,./report/pdb_by_site/site_all_74_67_1.sdf
67,-2.39,-0.34142857142857147,31,,./report/pdb_by_site/site_all_31_67_1.sdf
67,-2.37,-0.3385714285714286,109,,./report/pdb_by_site/site_all_109_67_2.sdf
67,-2.36,-0.33714285714285713,87,,./report/pdb_by_site/site_all_87_67_1.sdf
67,-2.36,-0.33714285714285713,103,,./report/pdb_by_site/site_all_103_67_1.sdf
67,-2.34,-0.33428571428571424,27,,./report/pdb_by_site/site_all_27_67_3.sdf
67,-2.32,-0.3314285714285714,79,,./report/pdb_by_site/site_all_79_67_1.sdf
67,-2.299,-0.3284285714285714,3,,./report/pdb_by_site/site_all_3_67_4.sdf
67,-2.29,-0.3271428571428571,17,,./report/pdb_by_site/site_all_17_67_2.sdf
67,-2.23,-0.31857142857142856,53,,./report/pdb_by_site/site_all_53_67_2.sdf
67,-2.22,-0.31714285714285717,75,,./report/pdb_by_site/site_all_75_67_1.sdf
67,-2.217,-0.3167142857142857,24,,./report/pdb_by_site/site_all_24_67_3.sdf
67,-2.21,-0.3157142857142857,11,,./report/pdb_by_site/site_all_11_67_2.sdf
67,-2.18,-0.31142857142857144,85,,./report/pdb_by_site/site_all_85_67_1.sdf
67,-2.1500000000000004,-0.3071428571428572,69,,./report/pdb_by_site/site_all_69_67_1.sdf
67,-2.15,-0.3071428571428571,50,,./report/pdb_by_site/site_all_50_67_1.sdf
67,-2.1100000000000003,-0.3014285714285715,100,,./report/pdb_by_site/site_all_100_67_1.sdf
67,-2.11,-0.30142857142857143,91,,./report/pdb_by_site/site_all_91_67_1.sdf
67,-2.07,-0.2957142857142857,50,,./report/pdb_by_site/site_all_50_67_2.sdf
67,-2.05,-0.2928571428571428,75,,./report/pdb_by_site/site_all_75_67_2.sdf
67,-2.0407,-0.29152857142857147,38,,./report/pdb_by_site/site_all_38_67_1.sdf
67,-2.02,-0.2885714285714286,17,,./report/pdb_by_site/site_all_17_67_3.sdf
68_1,-5.609999999999999,-0.8014285714285714,3,,./report/pdb_by_site/site_all_3_68_1_1.sdf
68_1,-5.09,-0.7271428571428571,9,,./report/pdb_by_site/site_all_9_68_1_1.sdf
68_1,-5.09,-0.7271428571428571,2,,./report/pdb_by_site/site_all_2_68_1_1.sdf
68_1,-4.77,-0.6814285714285714,10,,./report/pdb_by_site/site_all_10_68_1_1.sdf
68_1,-4.71,-0.6728571428571428,2,,./report/pdb_by_site/site_all_2_68_1_2.sdf
68_1,-4.61,-0.6585714285714286,5,,./report/pdb_by_site/site_all_5_68_1_1.sdf
68_1,-4.44,-0.6342857142857143,10,,./report/pdb_by_site/site_all_10_68_1_2.sdf
68_1,-4.3,-0.6142857142857142,5,,./report/pdb_by_site/site_all_5_68_1_2.sdf
68_1,-4.08,-0.5828571428571429,5,,./report/pdb_by_site/site_all_5_68_1_3.sdf
68_1,-4.0,-0.5714285714285714,30,,./report/pdb_by_site/site_all_30_68_1_1.sdf
68_1,-3.97,-0.5671428571428572,17,,./report/pdb_by_site/site_all_17_68_1_1.sdf
68_1,-3.91,-0.5585714285714286,11,,./report/pdb_by_site/site_all_11_68_1_1.sdf
68_1,-3.77,-0.5385714285714286,25,,./report/pdb_by_site/site_all_25_68_1_1.sdf
68_1,-3.74,-0.5342857142857144,22,,./report/pdb_by_site/site_all_22_68_1_1.sdf
68_1,-3.64,-0.52,30,,./report/pdb_by_site/site_all_30_68_1_2.sdf
68_1,-3.64,-0.52,24,,./report/pdb_by_site/site_all_24_68_1_1.sdf
68_1,-3.6300000000000003,-0.5185714285714286,12,,./report/pdb_by_site/site_all_12_68_1_1.sdf
68_1,-3.62,-0.5171428571428571,18,,./report/pdb_by_site/site_all_18_68_1_1.sdf
68_1,-3.61,-0.5157142857142857,24,,./report/pdb_by_site/site_all_24_68_1_2.sdf
68_1,-3.592,-0.5131428571428571,20,,./report/pdb_by_site/site_all_20_68_1_1.sdf
68_1,-3.59,-0.5128571428571428,27,,./report/pdb_by_site/site_all_27_68_1_1.sdf
68_1,-3.573,-0.5104285714285715,15,,./report/pdb_by_site/site_all_15_68_1_1.sdf
68_1,-3.5599999999999996,-0.5085714285714286,21,,./report/pdb_by_site/site_all_21_68_1_1.sdf
68_1,-3.5100000000000002,-0.5014285714285714,3,,./report/pdb_by_site/site_all_3_68_1_2.sdf
68_1,-3.46,-0.4942857142857143,19,,./report/pdb_by_site/site_all_19_68_1_1.sdf
68_1,-3.44,-0.49142857142857144,12,,./report/pdb_by_site/site_all_12_68_1_2.sdf
68_1,-3.39,-0.4842857142857143,44,,./report/pdb_by_site/site_all_44_68_1_1.sdf
68_1,-3.37,-0.48142857142857143,10,,./report/pdb_by_site/site_all_10_68_1_3.sdf
68_1,-3.301,-0.4715714285714286,24,,./report/pdb_by_site/site_all_24_68_1_3.sdf
68_1,-3.26,-0.4657142857142857,57,,./report/pdb_by_site/site_all_57_68_1_1.sdf
68_1,-3.1999999999999997,-0.45714285714285713,30,,./report/pdb_by_site/site_all_30_68_1_3.sdf
68_1,-3.16,-0.45142857142857146,27,,./report/pdb_by_site/site_all_27_68_1_2.sdf
68_1,-3.15,-0.45,41,,./report/pdb_by_site/site_all_41_68_1_1.sdf
68_1,-3.1300000000000003,-0.4471428571428572,41,,./report/pdb_by_site/site_all_41_68_1_2.sdf
68_1,-3.1299999999999994,-0.44714285714285706,26,,./report/pdb_by_site/site_all_26_68_1_1.sdf
68_1,-3.1199999999999997,-0.4457142857142857,56,,./report/pdb_by_site/site_all_56_68_1_1.sdf
68_1,-3.116,-0.4451428571428572,36,,./report/pdb_by_site/site_all_36_68_1_1.sdf
68_1,-3.11,-0.4442857142857143,10,,./report/pdb_by_site/site_all_10_68_1_4.sdf
68_1,-3.0940000000000003,-0.44200000000000006,11,,./report/pdb_by_site/site_all_11_68_1_2.sdf
68_1,-3.042,-0.43457142857142855,34,,./report/pdb_by_site/site_all_34_68_1_1.sdf
68_1,-3.0299999999999994,-0.4328571428571428,41,,./report/pdb_by_site/site_all_41_68_1_3.sdf
68_1,-2.888,-0.41257142857142853,53,,./report/pdb_by_site/site_all_53_68_1_1.sdf
68_1,-2.8600000000000003,-0.40857142857142864,24,,./report/pdb_by_site/site_all_24_68_1_4.sdf
68_1,-2.8499999999999996,-0.4071428571428571,58,,./report/pdb_by_site/site_all_58_68_1_1.sdf
68_1,-2.81,-0.4014285714285714,79,,./report/pdb_by_site/site_all_79_68_1_1.sdf
68_1,-2.78,-0.39714285714285713,10,,./report/pdb_by_site/site_all_10_68_1_5.sdf
68_1,-2.78,-0.39714285714285713,57,,./report/pdb_by_site/site_all_57_68_1_2.sdf
68_1,-2.7500000000000004,-0.3928571428571429,75,,./report/pdb_by_site/site_all_75_68_1_1.sdf
68_1,-2.75,-0.39285714285714285,85,,./report/pdb_by_site/site_all_85_68_1_1.sdf
68_1,-2.75,-0.39285714285714285,80,,./report/pdb_by_site/site_all_80_68_1_1.sdf
68_1,-2.7399999999999998,-0.3914285714285714,20,,./report/pdb_by_site/site_all_20_68_1_2.sdf
68_1,-2.6500000000000004,-0.3785714285714286,36,,./report/pdb_by_site/site_all_36_68_1_2.sdf
68_1,-2.65,-0.37857142857142856,56,,./report/pdb_by_site/site_all_56_68_1_2.sdf
68_1,-2.6,-0.37142857142857144,58,,./report/pdb_by_site/site_all_58_68_1_2.sdf
68_1,-2.59,-0.37,111,,./report/pdb_by_site/site_all_111_68_1_1.sdf
68_1,-2.57,-0.3671428571428571,17,,./report/pdb_by_site/site_all_17_68_1_2.sdf
68_1,-2.5300000000000002,-0.3614285714285715,115,,./report/pdb_by_site/site_all_115_68_1_1.sdf
68_1,-2.53,-0.3614285714285714,77,,./report/pdb_by_site/site_all_77_68_1_1.sdf
68_1,-2.4400000000000004,-0.34857142857142864,38,,./report/pdb_by_site/site_all_38_68_1_1.sdf
68_1,-2.42,-0.3457142857142857,67,,./report/pdb_by_site/site_all_67_68_1_1.sdf
68_1,-2.38,-0.33999999999999997,57,,./report/pdb_by_site/site_all_57_68_1_3.sdf
68_1,-2.336,-0.3337142857142857,22,,./report/pdb_by_site/site_all_22_68_1_2.sdf
68_1,-2.3280000000000003,-0.33257142857142863,21,,./report/pdb_by_site/site_all_21_68_1_2.sdf
68_1,-2.321,-0.3315714285714286,50,,./report/pdb_by_site/site_all_50_68_1_1.sdf
68_1,-2.3200000000000003,-0.33142857142857146,108,,./report/pdb_by_site/site_all_108_68_1_1.sdf
68_1,-2.28,-0.3257142857142857,109,,./report/pdb_by_site/site_all_109_68_1_1.sdf
68_1,-2.26,-0.32285714285714284,70,,./report/pdb_by_site/site_all_70_68_1_1.sdf
68_1,-2.24,-0.32,81,,./report/pdb_by_site/site_all_81_68_1_1.sdf
68_1,-2.2020000000000004,-0.3145714285714286,27,,./report/pdb_by_site/site_all_27_68_1_3.sdf
68_1,-2.19,-0.31285714285714283,80,,./report/pdb_by_site/site_all_80_68_1_2.sdf
68_1,-2.177,-0.311,93,,./report/pdb_by_site/site_all_93_68_1_1.sdf
68_1,-2.13,-0.30428571428571427,130,,./report/pdb_by_site/site_all_130_68_1_1.sdf
68_1,-2.1100000000000003,-0.3014285714285715,14,,./report/pdb_by_site/site_all_14_68_1_1.sdf
68_1,-2.104,-0.3005714285714286,80,,./report/pdb_by_site/site_all_80_68_1_3.sdf
68_1,-2.0900000000000003,-0.2985714285714286,87,,./report/pdb_by_site/site_all_87_68_1_1.sdf
68_1,-2.067,-0.2952857142857143,35,,./report/pdb_by_site/site_all_35_68_1_1.sdf
68_2,-5.41,-0.7728571428571429,3,,./report/pdb_by_site/site_all_3_68_2_1.sdf
68_2,-5.369999999999999,-0.767142857142857,5,,./report/pdb_by_site/site_all_5_68_2_1.sdf
68_2,-5.34,-0.7628571428571428,5,,./report/pdb_by_site/site_all_5_68_2_2.sdf
68_2,-5.1899999999999995,-0.7414285714285713,4,,./report/pdb_by_site/site_all_4_68_2_1.sdf
68_2,-5.08,-0.7257142857142858,2,,./report/pdb_by_site/site_all_2_68_2_1.sdf
68_2,-5.07,-0.7242857142857143,12,,./report/pdb_by_site/site_all_12_68_2_1.sdf
68_2,-4.91,-0.7014285714285714,5,,./report/pdb_by_site/site_all_5_68_2_3.sdf
68_2,-4.78,-0.6828571428571429,10,,./report/pdb_by_site/site_all_10_68_2_1.sdf
68_2,-4.77,-0.6814285714285714,36,,./report/pdb_by_site/site_all_36_68_2_1.sdf
68_2,-4.682,-0.6688571428571429,9,,./report/pdb_by_site/site_all_9_68_2_1.sdf
68_2,-4.51,-0.6442857142857142,22,,./report/pdb_by_site/site_all_22_68_2_1.sdf
68_2,-4.448,-0.6354285714285715,21,,./report/pdb_by_site/site_all_21_68_2_1.sdf
68_2,-4.37,-0.6242857142857143,2,,./report/pdb_by_site/site_all_2_68_2_2.sdf
68_2,-4.33,-0.6185714285714285,17,,./report/pdb_by_site/site_all_17_68_2_1.sdf
68_2,-4.286,-0.6122857142857142,15,,./report/pdb_by_site/site_all_15_68_2_1.sdf
68_2,-4.151,-0.593,14,,./report/pdb_by_site/site_all_14_68_2_1.sdf
68_2,-4.09,-0.5842857142857143,31,,./report/pdb_by_site/site_all_31_68_2_1.sdf
68_2,-4.04,-0.5771428571428572,36,,./report/pdb_by_site/site_all_36_68_2_2.sdf
68_2,-3.97,-0.5671428571428572,10,,./report/pdb_by_site/site_all_10_68_2_2.sdf
68_2,-3.9099999999999997,-0.5585714285714285,25,,./report/pdb_by_site/site_all_25_68_2_1.sdf
68_2,-3.88,-0.5542857142857143,26,,./report/pdb_by_site/site_all_26_68_2_1.sdf
68_2,-3.85,-0.55,11,,./report/pdb_by_site/site_all_11_68_2_1.sdf
68_2,-3.81,-0.5442857142857143,58,,./report/pdb_by_site/site_all_58_68_2_1.sdf
68_2,-3.71,-0.53,44,,./report/pdb_by_site/site_all_44_68_2_1.sdf
68_2,-3.56,-0.5085714285714286,77,,./report/pdb_by_site/site_all_77_68_2_1.sdf
68_2,-3.5370000000000004,-0.5052857142857143,19,,./report/pdb_by_site/site_all_19_68_2_1.sdf
68_2,-3.52,-0.5028571428571429,36,,./report/pdb_by_site/site_all_36_68_2_3.sdf
68_2,-3.51,-0.5014285714285714,49,,./report/pdb_by_site/site_all_49_68_2_1.sdf
68_2,-3.5,-0.5,9,,./report/pdb_by_site/site_all_9_68_2_2.sdf
68_2,-3.42,-0.48857142857142855,27,,./report/pdb_by_site/site_all_27_68_2_1.sdf
68_2,-3.41,-0.48714285714285716,30,,./report/pdb_by_site/site_all_30_68_2_1.sdf
68_2,-3.4080000000000004,-0.48685714285714293,38,,./report/pdb_by_site/site_all_38_68_2_1.sdf
68_2,-3.3499999999999996,-0.47857142857142854,65,,./report/pdb_by_site/site_all_65_68_2_1.sdf
68_2,-3.287,-0.4695714285714286,81,,./report/pdb_by_site/site_all_81_68_2_1.sdf
68_2,-3.2399999999999998,-0.4628571428571428,3,,./report/pdb_by_site/site_all_3_68_2_2.sdf
68_2,-3.2359999999999998,-0.46228571428571424,9,,./report/pdb_by_site/site_all_9_68_2_3.sdf
68_2,-3.2089999999999996,-0.45842857142857135,4,,./report/pdb_by_site/site_all_4_68_2_2.sdf
68_2,-3.2059999999999995,-0.4579999999999999,12,,./report/pdb_by_site/site_all_12_68_2_2.sdf
68_2,-3.1999999999999997,-0.45714285714285713,40,,./report/pdb_by_site/site_all_40_68_2_1.sdf
68_2,-3.1799999999999997,-0.45428571428571424,24,,./report/pdb_by_site/site_all_24_68_2_1.sdf
68_2,-3.15,-0.45,65,,./report/pdb_by_site/site_all_65_68_2_2.sdf
68_2,-3.1399999999999997,-0.4485714285714285,58,,./report/pdb_by_site/site_all_58_68_2_2.sdf
68_2,-3.103,-0.44328571428571434,22,,./report/pdb_by_site/site_all_22_68_2_2.sdf
68_2,-3.085,-0.4407142857142857,35,,./report/pdb_by_site/site_all_35_68_2_1.sdf
68_2,-3.0690000000000004,-0.4384285714285715,74,,./report/pdb_by_site/site_all_74_68_2_1.sdf
68_2,-3.035,-0.4335714285714286,20,,./report/pdb_by_site/site_all_20_68_2_1.sdf
68_2,-3.01,-0.43,24,,./report/pdb_by_site/site_all_24_68_2_2.sdf
68_2,-2.98,-0.4257142857142857,53,,./report/pdb_by_site/site_all_53_68_2_1.sdf
68_2,-2.98,-0.4257142857142857,30,,./report/pdb_by_site/site_all_30_68_2_2.sdf
68_2,-2.8299999999999996,-0.40428571428571425,41,,./report/pdb_by_site/site_all_41_68_2_1.sdf
68_2,-2.803,-0.4004285714285714,60,,./report/pdb_by_site/site_all_60_68_2_1.sdf
68_2,-2.73,-0.39,56,,./report/pdb_by_site/site_all_56_68_2_1.sdf
68_2,-2.71,-0.3871428571428571,57,,./report/pdb_by_site/site_all_57_68_2_1.sdf
68_2,-2.7099999999999995,-0.38714285714285707,69,,./report/pdb_by_site/site_all_69_68_2_1.sdf
68_2,-2.6499999999999995,-0.3785714285714285,41,,./report/pdb_by_site/site_all_41_68_2_2.sdf
68_2,-2.606,-0.3722857142857143,75,,./report/pdb_by_site/site_all_75_68_2_1.sdf
68_2,-2.598,-0.3711428571428571,109,,./report/pdb_by_site/site_all_109_68_2_1.sdf
68_2,-2.5949999999999998,-0.37071428571428566,78,,./report/pdb_by_site/site_all_78_68_2_1.sdf
68_2,-2.5930000000000004,-0.3704285714285715,21,,./report/pdb_by_site/site_all_21_68_2_2.sdf
68_2,-2.5570000000000004,-0.3652857142857143,80,,./report/pdb_by_site/site_all_80_68_2_1.sdf
68_2,-2.5347,-0.3621,48,,./report/pdb_by_site/site_all_48_68_2_1.sdf
68_2,-2.52,-0.36,97,,./report/pdb_by_site/site_all_97_68_2_1.sdf
68_2,-2.47,-0.35285714285714287,104,,./report/pdb_by_site/site_all_104_68_2_1.sdf
68_2,-2.4499999999999997,-0.35,67,,./report/pdb_by_site/site_all_67_68_2_1.sdf
68_2,-2.4493,-0.3499,71,,./report/pdb_by_site/site_all_71_68_2_1.sdf
68_2,-2.4,-0.34285714285714286,124,,./report/pdb_by_site/site_all_124_68_2_1.sdf
68_2,-2.39,-0.34142857142857147,67,,./report/pdb_by_site/site_all_67_68_2_2.sdf
68_2,-2.39,-0.34142857142857147,17,,./report/pdb_by_site/site_all_17_68_2_2.sdf
68_2,-2.3899999999999997,-0.34142857142857136,92,,./report/pdb_by_site/site_all_92_68_2_1.sdf
68_2,-2.385,-0.3407142857142857,109,,./report/pdb_by_site/site_all_109_68_2_2.sdf
68_2,-2.36,-0.33714285714285713,22,,./report/pdb_by_site/site_all_22_68_2_3.sdf
68_2,-2.2840000000000003,-0.32628571428571435,96,,./report/pdb_by_site/site_all_96_68_2_1.sdf
68_2,-2.272,-0.32457142857142857,36,,./report/pdb_by_site/site_all_36_68_2_4.sdf
68_2,-2.266,-0.32371428571428573,25,,./report/pdb_by_site/site_all_25_68_2_2.sdf
68_2,-2.24,-0.32,26,,./report/pdb_by_site/site_all_26_68_2_2.sdf
68_2,-2.2199999999999998,-0.3171428571428571,81,,./report/pdb_by_site/site_all_81_68_2_2.sdf
68_2,-2.1999999999999997,-0.3142857142857142,118,,./report/pdb_by_site/site_all_118_68_2_1.sdf
68_2,-2.1799999999999997,-0.3114285714285714,57,,./report/pdb_by_site/site_all_57_68_2_2.sdf
68_2,-2.161,-0.3087142857142857,80,,./report/pdb_by_site/site_all_80_68_2_2.sdf
68_2,-2.1499999999999995,-0.30714285714285705,39,,./report/pdb_by_site/site_all_39_68_2_1.sdf
68_2,-2.1,-0.3,109,,./report/pdb_by_site/site_all_109_68_2_3.sdf
68_2,-2.096,-0.29942857142857143,38,,./report/pdb_by_site/site_all_38_68_2_2.sdf
68_2,-2.069,-0.29557142857142854,56,,./report/pdb_by_site/site_all_56_68_2_2.sdf
68_2,-2.0580000000000003,-0.29400000000000004,44,,./report/pdb_by_site/site_all_44_68_2_2.sdf
69_1,-5.62,-0.8028571428571428,3,,./report/pdb_by_site/site_all_3_69_1_1.sdf
69_1,-4.659999999999999,-0.6657142857142856,10,,./report/pdb_by_site/site_all_10_69_1_1.sdf
69_1,-4.46,-0.6371428571428571,2,,./report/pdb_by_site/site_all_2_69_1_1.sdf
69_1,-4.18,-0.5971428571428571,5,,./report/pdb_by_site/site_all_5_69_1_1.sdf
69_1,-4.1000000000000005,-0.5857142857142857,3,,./report/pdb_by_site/site_all_3_69_1_2.sdf
69_1,-4.09,-0.5842857142857143,9,,./report/pdb_by_site/site_all_9_69_1_1.sdf
69_1,-3.9900000000000007,-0.5700000000000001,10,,./report/pdb_by_site/site_all_10_69_1_2.sdf
69_1,-3.97,-0.5671428571428572,10,,./report/pdb_by_site/site_all_10_69_1_3.sdf
69_1,-3.9699999999999998,-0.5671428571428571,5,,./report/pdb_by_site/site_all_5_69_1_2.sdf
69_1,-3.922,-0.5602857142857143,21,,./report/pdb_by_site/site_all_21_69_1_1.sdf
69_1,-3.841,-0.5487142857142857,11,,./report/pdb_by_site/site_all_11_69_1_1.sdf
69_1,-3.533,-0.5047142857142857,2,,./report/pdb_by_site/site_all_2_69_1_2.sdf
69_1,-3.3200000000000003,-0.4742857142857143,15,,./report/pdb_by_site/site_all_15_69_1_1.sdf
69_1,-3.2399999999999998,-0.4628571428571428,17,,./report/pdb_by_site/site_all_17_69_1_1.sdf
69_1,-3.22,-0.46,22,,./report/pdb_by_site/site_all_22_69_1_1.sdf
69_1,-3.1959999999999997,-0.4565714285714285,24,,./report/pdb_by_site/site_all_24_69_1_1.sdf
69_1,-3.156,-0.4508571428571429,20,,./report/pdb_by_site/site_all_20_69_1_1.sdf
69_1,-3.12,-0.44571428571428573,34,,./report/pdb_by_site/site_all_34_69_1_1.sdf
69_1,-3.1,-0.4428571428571429,18,,./report/pdb_by_site/site_all_18_69_1_1.sdf
69_1,-3.0600000000000005,-0.4371428571428572,27,,./report/pdb_by_site/site_all_27_69_1_1.sdf
69_1,-3.0500000000000003,-0.4357142857142858,41,,./report/pdb_by_site/site_all_41_69_1_1.sdf
69_1,-3.04,-0.4342857142857143,24,,./report/pdb_by_site/site_all_24_69_1_2.sdf
69_1,-2.998,-0.4282857142857143,44,,./report/pdb_by_site/site_all_44_69_1_1.sdf
69_1,-2.94,-0.42,30,,./report/pdb_by_site/site_all_30_69_1_1.sdf
69_1,-2.92,-0.41714285714285715,3,,./report/pdb_by_site/site_all_3_69_1_3.sdf
69_1,-2.91,-0.41571428571428576,25,,./report/pdb_by_site/site_all_25_69_1_1.sdf
69_1,-2.8289999999999997,-0.4041428571428571,20,,./report/pdb_by_site/site_all_20_69_1_2.sdf
69_1,-2.8273,-0.40390000000000004,12,,./report/pdb_by_site/site_all_12_69_1_1.sdf
69_1,-2.814,-0.402,19,,./report/pdb_by_site/site_all_19_69_1_1.sdf
69_1,-2.78,-0.39714285714285713,36,,./report/pdb_by_site/site_all_36_69_1_1.sdf
69_1,-2.75,-0.39285714285714285,3,,./report/pdb_by_site/site_all_3_69_1_4.sdf
69_1,-2.7023,-0.3860428571428572,12,,./report/pdb_by_site/site_all_12_69_1_2.sdf
69_1,-2.6999999999999997,-0.3857142857142857,56,,./report/pdb_by_site/site_all_56_69_1_1.sdf
69_1,-2.6899999999999995,-0.38428571428571423,30,,./report/pdb_by_site/site_all_30_69_1_2.sdf
69_1,-2.68,-0.3828571428571429,57,,./report/pdb_by_site/site_all_57_69_1_1.sdf
69_1,-2.62,-0.3742857142857143,30,,./report/pdb_by_site/site_all_30_69_1_3.sdf
69_1,-2.5700000000000003,-0.36714285714285716,77,,./report/pdb_by_site/site_all_77_69_1_1.sdf
69_1,-2.552,-0.3645714285714286,38,,./report/pdb_by_site/site_all_38_69_1_1.sdf
69_1,-2.491,-0.35585714285714287,74,,./report/pdb_by_site/site_all_74_69_1_1.sdf
69_1,-2.45,-0.35000000000000003,53,,./report/pdb_by_site/site_all_53_69_1_1.sdf
69_1,-2.41,-0.3442857142857143,10,,./report/pdb_by_site/site_all_10_69_1_4.sdf
69_1,-2.4000000000000004,-0.3428571428571429,41,,./report/pdb_by_site/site_all_41_69_1_2.sdf
69_1,-2.3949999999999996,-0.3421428571428571,75,,./report/pdb_by_site/site_all_75_69_1_1.sdf
69_1,-2.3573000000000004,-0.3367571428571429,35,,./report/pdb_by_site/site_all_35_69_1_1.sdf
69_1,-2.32,-0.3314285714285714,58,,./report/pdb_by_site/site_all_58_69_1_1.sdf
69_1,-2.27,-0.3242857142857143,80,,./report/pdb_by_site/site_all_80_69_1_1.sdf
69_1,-2.2600000000000002,-0.3228571428571429,57,,./report/pdb_by_site/site_all_57_69_1_2.sdf
69_1,-2.2573,-0.3224714285714286,26,,./report/pdb_by_site/site_all_26_69_1_1.sdf
69_1,-2.239,-0.31985714285714284,85,,./report/pdb_by_site/site_all_85_69_1_1.sdf
69_1,-2.193,-0.3132857142857143,9,,./report/pdb_by_site/site_all_9_69_1_2.sdf
69_1,-2.1613,-0.3087571428571429,56,,./report/pdb_by_site/site_all_56_69_1_2.sdf
69_1,-2.15,-0.3071428571428571,57,,./report/pdb_by_site/site_all_57_69_1_3.sdf
69_1,-2.145,-0.30642857142857144,79,,./report/pdb_by_site/site_all_79_69_1_1.sdf
69_1,-2.121,-0.303,57,,./report/pdb_by_site/site_all_57_69_1_4.sdf
69_1,-2.116,-0.3022857142857143,24,,./report/pdb_by_site/site_all_24_69_1_3.sdf
69_1,-2.11,-0.30142857142857143,36,,./report/pdb_by_site/site_all_36_69_1_2.sdf
69_1,-2.05,-0.2928571428571428,65,,./report/pdb_by_site/site_all_65_69_1_1.sdf
69_1,-2.038,-0.2911428571428571,96,,./report/pdb_by_site/site_all_96_69_1_1.sdf
69_1,-2.0300000000000002,-0.29000000000000004,11,,./report/pdb_by_site/site_all_11_69_1_2.sdf
69_1,-2.02,-0.2885714285714286,24,,./report/pdb_by_site/site_all_24_69_1_4.sdf
69_1,-2.013,-0.28757142857142853,58,,./report/pdb_by_site/site_all_58_69_1_2.sdf
69_1,-2.003,-0.28614285714285714,78,,./report/pdb_by_site/site_all_78_69_1_1.sdf
69_2,-3.9749999999999996,-0.5678571428571428,39,,./report/pdb_by_site/site_all_39_69_2_1.sdf
69_2,-3.9000000000000004,-0.5571428571428572,5,,./report/pdb_by_site/site_all_5_69_2_1.sdf
69_2,-3.851,-0.5501428571428572,21,,./report/pdb_by_site/site_all_21_69_2_1.sdf
69_2,-3.8400000000000003,-0.5485714285714286,14,,./report/pdb_by_site/site_all_14_69_2_1.sdf
69_2,-3.7700000000000005,-0.5385714285714286,5,,./report/pdb_by_site/site_all_5_69_2_2.sdf
69_2,-3.77,-0.5385714285714286,36,,./report/pdb_by_site/site_all_36_69_2_1.sdf
69_2,-3.712,-0.5302857142857144,38,,./report/pdb_by_site/site_all_38_69_2_1.sdf
69_2,-3.291,-0.47014285714285714,31,,./report/pdb_by_site/site_all_31_69_2_1.sdf
69_2,-3.27,-0.46714285714285714,22,,./report/pdb_by_site/site_all_22_69_2_1.sdf
69_2,-3.268,-0.4668571428571428,15,,./report/pdb_by_site/site_all_15_69_2_1.sdf
69_2,-3.23,-0.4614285714285714,15,,./report/pdb_by_site/site_all_15_69_2_2.sdf
69_2,-3.0730000000000004,-0.43900000000000006,12,,./report/pdb_by_site/site_all_12_69_2_1.sdf
69_2,-3.02,-0.43142857142857144,3,,./report/pdb_by_site/site_all_3_69_2_1.sdf
69_2,-2.9779999999999998,-0.4254285714285714,2,,./report/pdb_by_site/site_all_2_69_2_1.sdf
69_2,-2.9683,-0.42404285714285717,35,,./report/pdb_by_site/site_all_35_69_2_1.sdf
69_2,-2.8733000000000004,-0.41047142857142865,81,,./report/pdb_by_site/site_all_81_69_2_1.sdf
69_2,-2.7399999999999998,-0.3914285714285714,11,,./report/pdb_by_site/site_all_11_69_2_1.sdf
69_2,-2.725,-0.3892857142857143,44,,./report/pdb_by_site/site_all_44_69_2_1.sdf
69_2,-2.6969999999999996,-0.38528571428571423,65,,./report/pdb_by_site/site_all_65_69_2_1.sdf
69_2,-2.6810000000000005,-0.38300000000000006,40,,./report/pdb_by_site/site_all_40_69_2_1.sdf
69_2,-2.64,-0.37714285714285717,27,,./report/pdb_by_site/site_all_27_69_2_1.sdf
69_2,-2.628,-0.37542857142857144,4,,./report/pdb_by_site/site_all_4_69_2_1.sdf
69_2,-2.6147000000000005,-0.3735285714285715,9,,./report/pdb_by_site/site_all_9_69_2_1.sdf
69_2,-2.607,-0.37242857142857144,79,,./report/pdb_by_site/site_all_79_69_2_1.sdf
69_2,-2.57,-0.3671428571428571,17,,./report/pdb_by_site/site_all_17_69_2_1.sdf
69_2,-2.552,-0.3645714285714286,78,,./report/pdb_by_site/site_all_78_69_2_1.sdf
69_2,-2.5500000000000003,-0.3642857142857143,7,,./report/pdb_by_site/site_all_7_69_2_1.sdf
69_2,-2.485,-0.355,36,,./report/pdb_by_site/site_all_36_69_2_2.sdf
69_2,-2.4727,-0.35324285714285714,29,,./report/pdb_by_site/site_all_29_69_2_1.sdf
69_2,-2.47,-0.35285714285714287,58,,./report/pdb_by_site/site_all_58_69_2_1.sdf
69_2,-2.4343,-0.3477571428571428,40,,./report/pdb_by_site/site_all_40_69_2_2.sdf
69_2,-2.42,-0.3457142857142857,4,,./report/pdb_by_site/site_all_4_69_2_2.sdf
69_2,-2.41,-0.3442857142857143,69,,./report/pdb_by_site/site_all_69_69_2_1.sdf
69_2,-2.38,-0.33999999999999997,75,,./report/pdb_by_site/site_all_75_69_2_1.sdf
69_2,-2.3600000000000003,-0.3371428571428572,11,,./report/pdb_by_site/site_all_11_69_2_2.sdf
69_2,-2.36,-0.33714285714285713,13,,./report/pdb_by_site/site_all_13_69_2_1.sdf
69_2,-2.339,-0.33414285714285713,31,,./report/pdb_by_site/site_all_31_69_2_2.sdf
69_2,-2.332,-0.33314285714285713,53,,./report/pdb_by_site/site_all_53_69_2_1.sdf
69_2,-2.3200000000000003,-0.33142857142857146,10,,./report/pdb_by_site/site_all_10_69_2_1.sdf
69_2,-2.307,-0.32957142857142857,58,,./report/pdb_by_site/site_all_58_69_2_2.sdf
69_2,-2.3,-0.32857142857142857,17,,./report/pdb_by_site/site_all_17_69_2_2.sdf
69_2,-2.2600000000000002,-0.3228571428571429,9,,./report/pdb_by_site/site_all_9_69_2_2.sdf
69_2,-2.24,-0.32,3,,./report/pdb_by_site/site_all_3_69_2_2.sdf
69_2,-2.2397,-0.3199571428571429,12,,./report/pdb_by_site/site_all_12_69_2_2.sdf
69_2,-2.233,-0.319,25,,./report/pdb_by_site/site_all_25_69_2_1.sdf
69_2,-2.2300000000000004,-0.3185714285714286,3,,./report/pdb_by_site/site_all_3_69_2_3.sdf
69_2,-2.19,-0.31285714285714283,30,,./report/pdb_by_site/site_all_30_69_2_1.sdf
69_2,-2.038,-0.2911428571428571,109,,./report/pdb_by_site/site_all_109_69_2_1.sdf
69_2,-2.0300000000000002,-0.29000000000000004,30,,./report/pdb_by_site/site_all_30_69_2_2.sdf
69_2,-2.001,-0.28585714285714287,13,,./report/pdb_by_site/site_all_13_69_2_2.sdf
70_1,-6.04,-0.8628571428571429,3,,./report/pdb_by_site/site_all_3_70_1_1.sdf
70_1,-5.46,-0.78,10,,./report/pdb_by_site/site_all_10_70_1_1.sdf
70_1,-5.42,-0.7742857142857142,9,,./report/pdb_by_site/site_all_9_70_1_1.sdf
70_1,-5.04,-0.72,2,,./report/pdb_by_site/site_all_2_70_1_1.sdf
70_1,-4.84,-0.6914285714285714,24,,./report/pdb_by_site/site_all_24_70_1_1.sdf
70_1,-4.8,-0.6857142857142857,5,,./report/pdb_by_site/site_all_5_70_1_1.sdf
70_1,-4.75,-0.6785714285714286,5,,./report/pdb_by_site/site_all_5_70_1_2.sdf
70_1,-4.720000000000001,-0.6742857142857144,10,,./report/pdb_by_site/site_all_10_70_1_2.sdf
70_1,-4.6499999999999995,-0.6642857142857143,27,,./report/pdb_by_site/site_all_27_70_1_1.sdf
70_1,-4.6,-0.6571428571428571,11,,./report/pdb_by_site/site_all_11_70_1_1.sdf
70_1,-4.489999999999999,-0.6414285714285713,21,,./report/pdb_by_site/site_all_21_70_1_1.sdf
70_1,-4.29,-0.6128571428571429,5,,./report/pdb_by_site/site_all_5_70_1_3.sdf
70_1,-4.24,-0.6057142857142858,2,,./report/pdb_by_site/site_all_2_70_1_2.sdf
70_1,-4.089,-0.5841428571428572,11,,./report/pdb_by_site/site_all_11_70_1_2.sdf
70_1,-4.040000000000001,-0.5771428571428573,3,,./report/pdb_by_site/site_all_3_70_1_2.sdf
70_1,-4.0,-0.5714285714285714,10,,./report/pdb_by_site/site_all_10_70_1_3.sdf
70_1,-3.796,-0.5422857142857143,15,,./report/pdb_by_site/site_all_15_70_1_1.sdf
70_1,-3.783,-0.5404285714285714,19,,./report/pdb_by_site/site_all_19_70_1_1.sdf
70_1,-3.703,-0.529,25,,./report/pdb_by_site/site_all_25_70_1_1.sdf
70_1,-3.6860000000000004,-0.5265714285714286,20,,./report/pdb_by_site/site_all_20_70_1_1.sdf
70_1,-3.543,-0.5061428571428571,20,,./report/pdb_by_site/site_all_20_70_1_2.sdf
70_1,-3.5199999999999996,-0.5028571428571428,22,,./report/pdb_by_site/site_all_22_70_1_1.sdf
70_1,-3.5100000000000002,-0.5014285714285714,27,,./report/pdb_by_site/site_all_27_70_1_2.sdf
70_1,-3.3400000000000003,-0.4771428571428572,34,,./report/pdb_by_site/site_all_34_70_1_1.sdf
70_1,-3.34,-0.47714285714285715,38,,./report/pdb_by_site/site_all_38_70_1_1.sdf
70_1,-3.33,-0.4757142857142857,30,,./report/pdb_by_site/site_all_30_70_1_1.sdf
70_1,-3.33,-0.4757142857142857,17,,./report/pdb_by_site/site_all_17_70_1_1.sdf
70_1,-3.3299999999999996,-0.47571428571428565,19,,./report/pdb_by_site/site_all_19_70_1_2.sdf
70_1,-3.319,-0.47414285714285714,12,,./report/pdb_by_site/site_all_12_70_1_1.sdf
70_1,-3.3180000000000005,-0.4740000000000001,85,,./report/pdb_by_site/site_all_85_70_1_1.sdf
70_1,-3.253,-0.46471428571428575,24,,./report/pdb_by_site/site_all_24_70_1_2.sdf
70_1,-3.17,-0.45285714285714285,53,,./report/pdb_by_site/site_all_53_70_1_1.sdf
70_1,-3.169,-0.45271428571428574,44,,./report/pdb_by_site/site_all_44_70_1_1.sdf
70_1,-3.1400000000000006,-0.4485714285714287,18,,./report/pdb_by_site/site_all_18_70_1_1.sdf
70_1,-3.0999999999999996,-0.4428571428571428,35,,./report/pdb_by_site/site_all_35_70_1_1.sdf
70_1,-3.0500000000000003,-0.4357142857142858,77,,./report/pdb_by_site/site_all_77_70_1_1.sdf
70_1,-3.0300000000000002,-0.4328571428571429,25,,./report/pdb_by_site/site_all_25_70_1_2.sdf
70_1,-3.01,-0.43,57,,./report/pdb_by_site/site_all_57_70_1_1.sdf
70_1,-2.96,-0.4228571428571429,38,,./report/pdb_by_site/site_all_38_70_1_2.sdf
70_1,-2.9,-0.41428571428571426,41,,./report/pdb_by_site/site_all_41_70_1_1.sdf
70_1,-2.8756999999999997,-0.4108142857142857,51,,./report/pdb_by_site/site_all_51_70_1_1.sdf
70_1,-2.87,-0.41000000000000003,30,,./report/pdb_by_site/site_all_30_70_1_2.sdf
70_1,-2.8653,-0.40932857142857143,26,,./report/pdb_by_site/site_all_26_70_1_1.sdf
70_1,-2.8100000000000005,-0.4014285714285715,24,,./report/pdb_by_site/site_all_24_70_1_3.sdf
70_1,-2.79,-0.3985714285714286,85,,./report/pdb_by_site/site_all_85_70_1_2.sdf
70_1,-2.763,-0.3947142857142857,29,,./report/pdb_by_site/site_all_29_70_1_1.sdf
70_1,-2.76,-0.39428571428571424,36,,./report/pdb_by_site/site_all_36_70_1_1.sdf
70_1,-2.756,-0.3937142857142857,94,,./report/pdb_by_site/site_all_94_70_1_1.sdf
70_1,-2.751,-0.39299999999999996,58,,./report/pdb_by_site/site_all_58_70_1_1.sdf
70_1,-2.7500000000000004,-0.3928571428571429,75,,./report/pdb_by_site/site_all_75_70_1_1.sdf
70_1,-2.737,-0.391,26,,./report/pdb_by_site/site_all_26_70_1_2.sdf
70_1,-2.729,-0.38985714285714285,65,,./report/pdb_by_site/site_all_65_70_1_1.sdf
70_1,-2.6979999999999995,-0.38542857142857134,80,,./report/pdb_by_site/site_all_80_70_1_1.sdf
70_1,-2.689,-0.3841428571428572,85,,./report/pdb_by_site/site_all_85_70_1_3.sdf
70_1,-2.6679999999999997,-0.3811428571428571,9,,./report/pdb_by_site/site_all_9_70_1_2.sdf
70_1,-2.62,-0.3742857142857143,36,,./report/pdb_by_site/site_all_36_70_1_2.sdf
70_1,-2.59,-0.37,74,,./report/pdb_by_site/site_all_74_70_1_1.sdf
70_1,-2.58,-0.3685714285714286,11,,./report/pdb_by_site/site_all_11_70_1_3.sdf
70_1,-2.571,-0.3672857142857143,79,,./report/pdb_by_site/site_all_79_70_1_1.sdf
70_1,-2.5599999999999996,-0.36571428571428566,70,,./report/pdb_by_site/site_all_70_70_1_1.sdf
70_1,-2.548,-0.364,57,,./report/pdb_by_site/site_all_57_70_1_2.sdf
70_1,-2.4890000000000003,-0.3555714285714286,41,,./report/pdb_by_site/site_all_41_70_1_2.sdf
70_1,-2.487,-0.3552857142857143,65,,./report/pdb_by_site/site_all_65_70_1_2.sdf
70_1,-2.47,-0.35285714285714287,17,,./report/pdb_by_site/site_all_17_70_1_2.sdf
70_1,-2.4400000000000004,-0.34857142857142864,57,,./report/pdb_by_site/site_all_57_70_1_3.sdf
70_1,-2.44,-0.3485714285714286,11,,./report/pdb_by_site/site_all_11_70_1_4.sdf
70_1,-2.401,-0.34299999999999997,80,,./report/pdb_by_site/site_all_80_70_1_2.sdf
70_1,-2.37,-0.3385714285714286,75,,./report/pdb_by_site/site_all_75_70_1_2.sdf
70_1,-2.35,-0.33571428571428574,77,,./report/pdb_by_site/site_all_77_70_1_2.sdf
70_1,-2.331,-0.333,56,,./report/pdb_by_site/site_all_56_70_1_1.sdf
70_1,-2.3217,-0.33167142857142856,109,,./report/pdb_by_site/site_all_109_70_1_1.sdf
70_1,-2.315,-0.3307142857142857,78,,./report/pdb_by_site/site_all_78_70_1_1.sdf
70_1,-2.31,-0.33,67,,./report/pdb_by_site/site_all_67_70_1_1.sdf
70_1,-2.305,-0.3292857142857143,113,,./report/pdb_by_site/site_all_113_70_1_1.sdf
70_1,-2.245,-0.32071428571428573,111,,./report/pdb_by_site/site_all_111_70_1_1.sdf
70_1,-2.1990000000000003,-0.31414285714285717,88,,./report/pdb_by_site/site_all_88_70_1_1.sdf
70_1,-2.186,-0.3122857142857143,56,,./report/pdb_by_site/site_all_56_70_1_2.sdf
70_1,-2.178,-0.3111428571428571,102,,./report/pdb_by_site/site_all_102_70_1_1.sdf
70_1,-2.167,-0.30957142857142855,102,,./report/pdb_by_site/site_all_102_70_1_2.sdf
70_1,-2.162,-0.30885714285714283,108,,./report/pdb_by_site/site_all_108_70_1_1.sdf
70_1,-2.151,-0.3072857142857143,53,,./report/pdb_by_site/site_all_53_70_1_2.sdf
70_1,-2.142,-0.306,17,,./report/pdb_by_site/site_all_17_70_1_3.sdf
70_1,-2.061,-0.29442857142857143,69,,./report/pdb_by_site/site_all_69_70_1_1.sdf
70_1,-2.04,-0.2914285714285714,50,,./report/pdb_by_site/site_all_50_70_1_1.sdf
70_1,-2.02,-0.2885714285714286,25,,./report/pdb_by_site/site_all_25_70_1_3.sdf
70_1,-2.018,-0.28828571428571426,130,,./report/pdb_by_site/site_all_130_70_1_1.sdf
70_1,-2.0073,-0.2867571428571428,22,,./report/pdb_by_site/site_all_22_70_1_2.sdf
70_2,-6.43,-0.9185714285714285,3,,./report/pdb_by_site/site_all_3_70_2_1.sdf
70_2,-6.050000000000001,-0.8642857142857144,3,,./report/pdb_by_site/site_all_3_70_2_2.sdf
70_2,-5.42,-0.7742857142857142,5,,./report/pdb_by_site/site_all_5_70_2_1.sdf
70_2,-5.08,-0.7257142857142858,2,,./report/pdb_by_site/site_all_2_70_2_1.sdf
70_2,-5.04,-0.72,2,,./report/pdb_by_site/site_all_2_70_2_2.sdf
70_2,-4.890000000000001,-0.6985714285714286,4,,./report/pdb_by_site/site_all_4_70_2_1.sdf
70_2,-4.78,-0.6828571428571429,21,,./report/pdb_by_site/site_all_21_70_2_1.sdf
70_2,-4.72,-0.6742857142857143,15,,./report/pdb_by_site/site_all_15_70_2_1.sdf
70_2,-4.68,-0.6685714285714285,11,,./report/pdb_by_site/site_all_11_70_2_1.sdf
70_2,-4.62,-0.66,10,,./report/pdb_by_site/site_all_10_70_2_1.sdf
70_2,-4.5200000000000005,-0.6457142857142858,34,,./report/pdb_by_site/site_all_34_70_2_1.sdf
70_2,-4.460000000000001,-0.6371428571428572,61,,./report/pdb_by_site/site_all_61_70_2_1.sdf
70_2,-4.3100000000000005,-0.6157142857142858,11,,./report/pdb_by_site/site_all_11_70_2_2.sdf
70_2,-4.25,-0.6071428571428571,24,,./report/pdb_by_site/site_all_24_70_2_1.sdf
70_2,-4.12,-0.5885714285714286,5,,./report/pdb_by_site/site_all_5_70_2_2.sdf
70_2,-3.9799999999999995,-0.5685714285714285,22,,./report/pdb_by_site/site_all_22_70_2_1.sdf
70_2,-3.957,-0.5652857142857143,10,,./report/pdb_by_site/site_all_10_70_2_2.sdf
70_2,-3.88,-0.5542857142857143,36,,./report/pdb_by_site/site_all_36_70_2_1.sdf
70_2,-3.8400000000000003,-0.5485714285714286,27,,./report/pdb_by_site/site_all_27_70_2_1.sdf
70_2,-3.8299999999999996,-0.547142857142857,25,,./report/pdb_by_site/site_all_25_70_2_1.sdf
70_2,-3.8099999999999996,-0.5442857142857143,30,,./report/pdb_by_site/site_all_30_70_2_1.sdf
70_2,-3.7960000000000003,-0.5422857142857144,20,,./report/pdb_by_site/site_all_20_70_2_1.sdf
70_2,-3.72,-0.5314285714285715,44,,./report/pdb_by_site/site_all_44_70_2_1.sdf
70_2,-3.6420000000000003,-0.5202857142857144,12,,./report/pdb_by_site/site_all_12_70_2_1.sdf
70_2,-3.5500000000000003,-0.5071428571428572,20,,./report/pdb_by_site/site_all_20_70_2_2.sdf
70_2,-3.5140000000000002,-0.502,20,,./report/pdb_by_site/site_all_20_70_2_3.sdf
70_2,-3.5000000000000004,-0.5000000000000001,57,,./report/pdb_by_site/site_all_57_70_2_1.sdf
70_2,-3.46,-0.4942857142857143,53,,./report/pdb_by_site/site_all_53_70_2_1.sdf
70_2,-3.4299999999999997,-0.48999999999999994,56,,./report/pdb_by_site/site_all_56_70_2_1.sdf
70_2,-3.4099999999999997,-0.4871428571428571,35,,./report/pdb_by_site/site_all_35_70_2_1.sdf
70_2,-3.3800000000000003,-0.48285714285714293,77,,./report/pdb_by_site/site_all_77_70_2_1.sdf
70_2,-3.32,-0.47428571428571425,17,,./report/pdb_by_site/site_all_17_70_2_1.sdf
70_2,-3.3,-0.4714285714285714,9,,./report/pdb_by_site/site_all_9_70_2_1.sdf
70_2,-3.2649999999999997,-0.46642857142857136,19,,./report/pdb_by_site/site_all_19_70_2_1.sdf
70_2,-3.23,-0.4614285714285714,18,,./report/pdb_by_site/site_all_18_70_2_1.sdf
70_2,-3.221,-0.46014285714285713,79,,./report/pdb_by_site/site_all_79_70_2_1.sdf
70_2,-3.188,-0.45542857142857146,38,,./report/pdb_by_site/site_all_38_70_2_1.sdf
70_2,-3.178,-0.454,24,,./report/pdb_by_site/site_all_24_70_2_2.sdf
70_2,-3.1500000000000004,-0.45000000000000007,85,,./report/pdb_by_site/site_all_85_70_2_1.sdf
70_2,-3.06,-0.43714285714285717,56,,./report/pdb_by_site/site_all_56_70_2_2.sdf
70_2,-3.05,-0.43571428571428567,41,,./report/pdb_by_site/site_all_41_70_2_1.sdf
70_2,-3.037,-0.43385714285714283,34,,./report/pdb_by_site/site_all_34_70_2_2.sdf
70_2,-2.9330000000000003,-0.41900000000000004,75,,./report/pdb_by_site/site_all_75_70_2_1.sdf
70_2,-2.92,-0.41714285714285715,30,,./report/pdb_by_site/site_all_30_70_2_2.sdf
70_2,-2.92,-0.41714285714285715,65,,./report/pdb_by_site/site_all_65_70_2_1.sdf
70_2,-2.85,-0.40714285714285714,74,,./report/pdb_by_site/site_all_74_70_2_1.sdf
70_2,-2.8499999999999996,-0.4071428571428571,81,,./report/pdb_by_site/site_all_81_70_2_1.sdf
70_2,-2.798,-0.39971428571428574,80,,./report/pdb_by_site/site_all_80_70_2_1.sdf
70_2,-2.794,-0.39914285714285713,113,,./report/pdb_by_site/site_all_113_70_2_1.sdf
70_2,-2.75,-0.39285714285714285,91,,./report/pdb_by_site/site_all_91_70_2_1.sdf
70_2,-2.72,-0.3885714285714286,111,,./report/pdb_by_site/site_all_111_70_2_1.sdf
70_2,-2.71,-0.3871428571428571,10,,./report/pdb_by_site/site_all_10_70_2_3.sdf
70_2,-2.708,-0.3868571428571429,58,,./report/pdb_by_site/site_all_58_70_2_1.sdf
70_2,-2.7,-0.38571428571428573,58,,./report/pdb_by_site/site_all_58_70_2_2.sdf
70_2,-2.69,-0.3842857142857143,56,,./report/pdb_by_site/site_all_56_70_2_3.sdf
70_2,-2.6149999999999998,-0.37357142857142855,3,,./report/pdb_by_site/site_all_3_70_2_3.sdf
70_2,-2.583,-0.36900000000000005,24,,./report/pdb_by_site/site_all_24_70_2_3.sdf
70_2,-2.4859999999999998,-0.3551428571428571,115,,./report/pdb_by_site/site_all_115_70_2_1.sdf
70_2,-2.4819999999999998,-0.35457142857142854,41,,./report/pdb_by_site/site_all_41_70_2_2.sdf
70_2,-2.44,-0.3485714285714286,24,,./report/pdb_by_site/site_all_24_70_2_4.sdf
70_2,-2.426,-0.3465714285714286,35,,./report/pdb_by_site/site_all_35_70_2_2.sdf
70_2,-2.361,-0.3372857142857143,101,,./report/pdb_by_site/site_all_101_70_2_1.sdf
70_2,-2.326,-0.3322857142857143,3,,./report/pdb_by_site/site_all_3_70_2_4.sdf
70_2,-2.31,-0.33,11,,./report/pdb_by_site/site_all_11_70_2_3.sdf
70_2,-2.2883,-0.3269,27,,./report/pdb_by_site/site_all_27_70_2_2.sdf
70_2,-2.2800000000000002,-0.32571428571428573,80,,./report/pdb_by_site/site_all_80_70_2_2.sdf
70_2,-2.26,-0.32285714285714284,77,,./report/pdb_by_site/site_all_77_70_2_2.sdf
70_2,-2.233,-0.319,57,,./report/pdb_by_site/site_all_57_70_2_2.sdf
70_2,-2.2299999999999995,-0.3185714285714285,125,,./report/pdb_by_site/site_all_125_70_2_1.sdf
70_2,-2.223,-0.31757142857142856,102,,./report/pdb_by_site/site_all_102_70_2_1.sdf
70_2,-2.194,-0.31342857142857145,109,,./report/pdb_by_site/site_all_109_70_2_1.sdf
70_2,-2.192,-0.31314285714285717,100,,./report/pdb_by_site/site_all_100_70_2_1.sdf
70_2,-2.187,-0.3124285714285714,67,,./report/pdb_by_site/site_all_67_70_2_1.sdf
70_2,-2.15,-0.3071428571428571,10,,./report/pdb_by_site/site_all_10_70_2_4.sdf
70_2,-2.1470000000000002,-0.3067142857142858,85,,./report/pdb_by_site/site_all_85_70_2_2.sdf
70_2,-2.138,-0.30542857142857144,25,,./report/pdb_by_site/site_all_25_70_2_2.sdf
70_2,-2.129,-0.30414285714285716,115,,./report/pdb_by_site/site_all_115_70_2_2.sdf
70_2,-2.12,-0.3028571428571429,60,,./report/pdb_by_site/site_all_60_70_2_1.sdf
70_2,-2.097,-0.29957142857142854,85,,./report/pdb_by_site/site_all_85_70_2_3.sdf
70_2,-2.093,-0.299,130,,./report/pdb_by_site/site_all_130_70_2_1.sdf
71_1,-5.85,-0.8357142857142856,3,,./report/pdb_by_site/site_all_3_71_1_1.sdf
71_1,-5.34,-0.7628571428571428,9,,./report/pdb_by_site/site_all_9_71_1_1.sdf
71_1,-5.03,-0.7185714285714286,17,,./report/pdb_by_site/site_all_17_71_1_1.sdf
71_1,-4.87,-0.6957142857142857,11,,./report/pdb_by_site/site_all_11_71_1_1.sdf
71_1,-4.67,-0.6671428571428571,2,,./report/pdb_by_site/site_all_2_71_1_1.sdf
71_1,-4.66,-0.6657142857142857,2,,./report/pdb_by_site/site_all_2_71_1_2.sdf
71_1,-4.3100000000000005,-0.6157142857142858,12,,./report/pdb_by_site/site_all_12_71_1_1.sdf
71_1,-4.3100000000000005,-0.6157142857142858,5,,./report/pdb_by_site/site_all_5_71_1_1.sdf
71_1,-4.29,-0.6128571428571429,41,,./report/pdb_by_site/site_all_41_71_1_1.sdf
71_1,-4.2,-0.6,30,,./report/pdb_by_site/site_all_30_71_1_1.sdf
71_1,-4.1499999999999995,-0.5928571428571427,5,,./report/pdb_by_site/site_all_5_71_1_2.sdf
71_1,-4.09,-0.5842857142857143,18,,./report/pdb_by_site/site_all_18_71_1_1.sdf
71_1,-3.9869999999999997,-0.5695714285714285,21,,./report/pdb_by_site/site_all_21_71_1_1.sdf
71_1,-3.96,-0.5657142857142857,25,,./report/pdb_by_site/site_all_25_71_1_1.sdf
71_1,-3.96,-0.5657142857142857,10,,./report/pdb_by_site/site_all_10_71_1_1.sdf
71_1,-3.93,-0.5614285714285715,22,,./report/pdb_by_site/site_all_22_71_1_1.sdf
71_1,-3.84,-0.5485714285714286,5,,./report/pdb_by_site/site_all_5_71_1_3.sdf
71_1,-3.787,-0.541,10,,./report/pdb_by_site/site_all_10_71_1_2.sdf
71_1,-3.7,-0.5285714285714286,10,,./report/pdb_by_site/site_all_10_71_1_3.sdf
71_1,-3.6799999999999997,-0.5257142857142857,26,,./report/pdb_by_site/site_all_26_71_1_1.sdf
71_1,-3.6700000000000004,-0.5242857142857144,57,,./report/pdb_by_site/site_all_57_71_1_1.sdf
71_1,-3.664,-0.5234285714285715,4,,./report/pdb_by_site/site_all_4_71_1_1.sdf
71_1,-3.59,-0.5128571428571428,10,,./report/pdb_by_site/site_all_10_71_1_4.sdf
71_1,-3.55,-0.5071428571428571,27,,./report/pdb_by_site/site_all_27_71_1_1.sdf
71_1,-3.5300000000000002,-0.5042857142857143,24,,./report/pdb_by_site/site_all_24_71_1_1.sdf
71_1,-3.5199999999999996,-0.5028571428571428,20,,./report/pdb_by_site/site_all_20_71_1_1.sdf
71_1,-3.5100000000000002,-0.5014285714285714,21,,./report/pdb_by_site/site_all_21_71_1_2.sdf
71_1,-3.38,-0.4828571428571428,56,,./report/pdb_by_site/site_all_56_71_1_1.sdf
71_1,-3.36,-0.48,58,,./report/pdb_by_site/site_all_58_71_1_1.sdf
71_1,-3.33,-0.4757142857142857,3,,./report/pdb_by_site/site_all_3_71_1_2.sdf
71_1,-3.31,-0.47285714285714286,3,,./report/pdb_by_site/site_all_3_71_1_3.sdf
71_1,-3.2600000000000002,-0.46571428571428575,56,,./report/pdb_by_site/site_all_56_71_1_2.sdf
71_1,-3.235,-0.46214285714285713,19,,./report/pdb_by_site/site_all_19_71_1_1.sdf
71_1,-3.1800000000000006,-0.45428571428571435,3,,./report/pdb_by_site/site_all_3_71_1_4.sdf
71_1,-3.18,-0.4542857142857143,3,,./report/pdb_by_site/site_all_3_71_1_5.sdf
71_1,-3.1799999999999997,-0.45428571428571424,44,,./report/pdb_by_site/site_all_44_71_1_1.sdf
71_1,-3.13,-0.4471428571428571,2,,./report/pdb_by_site/site_all_2_71_1_3.sdf
71_1,-3.08,-0.44,80,,./report/pdb_by_site/site_all_80_71_1_1.sdf
71_1,-3.0300000000000002,-0.4328571428571429,77,,./report/pdb_by_site/site_all_77_71_1_1.sdf
71_1,-3.03,-0.43285714285714283,27,,./report/pdb_by_site/site_all_27_71_1_2.sdf
71_1,-3.01,-0.43,41,,./report/pdb_by_site/site_all_41_71_1_2.sdf
71_1,-2.96,-0.4228571428571429,30,,./report/pdb_by_site/site_all_30_71_1_2.sdf
71_1,-2.96,-0.4228571428571429,36,,./report/pdb_by_site/site_all_36_71_1_1.sdf
71_1,-2.9100000000000006,-0.4157142857142858,19,,./report/pdb_by_site/site_all_19_71_1_2.sdf
71_1,-2.85,-0.40714285714285714,67,,./report/pdb_by_site/site_all_67_71_1_1.sdf
71_1,-2.8480000000000003,-0.4068571428571429,15,,./report/pdb_by_site/site_all_15_71_1_1.sdf
71_1,-2.8,-0.39999999999999997,53,,./report/pdb_by_site/site_all_53_71_1_1.sdf
71_1,-2.74,-0.39142857142857146,96,,./report/pdb_by_site/site_all_96_71_1_1.sdf
71_1,-2.73,-0.39,67,,./report/pdb_by_site/site_all_67_71_1_2.sdf
71_1,-2.73,-0.39,31,,./report/pdb_by_site/site_all_31_71_1_1.sdf
71_1,-2.7199999999999998,-0.3885714285714285,41,,./report/pdb_by_site/site_all_41_71_1_3.sdf
71_1,-2.704,-0.3862857142857143,24,,./report/pdb_by_site/site_all_24_71_1_2.sdf
71_1,-2.67,-0.3814285714285714,57,,./report/pdb_by_site/site_all_57_71_1_2.sdf
71_1,-2.66,-0.38,85,,./report/pdb_by_site/site_all_85_71_1_1.sdf
71_1,-2.6500000000000004,-0.3785714285714286,30,,./report/pdb_by_site/site_all_30_71_1_3.sdf
71_1,-2.6300000000000003,-0.3757142857142858,75,,./report/pdb_by_site/site_all_75_71_1_1.sdf
71_1,-2.59,-0.37,27,,./report/pdb_by_site/site_all_27_71_1_3.sdf
71_1,-2.58,-0.3685714285714286,36,,./report/pdb_by_site/site_all_36_71_1_2.sdf
71_1,-2.5799999999999996,-0.3685714285714285,10,,./report/pdb_by_site/site_all_10_71_1_5.sdf
71_1,-2.5600000000000005,-0.36571428571428577,85,,./report/pdb_by_site/site_all_85_71_1_2.sdf
71_1,-2.56,-0.3657142857142857,10,,./report/pdb_by_site/site_all_10_71_1_6.sdf
71_1,-2.52,-0.36,121,,./report/pdb_by_site/site_all_121_71_1_1.sdf
71_1,-2.52,-0.36,19,,./report/pdb_by_site/site_all_19_71_1_3.sdf
71_1,-2.5199999999999996,-0.35999999999999993,79,,./report/pdb_by_site/site_all_79_71_1_1.sdf
71_1,-2.51,-0.35857142857142854,111,,./report/pdb_by_site/site_all_111_71_1_1.sdf
71_1,-2.49,-0.35571428571428576,78,,./report/pdb_by_site/site_all_78_71_1_1.sdf
71_1,-2.47,-0.35285714285714287,57,,./report/pdb_by_site/site_all_57_71_1_3.sdf
71_1,-2.46,-0.3514285714285714,58,,./report/pdb_by_site/site_all_58_71_1_2.sdf
71_1,-2.4499999999999997,-0.35,11,,./report/pdb_by_site/site_all_11_71_1_2.sdf
71_1,-2.4499999999999997,-0.35,91,,./report/pdb_by_site/site_all_91_71_1_1.sdf
71_1,-2.429,-0.347,17,,./report/pdb_by_site/site_all_17_71_1_2.sdf
71_1,-2.416,-0.34514285714285714,22,,./report/pdb_by_site/site_all_22_71_1_2.sdf
71_1,-2.4000000000000004,-0.3428571428571429,20,,./report/pdb_by_site/site_all_20_71_1_2.sdf
71_1,-2.4,-0.34285714285714286,91,,./report/pdb_by_site/site_all_91_71_1_2.sdf
71_1,-2.39,-0.34142857142857147,115,,./report/pdb_by_site/site_all_115_71_1_1.sdf
71_1,-2.3899999999999997,-0.34142857142857136,26,,./report/pdb_by_site/site_all_26_71_1_2.sdf
71_1,-2.37,-0.3385714285714286,98,,./report/pdb_by_site/site_all_98_71_1_1.sdf
71_1,-2.33,-0.33285714285714285,80,,./report/pdb_by_site/site_all_80_71_1_2.sdf
71_1,-2.3000000000000003,-0.3285714285714286,116,,./report/pdb_by_site/site_all_116_71_1_1.sdf
71_1,-2.2800000000000002,-0.32571428571428573,36,,./report/pdb_by_site/site_all_36_71_1_3.sdf
71_1,-2.25,-0.32142857142857145,50,,./report/pdb_by_site/site_all_50_71_1_1.sdf
71_1,-2.2299999999999995,-0.3185714285714285,81,,./report/pdb_by_site/site_all_81_71_1_1.sdf
71_1,-2.2199999999999998,-0.3171428571428571,87,,./report/pdb_by_site/site_all_87_71_1_1.sdf
71_1,-2.21,-0.3157142857142857,125,,./report/pdb_by_site/site_all_125_71_1_1.sdf
71_1,-2.1799999999999997,-0.3114285714285714,75,,./report/pdb_by_site/site_all_75_71_1_2.sdf
71_1,-2.16,-0.3085714285714286,109,,./report/pdb_by_site/site_all_109_71_1_1.sdf
71_1,-2.1399999999999997,-0.30571428571428566,69,,./report/pdb_by_site/site_all_69_71_1_1.sdf
71_1,-2.129,-0.30414285714285716,22,,./report/pdb_by_site/site_all_22_71_1_3.sdf
71_1,-2.0410000000000004,-0.29157142857142865,25,,./report/pdb_by_site/site_all_25_71_1_2.sdf
71_1,-2.028,-0.2897142857142857,24,,./report/pdb_by_site/site_all_24_71_1_3.sdf
71_1,-2.0090000000000003,-0.28700000000000003,14,,./report/pdb_by_site/site_all_14_71_1_1.sdf
71_2,-5.0,-0.7142857142857143,5,,./report/pdb_by_site/site_all_5_71_2_1.sdf
71_2,-4.8100000000000005,-0.6871428571428572,17,,./report/pdb_by_site/site_all_17_71_2_1.sdf
71_2,-4.76,-0.6799999999999999,3,,./report/pdb_by_site/site_all_3_71_2_1.sdf
71_2,-4.630000000000001,-0.6614285714285716,36,,./report/pdb_by_site/site_all_36_71_2_1.sdf
71_2,-4.629999999999999,-0.6614285714285713,2,,./report/pdb_by_site/site_all_2_71_2_1.sdf
71_2,-4.61,-0.6585714285714286,12,,./report/pdb_by_site/site_all_12_71_2_1.sdf
71_2,-4.23,-0.6042857142857143,22,,./report/pdb_by_site/site_all_22_71_2_1.sdf
71_2,-4.16,-0.5942857142857143,11,,./report/pdb_by_site/site_all_11_71_2_1.sdf
71_2,-4.16,-0.5942857142857143,26,,./report/pdb_by_site/site_all_26_71_2_1.sdf
71_2,-4.148999999999999,-0.5927142857142856,2,,./report/pdb_by_site/site_all_2_71_2_2.sdf
71_2,-4.140000000000001,-0.5914285714285715,14,,./report/pdb_by_site/site_all_14_71_2_1.sdf
71_2,-3.97,-0.5671428571428572,10,,./report/pdb_by_site/site_all_10_71_2_1.sdf
71_2,-3.9199999999999995,-0.5599999999999999,5,,./report/pdb_by_site/site_all_5_71_2_2.sdf
71_2,-3.89,-0.5557142857142857,3,,./report/pdb_by_site/site_all_3_71_2_2.sdf
71_2,-3.86,-0.5514285714285714,25,,./report/pdb_by_site/site_all_25_71_2_1.sdf
71_2,-3.7809999999999997,-0.5401428571428571,4,,./report/pdb_by_site/site_all_4_71_2_1.sdf
71_2,-3.78,-0.5399999999999999,18,,./report/pdb_by_site/site_all_18_71_2_1.sdf
71_2,-3.78,-0.5399999999999999,58,,./report/pdb_by_site/site_all_58_71_2_1.sdf
71_2,-3.7699999999999996,-0.5385714285714285,9,,./report/pdb_by_site/site_all_9_71_2_1.sdf
71_2,-3.75,-0.5357142857142857,21,,./report/pdb_by_site/site_all_21_71_2_1.sdf
71_2,-3.7209999999999996,-0.5315714285714285,15,,./report/pdb_by_site/site_all_15_71_2_1.sdf
71_2,-3.5760000000000005,-0.5108571428571429,36,,./report/pdb_by_site/site_all_36_71_2_2.sdf
71_2,-3.5300000000000002,-0.5042857142857143,41,,./report/pdb_by_site/site_all_41_71_2_1.sdf
71_2,-3.45,-0.4928571428571429,49,,./report/pdb_by_site/site_all_49_71_2_1.sdf
71_2,-3.434,-0.4905714285714286,36,,./report/pdb_by_site/site_all_36_71_2_3.sdf
71_2,-3.42,-0.48857142857142855,44,,./report/pdb_by_site/site_all_44_71_2_1.sdf
71_2,-3.41,-0.48714285714285716,5,,./report/pdb_by_site/site_all_5_71_2_3.sdf
71_2,-3.35,-0.4785714285714286,30,,./report/pdb_by_site/site_all_30_71_2_1.sdf
71_2,-3.347,-0.47814285714285715,18,,./report/pdb_by_site/site_all_18_71_2_2.sdf
71_2,-3.24,-0.4628571428571429,75,,./report/pdb_by_site/site_all_75_71_2_1.sdf
71_2,-3.17,-0.45285714285714285,57,,./report/pdb_by_site/site_all_57_71_2_1.sdf
71_2,-3.142,-0.44885714285714284,31,,./report/pdb_by_site/site_all_31_71_2_1.sdf
71_2,-3.1200000000000006,-0.4457142857142858,27,,./report/pdb_by_site/site_all_27_71_2_1.sdf
71_2,-3.1099999999999994,-0.44428571428571423,21,,./report/pdb_by_site/site_all_21_71_2_2.sdf
71_2,-3.0540000000000003,-0.43628571428571433,76,,./report/pdb_by_site/site_all_76_71_2_1.sdf
71_2,-3.048,-0.43542857142857144,10,,./report/pdb_by_site/site_all_10_71_2_2.sdf
71_2,-2.97,-0.4242857142857143,31,,./report/pdb_by_site/site_all_31_71_2_2.sdf
71_2,-2.9699999999999998,-0.42428571428571427,96,,./report/pdb_by_site/site_all_96_71_2_1.sdf
71_2,-2.954,-0.42200000000000004,40,,./report/pdb_by_site/site_all_40_71_2_1.sdf
71_2,-2.954,-0.42200000000000004,40,,./report/pdb_by_site/site_all_40_71_2_2.sdf
71_2,-2.9299999999999997,-0.41857142857142854,19,,./report/pdb_by_site/site_all_19_71_2_1.sdf
71_2,-2.9297000000000004,-0.41852857142857147,31,,./report/pdb_by_site/site_all_31_71_2_3.sdf
71_2,-2.91,-0.41571428571428576,69,,./report/pdb_by_site/site_all_69_71_2_1.sdf
71_2,-2.9099999999999997,-0.41571428571428565,58,,./report/pdb_by_site/site_all_58_71_2_2.sdf
71_2,-2.84,-0.4057142857142857,9,,./report/pdb_by_site/site_all_9_71_2_2.sdf
71_2,-2.82,-0.40285714285714286,25,,./report/pdb_by_site/site_all_25_71_2_2.sdf
71_2,-2.799,-0.39985714285714286,50,,./report/pdb_by_site/site_all_50_71_2_1.sdf
71_2,-2.7969999999999997,-0.3995714285714285,18,,./report/pdb_by_site/site_all_18_71_2_3.sdf
71_2,-2.7929999999999997,-0.39899999999999997,25,,./report/pdb_by_site/site_all_25_71_2_3.sdf
71_2,-2.778,-0.39685714285714285,9,,./report/pdb_by_site/site_all_9_71_2_3.sdf
71_2,-2.7600000000000002,-0.3942857142857143,80,,./report/pdb_by_site/site_all_80_71_2_1.sdf
71_2,-2.7399999999999998,-0.3914285714285714,38,,./report/pdb_by_site/site_all_38_71_2_1.sdf
71_2,-2.72,-0.3885714285714286,25,,./report/pdb_by_site/site_all_25_71_2_4.sdf
71_2,-2.71,-0.3871428571428571,20,,./report/pdb_by_site/site_all_20_71_2_1.sdf
71_2,-2.709,-0.387,4,,./report/pdb_by_site/site_all_4_71_2_2.sdf
71_2,-2.61,-0.37285714285714283,53,,./report/pdb_by_site/site_all_53_71_2_1.sdf
71_2,-2.6090000000000004,-0.3727142857142858,38,,./report/pdb_by_site/site_all_38_71_2_2.sdf
71_2,-2.6090000000000004,-0.3727142857142858,39,,./report/pdb_by_site/site_all_39_71_2_1.sdf
71_2,-2.59,-0.37,36,,./report/pdb_by_site/site_all_36_71_2_4.sdf
71_2,-2.53,-0.3614285714285714,56,,./report/pdb_by_site/site_all_56_71_2_1.sdf
71_2,-2.516,-0.35942857142857143,35,,./report/pdb_by_site/site_all_35_71_2_1.sdf
71_2,-2.493,-0.35614285714285715,109,,./report/pdb_by_site/site_all_109_71_2_1.sdf
71_2,-2.49,-0.35571428571428576,30,,./report/pdb_by_site/site_all_30_71_2_2.sdf
71_2,-2.418,-0.3454285714285715,53,,./report/pdb_by_site/site_all_53_71_2_2.sdf
71_2,-2.408,-0.344,65,,./report/pdb_by_site/site_all_65_71_2_1.sdf
71_2,-2.3800000000000003,-0.34,57,,./report/pdb_by_site/site_all_57_71_2_2.sdf
71_2,-2.38,-0.33999999999999997,24,,./report/pdb_by_site/site_all_24_71_2_1.sdf
71_2,-2.38,-0.33999999999999997,80,,./report/pdb_by_site/site_all_80_71_2_2.sdf
71_2,-2.37,-0.3385714285714286,27,,./report/pdb_by_site/site_all_27_71_2_2.sdf
71_2,-2.363,-0.3375714285714286,15,,./report/pdb_by_site/site_all_15_71_2_2.sdf
71_2,-2.35,-0.33571428571428574,57,,./report/pdb_by_site/site_all_57_71_2_3.sdf
71_2,-2.293,-0.32757142857142857,100,,./report/pdb_by_site/site_all_100_71_2_1.sdf
71_2,-2.2929999999999997,-0.3275714285714285,78,,./report/pdb_by_site/site_all_78_71_2_1.sdf
71_2,-2.28,-0.3257142857142857,85,,./report/pdb_by_site/site_all_85_71_2_1.sdf
71_2,-2.249,-0.3212857142857143,10,,./report/pdb_by_site/site_all_10_71_2_3.sdf
71_2,-2.225,-0.3178571428571429,77,,./report/pdb_by_site/site_all_77_71_2_1.sdf
71_2,-2.205,-0.315,44,,./report/pdb_by_site/site_all_44_71_2_2.sdf
71_2,-2.2009999999999996,-0.3144285714285714,38,,./report/pdb_by_site/site_all_38_71_2_3.sdf
71_2,-2.1969999999999996,-0.3138571428571428,22,,./report/pdb_by_site/site_all_22_71_2_2.sdf
71_2,-2.19,-0.31285714285714283,69,,./report/pdb_by_site/site_all_69_71_2_2.sdf
71_2,-2.16,-0.3085714285714286,93,,./report/pdb_by_site/site_all_93_71_2_1.sdf
71_2,-2.152,-0.30742857142857144,21,,./report/pdb_by_site/site_all_21_71_2_3.sdf
71_2,-2.15,-0.3071428571428571,85,,./report/pdb_by_site/site_all_85_71_2_2.sdf
71_2,-2.1340000000000003,-0.3048571428571429,24,,./report/pdb_by_site/site_all_24_71_2_2.sdf
71_2,-2.13,-0.30428571428571427,67,,./report/pdb_by_site/site_all_67_71_2_1.sdf
71_2,-2.1100000000000003,-0.3014285714285715,3,,./report/pdb_by_site/site_all_3_71_2_3.sdf
71_2,-2.098,-0.2997142857142857,39,,./report/pdb_by_site/site_all_39_71_2_2.sdf
71_2,-2.0810000000000004,-0.2972857142857143,19,,./report/pdb_by_site/site_all_19_71_2_2.sdf
71_2,-2.08,-0.29714285714285715,121,,./report/pdb_by_site/site_all_121_71_2_1.sdf
71_2,-2.063,-0.29471428571428576,106,,./report/pdb_by_site/site_all_106_71_2_1.sdf
71_2,-2.05,-0.2928571428571428,44,,./report/pdb_by_site/site_all_44_71_2_3.sdf
71_2,-2.04,-0.2914285714285714,56,,./report/pdb_by_site/site_all_56_71_2_2.sdf
71_2,-2.0342999999999996,-0.29061428571428566,114,,./report/pdb_by_site/site_all_114_71_2_1.sdf
71_2,-2.0300000000000002,-0.29000000000000004,50,,./report/pdb_by_site/site_all_50_71_2_2.sdf
71_2,-2.0300000000000002,-0.29000000000000004,81,,./report/pdb_by_site/site_all_81_71_2_1.sdf
71_2,-2.0300000000000002,-0.29000000000000004,17,,./report/pdb_by_site/site_all_17_71_2_2.sdf
72_1,-3.57,-0.714,3,,./report/pdb_by_site/site_all_3_72_1_1.sdf
72_1,-3.5200000000000005,-0.7040000000000001,17,,./report/pdb_by_site/site_all_17_72_1_1.sdf
72_1,-3.3499999999999996,-0.6699999999999999,2,,./report/pdb_by_site/site_all_2_72_1_1.sdf
72_1,-3.2800000000000002,-0.656,9,,./report/pdb_by_site/site_all_9_72_1_1.sdf
72_1,-3.2299999999999995,-0.6459999999999999,11,,./report/pdb_by_site/site_all_11_72_1_1.sdf
72_1,-3.2199999999999998,-0.6439999999999999,2,,./report/pdb_by_site/site_all_2_72_1_2.sdf
72_1,-3.18,-0.636,22,,./report/pdb_by_site/site_all_22_72_1_1.sdf
72_1,-3.14,-0.628,5,,./report/pdb_by_site/site_all_5_72_1_1.sdf
72_1,-3.11,-0.622,30,,./report/pdb_by_site/site_all_30_72_1_1.sdf
72_1,-3.08,-0.616,18,,./report/pdb_by_site/site_all_18_72_1_1.sdf
72_1,-3.08,-0.616,12,,./report/pdb_by_site/site_all_12_72_1_1.sdf
72_1,-3.05,-0.61,41,,./report/pdb_by_site/site_all_41_72_1_1.sdf
72_1,-3.05,-0.61,10,,./report/pdb_by_site/site_all_10_72_1_1.sdf
72_1,-2.85,-0.5700000000000001,25,,./report/pdb_by_site/site_all_25_72_1_1.sdf
72_1,-2.84,-0.568,21,,./report/pdb_by_site/site_all_21_72_1_1.sdf
72_1,-2.8200000000000003,-0.5640000000000001,5,,./report/pdb_by_site/site_all_5_72_1_2.sdf
72_1,-2.7600000000000002,-0.552,2,,./report/pdb_by_site/site_all_2_72_1_3.sdf
72_1,-2.76,-0.5519999999999999,3,,./report/pdb_by_site/site_all_3_72_1_2.sdf
72_1,-2.74,-0.548,4,,./report/pdb_by_site/site_all_4_72_1_1.sdf
72_1,-2.7100000000000004,-0.542,21,,./report/pdb_by_site/site_all_21_72_1_2.sdf
72_1,-2.6799999999999997,-0.5359999999999999,57,,./report/pdb_by_site/site_all_57_72_1_1.sdf
72_1,-2.6700000000000004,-0.534,24,,./report/pdb_by_site/site_all_24_72_1_1.sdf
72_1,-2.65,-0.53,56,,./report/pdb_by_site/site_all_56_72_1_1.sdf
72_1,-2.51,-0.502,44,,./report/pdb_by_site/site_all_44_72_1_1.sdf
72_1,-2.47,-0.49400000000000005,10,,./report/pdb_by_site/site_all_10_72_1_2.sdf
72_1,-2.46,-0.492,41,,./report/pdb_by_site/site_all_41_72_1_2.sdf
72_1,-2.44,-0.488,5,,./report/pdb_by_site/site_all_5_72_1_3.sdf
72_1,-2.4299999999999997,-0.48599999999999993,26,,./report/pdb_by_site/site_all_26_72_1_1.sdf
72_1,-2.3899999999999997,-0.4779999999999999,36,,./report/pdb_by_site/site_all_36_72_1_1.sdf
72_1,-2.38,-0.476,80,,./report/pdb_by_site/site_all_80_72_1_1.sdf
72_1,-2.38,-0.476,58,,./report/pdb_by_site/site_all_58_72_1_1.sdf
72_1,-2.38,-0.476,10,,./report/pdb_by_site/site_all_10_72_1_3.sdf
72_1,-2.33,-0.466,17,,./report/pdb_by_site/site_all_17_72_1_2.sdf
72_1,-2.3200000000000003,-0.4640000000000001,19,,./report/pdb_by_site/site_all_19_72_1_1.sdf
72_1,-2.3200000000000003,-0.4640000000000001,77,,./report/pdb_by_site/site_all_77_72_1_1.sdf
72_1,-2.24,-0.44800000000000006,15,,./report/pdb_by_site/site_all_15_72_1_1.sdf
72_1,-2.22,-0.44400000000000006,30,,./report/pdb_by_site/site_all_30_72_1_2.sdf
72_1,-2.18,-0.43600000000000005,36,,./report/pdb_by_site/site_all_36_72_1_2.sdf
72_1,-2.1799999999999997,-0.43599999999999994,91,,./report/pdb_by_site/site_all_91_72_1_1.sdf
72_1,-2.17,-0.434,20,,./report/pdb_by_site/site_all_20_72_1_1.sdf
72_1,-2.16,-0.43200000000000005,30,,./report/pdb_by_site/site_all_30_72_1_3.sdf
72_1,-2.1599999999999997,-0.43199999999999994,77,,./report/pdb_by_site/site_all_77_72_1_2.sdf
72_1,-2.1399999999999997,-0.42799999999999994,36,,./report/pdb_by_site/site_all_36_72_1_3.sdf
72_1,-2.09,-0.418,67,,./report/pdb_by_site/site_all_67_72_1_1.sdf
72_1,-2.09,-0.418,27,,./report/pdb_by_site/site_all_27_72_1_1.sdf
72_1,-2.0500000000000003,-0.41000000000000003,69,,./report/pdb_by_site/site_all_69_72_1_1.sdf
72_1,-2.0100000000000002,-0.402,85,,./report/pdb_by_site/site_all_85_72_1_1.sdf
72_2,-4.180000000000001,-0.8360000000000001,5,,./report/pdb_by_site/site_all_5_72_2_1.sdf
72_2,-4.15,-0.8300000000000001,36,,./report/pdb_by_site/site_all_36_72_2_1.sdf
72_2,-3.891,-0.7782,4,,./report/pdb_by_site/site_all_4_72_2_1.sdf
72_2,-3.7800000000000002,-0.756,12,,./report/pdb_by_site/site_all_12_72_2_1.sdf
72_2,-3.7600000000000002,-0.752,14,,./report/pdb_by_site/site_all_14_72_2_1.sdf
72_2,-3.6929999999999996,-0.7385999999999999,13,,./report/pdb_by_site/site_all_13_72_2_1.sdf
72_2,-3.6799999999999997,-0.736,2,,./report/pdb_by_site/site_all_2_72_2_1.sdf
72_2,-3.67,-0.734,31,,./report/pdb_by_site/site_all_31_72_2_1.sdf
72_2,-3.5359999999999996,-0.7071999999999999,39,,./report/pdb_by_site/site_all_39_72_2_1.sdf
72_2,-3.5300000000000002,-0.7060000000000001,17,,./report/pdb_by_site/site_all_17_72_2_1.sdf
72_2,-3.342,-0.6684,19,,./report/pdb_by_site/site_all_19_72_2_1.sdf
72_2,-3.306,-0.6612,31,,./report/pdb_by_site/site_all_31_72_2_2.sdf
72_2,-3.2969999999999997,-0.6594,58,,./report/pdb_by_site/site_all_58_72_2_1.sdf
72_2,-3.2899999999999996,-0.6579999999999999,22,,./report/pdb_by_site/site_all_22_72_2_1.sdf
72_2,-3.19,-0.638,2,,./report/pdb_by_site/site_all_2_72_2_2.sdf
72_2,-3.17,-0.634,36,,./report/pdb_by_site/site_all_36_72_2_2.sdf
72_2,-3.12,-0.624,10,,./report/pdb_by_site/site_all_10_72_2_1.sdf
72_2,-3.08,-0.616,25,,./report/pdb_by_site/site_all_25_72_2_1.sdf
72_2,-3.061,-0.6122,31,,./report/pdb_by_site/site_all_31_72_2_3.sdf
72_2,-2.9699999999999998,-0.594,26,,./report/pdb_by_site/site_all_26_72_2_1.sdf
72_2,-2.95,-0.5900000000000001,3,,./report/pdb_by_site/site_all_3_72_2_1.sdf
72_2,-2.926,-0.5852,36,,./report/pdb_by_site/site_all_36_72_2_3.sdf
72_2,-2.9,-0.58,31,,./report/pdb_by_site/site_all_31_72_2_4.sdf
72_2,-2.86,-0.572,9,,./report/pdb_by_site/site_all_9_72_2_1.sdf
72_2,-2.84,-0.568,9,,./report/pdb_by_site/site_all_9_72_2_2.sdf
72_2,-2.8127,-0.56254,38,,./report/pdb_by_site/site_all_38_72_2_1.sdf
72_2,-2.75,-0.55,18,,./report/pdb_by_site/site_all_18_72_2_1.sdf
72_2,-2.73,-0.546,3,,./report/pdb_by_site/site_all_3_72_2_2.sdf
72_2,-2.72,-0.544,5,,./report/pdb_by_site/site_all_5_72_2_2.sdf
72_2,-2.68,-0.536,11,,./report/pdb_by_site/site_all_11_72_2_1.sdf
72_2,-2.6799999999999997,-0.5359999999999999,49,,./report/pdb_by_site/site_all_49_72_2_1.sdf
72_2,-2.6747000000000005,-0.5349400000000001,48,,./report/pdb_by_site/site_all_48_72_2_1.sdf
72_2,-2.67,-0.534,44,,./report/pdb_by_site/site_all_44_72_2_1.sdf
72_2,-2.66,-0.532,69,,./report/pdb_by_site/site_all_69_72_2_1.sdf
72_2,-2.6100000000000003,-0.522,21,,./report/pdb_by_site/site_all_21_72_2_1.sdf
72_2,-2.6079999999999997,-0.5216,12,,./report/pdb_by_site/site_all_12_72_2_2.sdf
72_2,-2.6,-0.52,58,,./report/pdb_by_site/site_all_58_72_2_2.sdf
72_2,-2.58,-0.516,30,,./report/pdb_by_site/site_all_30_72_2_1.sdf
72_2,-2.58,-0.516,40,,./report/pdb_by_site/site_all_40_72_2_1.sdf
72_2,-2.5700000000000003,-0.514,21,,./report/pdb_by_site/site_all_21_72_2_2.sdf
72_2,-2.5700000000000003,-0.514,4,,./report/pdb_by_site/site_all_4_72_2_2.sdf
72_2,-2.56,-0.512,27,,./report/pdb_by_site/site_all_27_72_2_1.sdf
72_2,-2.54,-0.508,75,,./report/pdb_by_site/site_all_75_72_2_1.sdf
72_2,-2.4800000000000004,-0.4960000000000001,15,,./report/pdb_by_site/site_all_15_72_2_1.sdf
72_2,-2.4800000000000004,-0.4960000000000001,15,,./report/pdb_by_site/site_all_15_72_2_2.sdf
72_2,-2.47,-0.49400000000000005,65,,./report/pdb_by_site/site_all_65_72_2_1.sdf
72_2,-2.46,-0.492,96,,./report/pdb_by_site/site_all_96_72_2_1.sdf
72_2,-2.383,-0.4766,9,,./report/pdb_by_site/site_all_9_72_2_3.sdf
72_2,-2.3709999999999996,-0.4741999999999999,9,,./report/pdb_by_site/site_all_9_72_2_4.sdf
72_2,-2.35,-0.47000000000000003,100,,./report/pdb_by_site/site_all_100_72_2_1.sdf
72_2,-2.3400000000000003,-0.4680000000000001,118,,./report/pdb_by_site/site_all_118_72_2_1.sdf
72_2,-2.31,-0.462,41,,./report/pdb_by_site/site_all_41_72_2_1.sdf
72_2,-2.302,-0.46040000000000003,24,,./report/pdb_by_site/site_all_24_72_2_1.sdf
72_2,-2.2827,-0.45654000000000006,53,,./report/pdb_by_site/site_all_53_72_2_1.sdf
72_2,-2.247,-0.44939999999999997,81,,./report/pdb_by_site/site_all_81_72_2_1.sdf
72_2,-2.245,-0.449,38,,./report/pdb_by_site/site_all_38_72_2_2.sdf
72_2,-2.22,-0.44400000000000006,57,,./report/pdb_by_site/site_all_57_72_2_1.sdf
72_2,-2.206,-0.4412,36,,./report/pdb_by_site/site_all_36_72_2_4.sdf
72_2,-2.1710000000000003,-0.43420000000000003,109,,./report/pdb_by_site/site_all_109_72_2_1.sdf
72_2,-2.1430000000000002,-0.42860000000000004,28,,./report/pdb_by_site/site_all_28_72_2_1.sdf
72_2,-2.133,-0.4266,39,,./report/pdb_by_site/site_all_39_72_2_2.sdf
72_2,-2.1229999999999998,-0.4246,76,,./report/pdb_by_site/site_all_76_72_2_1.sdf
72_2,-2.12,-0.42400000000000004,114,,./report/pdb_by_site/site_all_114_72_2_1.sdf
72_2,-2.11,-0.422,67,,./report/pdb_by_site/site_all_67_72_2_1.sdf
72_2,-2.088,-0.4176,75,,./report/pdb_by_site/site_all_75_72_2_2.sdf
72_2,-2.07,-0.414,80,,./report/pdb_by_site/site_all_80_72_2_1.sdf
72_2,-2.059,-0.41180000000000005,35,,./report/pdb_by_site/site_all_35_72_2_1.sdf
72_2,-2.053,-0.41059999999999997,90,,./report/pdb_by_site/site_all_90_72_2_1.sdf
72_2,-2.0517,-0.41034,97,,./report/pdb_by_site/site_all_97_72_2_1.sdf
72_2,-2.0100000000000002,-0.402,53,,./report/pdb_by_site/site_all_53_72_2_2.sdf
72_2,-2.0100000000000002,-0.402,49,,./report/pdb_by_site/site_all_49_72_2_2.sdf
72_2,-2.006,-0.40119999999999995,4,,./report/pdb_by_site/site_all_4_72_2_3.sdf
73,-5.379999999999999,-0.8966666666666665,3,,./report/pdb_by_site/site_all_3_73_1.sdf
73,-4.57,-0.7616666666666667,9,,./report/pdb_by_site/site_all_9_73_1.sdf
73,-4.27,-0.7116666666666666,10,,./report/pdb_by_site/site_all_10_73_1.sdf
73,-4.04,-0.6733333333333333,11,,./report/pdb_by_site/site_all_11_73_1.sdf
73,-4.04,-0.6733333333333333,17,,./report/pdb_by_site/site_all_17_73_1.sdf
73,-3.95,-0.6583333333333333,5,,./report/pdb_by_site/site_all_5_73_1.sdf
73,-3.9400000000000004,-0.6566666666666667,5,,./report/pdb_by_site/site_all_5_73_2.sdf
73,-3.8400000000000003,-0.64,2,,./report/pdb_by_site/site_all_2_73_1.sdf
73,-3.76,-0.6266666666666666,21,,./report/pdb_by_site/site_all_21_73_1.sdf
73,-3.72,-0.62,12,,./report/pdb_by_site/site_all_12_73_1.sdf
73,-3.7,-0.6166666666666667,10,,./report/pdb_by_site/site_all_10_73_2.sdf
73,-3.67,-0.6116666666666667,15,,./report/pdb_by_site/site_all_15_73_1.sdf
73,-3.6399999999999997,-0.6066666666666666,5,,./report/pdb_by_site/site_all_5_73_3.sdf
73,-3.6100000000000003,-0.6016666666666667,24,,./report/pdb_by_site/site_all_24_73_1.sdf
73,-3.496,-0.5826666666666667,19,,./report/pdb_by_site/site_all_19_73_1.sdf
73,-3.4859999999999998,-0.581,19,,./report/pdb_by_site/site_all_19_73_2.sdf
73,-3.4700000000000006,-0.5783333333333335,22,,./report/pdb_by_site/site_all_22_73_1.sdf
73,-3.46,-0.5766666666666667,10,,./report/pdb_by_site/site_all_10_73_3.sdf
73,-3.46,-0.5766666666666667,41,,./report/pdb_by_site/site_all_41_73_1.sdf
73,-3.41,-0.5683333333333334,25,,./report/pdb_by_site/site_all_25_73_1.sdf
73,-3.4000000000000004,-0.5666666666666668,30,,./report/pdb_by_site/site_all_30_73_1.sdf
73,-3.36,-0.5599999999999999,14,,./report/pdb_by_site/site_all_14_73_1.sdf
73,-3.3,-0.5499999999999999,18,,./report/pdb_by_site/site_all_18_73_1.sdf
73,-3.27,-0.545,10,,./report/pdb_by_site/site_all_10_73_4.sdf
73,-3.26,-0.5433333333333333,2,,./report/pdb_by_site/site_all_2_73_2.sdf
73,-3.15,-0.525,10,,./report/pdb_by_site/site_all_10_73_5.sdf
73,-3.07,-0.5116666666666666,44,,./report/pdb_by_site/site_all_44_73_1.sdf
73,-3.04,-0.5066666666666667,17,,./report/pdb_by_site/site_all_17_73_2.sdf
73,-3.01,-0.5016666666666666,3,,./report/pdb_by_site/site_all_3_73_2.sdf
73,-2.969,-0.4948333333333333,50,,./report/pdb_by_site/site_all_50_73_1.sdf
73,-2.95,-0.4916666666666667,20,,./report/pdb_by_site/site_all_20_73_1.sdf
73,-2.9099999999999997,-0.48499999999999993,30,,./report/pdb_by_site/site_all_30_73_2.sdf
73,-2.907,-0.4845,3,,./report/pdb_by_site/site_all_3_73_3.sdf
73,-2.8899999999999997,-0.48166666666666663,3,,./report/pdb_by_site/site_all_3_73_4.sdf
73,-2.76,-0.45999999999999996,26,,./report/pdb_by_site/site_all_26_73_1.sdf
73,-2.73,-0.455,56,,./report/pdb_by_site/site_all_56_73_1.sdf
73,-2.7,-0.45,53,,./report/pdb_by_site/site_all_53_73_1.sdf
73,-2.6837000000000004,-0.4472833333333334,21,,./report/pdb_by_site/site_all_21_73_2.sdf
73,-2.662,-0.44366666666666665,27,,./report/pdb_by_site/site_all_27_73_1.sdf
73,-2.64,-0.44,58,,./report/pdb_by_site/site_all_58_73_1.sdf
73,-2.6399999999999997,-0.43999999999999995,56,,./report/pdb_by_site/site_all_56_73_2.sdf
73,-2.6189999999999998,-0.43649999999999994,20,,./report/pdb_by_site/site_all_20_73_2.sdf
73,-2.491,-0.4151666666666667,79,,./report/pdb_by_site/site_all_79_73_1.sdf
73,-2.49,-0.41500000000000004,36,,./report/pdb_by_site/site_all_36_73_1.sdf
73,-2.484,-0.414,41,,./report/pdb_by_site/site_all_41_73_2.sdf
73,-2.44,-0.4066666666666667,85,,./report/pdb_by_site/site_all_85_73_1.sdf
73,-2.43,-0.405,77,,./report/pdb_by_site/site_all_77_73_1.sdf
73,-2.403,-0.4005,75,,./report/pdb_by_site/site_all_75_73_1.sdf
73,-2.39,-0.3983333333333334,80,,./report/pdb_by_site/site_all_80_73_1.sdf
73,-2.37,-0.395,17,,./report/pdb_by_site/site_all_17_73_3.sdf
73,-2.37,-0.395,24,,./report/pdb_by_site/site_all_24_73_2.sdf
73,-2.37,-0.395,58,,./report/pdb_by_site/site_all_58_73_2.sdf
73,-2.3599999999999994,-0.39333333333333326,41,,./report/pdb_by_site/site_all_41_73_3.sdf
73,-2.34,-0.38999999999999996,10,,./report/pdb_by_site/site_all_10_73_6.sdf
73,-2.33,-0.38833333333333336,75,,./report/pdb_by_site/site_all_75_73_2.sdf
73,-2.31,-0.385,41,,./report/pdb_by_site/site_all_41_73_4.sdf
73,-2.26,-0.37666666666666665,103,,./report/pdb_by_site/site_all_103_73_1.sdf
73,-2.26,-0.37666666666666665,81,,./report/pdb_by_site/site_all_81_73_1.sdf
73,-2.2,-0.3666666666666667,67,,./report/pdb_by_site/site_all_67_73_1.sdf
73,-2.2,-0.3666666666666667,57,,./report/pdb_by_site/site_all_57_73_1.sdf
73,-2.1799999999999997,-0.3633333333333333,105,,./report/pdb_by_site/site_all_105_73_1.sdf
73,-2.1500000000000004,-0.3583333333333334,50,,./report/pdb_by_site/site_all_50_73_2.sdf
73,-2.1399999999999997,-0.35666666666666663,81,,./report/pdb_by_site/site_all_81_73_2.sdf
73,-2.13,-0.355,14,,./report/pdb_by_site/site_all_14_73_2.sdf
73,-2.08,-0.3466666666666667,87,,./report/pdb_by_site/site_all_87_73_1.sdf
73,-2.07,-0.345,9,,./report/pdb_by_site/site_all_9_73_2.sdf
73,-2.02,-0.33666666666666667,11,,./report/pdb_by_site/site_all_11_73_2.sdf
73,-2.016,-0.336,74,,./report/pdb_by_site/site_all_74_73_1.sdf
73,-2.01,-0.33499999999999996,96,,./report/pdb_by_site/site_all_96_73_1.sdf
74_1,-5.220000000000001,-0.7457142857142858,3,,./report/pdb_by_site/site_all_3_74_1_1.sdf
74_1,-4.22,-0.6028571428571429,10,,./report/pdb_by_site/site_all_10_74_1_1.sdf
74_1,-4.113,-0.5875714285714286,9,,./report/pdb_by_site/site_all_9_74_1_1.sdf
74_1,-4.093999999999999,-0.5848571428571427,10,,./report/pdb_by_site/site_all_10_74_1_2.sdf
74_1,-3.99,-0.5700000000000001,2,,./report/pdb_by_site/site_all_2_74_1_1.sdf
74_1,-3.947,-0.5638571428571428,10,,./report/pdb_by_site/site_all_10_74_1_3.sdf
74_1,-3.8,-0.5428571428571428,11,,./report/pdb_by_site/site_all_11_74_1_1.sdf
74_1,-3.4029999999999996,-0.4861428571428571,24,,./report/pdb_by_site/site_all_24_74_1_1.sdf
74_1,-3.3999999999999995,-0.48571428571428565,10,,./report/pdb_by_site/site_all_10_74_1_4.sdf
74_1,-3.309,-0.47271428571428575,2,,./report/pdb_by_site/site_all_2_74_1_2.sdf
74_1,-3.2720000000000002,-0.46742857142857147,20,,./report/pdb_by_site/site_all_20_74_1_1.sdf
74_1,-3.192,-0.456,15,,./report/pdb_by_site/site_all_15_74_1_1.sdf
74_1,-3.1870000000000003,-0.45528571428571435,19,,./report/pdb_by_site/site_all_19_74_1_1.sdf
74_1,-3.1800000000000006,-0.45428571428571435,10,,./report/pdb_by_site/site_all_10_74_1_5.sdf
74_1,-3.1700000000000004,-0.4528571428571429,17,,./report/pdb_by_site/site_all_17_74_1_1.sdf
74_1,-3.163,-0.45185714285714285,20,,./report/pdb_by_site/site_all_20_74_1_2.sdf
74_1,-3.1099999999999994,-0.44428571428571423,5,,./report/pdb_by_site/site_all_5_74_1_1.sdf
74_1,-3.072,-0.4388571428571429,3,,./report/pdb_by_site/site_all_3_74_1_2.sdf
74_1,-3.064,-0.4377142857142857,27,,./report/pdb_by_site/site_all_27_74_1_1.sdf
74_1,-3.05,-0.43571428571428567,5,,./report/pdb_by_site/site_all_5_74_1_2.sdf
74_1,-2.939,-0.4198571428571429,21,,./report/pdb_by_site/site_all_21_74_1_1.sdf
74_1,-2.9299999999999997,-0.41857142857142854,26,,./report/pdb_by_site/site_all_26_74_1_1.sdf
74_1,-2.9000000000000004,-0.4142857142857143,2,,./report/pdb_by_site/site_all_2_74_1_3.sdf
74_1,-2.86,-0.40857142857142853,22,,./report/pdb_by_site/site_all_22_74_1_1.sdf
74_1,-2.81,-0.4014285714285714,12,,./report/pdb_by_site/site_all_12_74_1_1.sdf
74_1,-2.8,-0.39999999999999997,25,,./report/pdb_by_site/site_all_25_74_1_1.sdf
74_1,-2.78,-0.39714285714285713,41,,./report/pdb_by_site/site_all_41_74_1_1.sdf
74_1,-2.78,-0.39714285714285713,10,,./report/pdb_by_site/site_all_10_74_1_6.sdf
74_1,-2.7699999999999996,-0.39571428571428563,3,,./report/pdb_by_site/site_all_3_74_1_3.sdf
74_1,-2.7,-0.38571428571428573,5,,./report/pdb_by_site/site_all_5_74_1_3.sdf
74_1,-2.6799999999999997,-0.38285714285714284,57,,./report/pdb_by_site/site_all_57_74_1_1.sdf
74_1,-2.67,-0.3814285714285714,30,,./report/pdb_by_site/site_all_30_74_1_1.sdf
74_1,-2.53,-0.3614285714285714,9,,./report/pdb_by_site/site_all_9_74_1_2.sdf
74_1,-2.4570000000000003,-0.35100000000000003,53,,./report/pdb_by_site/site_all_53_74_1_1.sdf
74_1,-2.431,-0.3472857142857143,3,,./report/pdb_by_site/site_all_3_74_1_4.sdf
74_1,-2.4101,-0.3443,51,,./report/pdb_by_site/site_all_51_74_1_1.sdf
74_1,-2.2313,-0.31875714285714285,19,,./report/pdb_by_site/site_all_19_74_1_2.sdf
74_1,-2.23,-0.31857142857142856,24,,./report/pdb_by_site/site_all_24_74_1_2.sdf
74_1,-2.227,-0.3181428571428571,53,,./report/pdb_by_site/site_all_53_74_1_2.sdf
74_1,-2.224,-0.3177142857142857,56,,./report/pdb_by_site/site_all_56_74_1_1.sdf
74_1,-2.218,-0.31685714285714284,36,,./report/pdb_by_site/site_all_36_74_1_1.sdf
74_1,-2.173,-0.31042857142857144,34,,./report/pdb_by_site/site_all_34_74_1_1.sdf
74_1,-2.1550000000000002,-0.3078571428571429,18,,./report/pdb_by_site/site_all_18_74_1_1.sdf
74_1,-2.1399999999999997,-0.30571428571428566,30,,./report/pdb_by_site/site_all_30_74_1_2.sdf
74_1,-2.1109999999999998,-0.30157142857142855,85,,./report/pdb_by_site/site_all_85_74_1_1.sdf
74_1,-2.1060000000000003,-0.3008571428571429,74,,./report/pdb_by_site/site_all_74_74_1_1.sdf
74_1,-2.1029999999999998,-0.3004285714285714,58,,./report/pdb_by_site/site_all_58_74_1_1.sdf
74_1,-2.0940000000000003,-0.2991428571428572,56,,./report/pdb_by_site/site_all_56_74_1_2.sdf
74_1,-2.086,-0.298,77,,./report/pdb_by_site/site_all_77_74_1_1.sdf
74_1,-2.071,-0.2958571428571429,38,,./report/pdb_by_site/site_all_38_74_1_1.sdf
74_1,-2.061,-0.29442857142857143,61,,./report/pdb_by_site/site_all_61_74_1_1.sdf
74_1,-2.0460000000000003,-0.2922857142857143,75,,./report/pdb_by_site/site_all_75_74_1_1.sdf
74_1,-2.04,-0.2914285714285714,121,,./report/pdb_by_site/site_all_121_74_1_1.sdf
74_1,-2.04,-0.2914285714285714,58,,./report/pdb_by_site/site_all_58_74_1_2.sdf
74_1,-2.009,-0.287,27,,./report/pdb_by_site/site_all_27_74_1_2.sdf
74_1,-2.008,-0.28685714285714287,85,,./report/pdb_by_site/site_all_85_74_1_2.sdf
74_1,-2.005,-0.2864285714285714,74,,./report/pdb_by_site/site_all_74_74_1_2.sdf
74_2,-4.83,-0.6900000000000001,3,,./report/pdb_by_site/site_all_3_74_2_1.sdf
74_2,-4.050000000000001,-0.5785714285714286,9,,./report/pdb_by_site/site_all_9_74_2_1.sdf
74_2,-3.92,-0.5599999999999999,2,,./report/pdb_by_site/site_all_2_74_2_1.sdf
74_2,-3.884,-0.5548571428571428,10,,./report/pdb_by_site/site_all_10_74_2_1.sdf
74_2,-3.71,-0.53,11,,./report/pdb_by_site/site_all_11_74_2_1.sdf
74_2,-3.62,-0.5171428571428571,5,,./report/pdb_by_site/site_all_5_74_2_1.sdf
74_2,-3.5999999999999996,-0.5142857142857142,5,,./report/pdb_by_site/site_all_5_74_2_2.sdf
74_2,-3.519,-0.5027142857142858,15,,./report/pdb_by_site/site_all_15_74_2_1.sdf
74_2,-3.43,-0.49000000000000005,2,,./report/pdb_by_site/site_all_2_74_2_2.sdf
74_2,-3.43,-0.49000000000000005,10,,./report/pdb_by_site/site_all_10_74_2_2.sdf
74_2,-3.418,-0.4882857142857143,21,,./report/pdb_by_site/site_all_21_74_2_1.sdf
74_2,-3.39,-0.4842857142857143,24,,./report/pdb_by_site/site_all_24_74_2_1.sdf
74_2,-3.3369999999999997,-0.4767142857142857,10,,./report/pdb_by_site/site_all_10_74_2_3.sdf
74_2,-3.2399999999999998,-0.4628571428571428,17,,./report/pdb_by_site/site_all_17_74_2_1.sdf
74_2,-3.2,-0.4571428571428572,12,,./report/pdb_by_site/site_all_12_74_2_1.sdf
74_2,-3.167,-0.4524285714285714,15,,./report/pdb_by_site/site_all_15_74_2_2.sdf
74_2,-3.1399999999999997,-0.4485714285714285,20,,./report/pdb_by_site/site_all_20_74_2_1.sdf
74_2,-3.08,-0.44,5,,./report/pdb_by_site/site_all_5_74_2_3.sdf
74_2,-3.0799999999999996,-0.43999999999999995,19,,./report/pdb_by_site/site_all_19_74_2_1.sdf
74_2,-3.05,-0.43571428571428567,27,,./report/pdb_by_site/site_all_27_74_2_1.sdf
74_2,-2.962,-0.42314285714285715,24,,./report/pdb_by_site/site_all_24_74_2_2.sdf
74_2,-2.94,-0.42,26,,./report/pdb_by_site/site_all_26_74_2_1.sdf
74_2,-2.91,-0.41571428571428576,2,,./report/pdb_by_site/site_all_2_74_2_3.sdf
74_2,-2.91,-0.41571428571428576,57,,./report/pdb_by_site/site_all_57_74_2_1.sdf
74_2,-2.8202,-0.40288571428571424,34,,./report/pdb_by_site/site_all_34_74_2_1.sdf
74_2,-2.7800000000000002,-0.3971428571428572,41,,./report/pdb_by_site/site_all_41_74_2_1.sdf
74_2,-2.7699999999999996,-0.39571428571428563,25,,./report/pdb_by_site/site_all_25_74_2_1.sdf
74_2,-2.76,-0.39428571428571424,30,,./report/pdb_by_site/site_all_30_74_2_1.sdf
74_2,-2.5928,-0.3704,22,,./report/pdb_by_site/site_all_22_74_2_1.sdf
74_2,-2.58,-0.3685714285714286,20,,./report/pdb_by_site/site_all_20_74_2_2.sdf
74_2,-2.5799999999999996,-0.3685714285714285,30,,./report/pdb_by_site/site_all_30_74_2_2.sdf
74_2,-2.5589999999999997,-0.36557142857142855,44,,./report/pdb_by_site/site_all_44_74_2_1.sdf
74_2,-2.5580000000000003,-0.3654285714285715,17,,./report/pdb_by_site/site_all_17_74_2_2.sdf
74_2,-2.53,-0.3614285714285714,18,,./report/pdb_by_site/site_all_18_74_2_1.sdf
74_2,-2.5220000000000002,-0.3602857142857143,3,,./report/pdb_by_site/site_all_3_74_2_2.sdf
74_2,-2.51,-0.35857142857142854,3,,./report/pdb_by_site/site_all_3_74_2_3.sdf
74_2,-2.444,-0.34914285714285714,53,,./report/pdb_by_site/site_all_53_74_2_1.sdf
74_2,-2.441,-0.3487142857142857,27,,./report/pdb_by_site/site_all_27_74_2_2.sdf
74_2,-2.378,-0.33971428571428575,35,,./report/pdb_by_site/site_all_35_74_2_1.sdf
74_2,-2.3129999999999997,-0.3304285714285714,26,,./report/pdb_by_site/site_all_26_74_2_2.sdf
74_2,-2.267,-0.32385714285714284,75,,./report/pdb_by_site/site_all_75_74_2_1.sdf
74_2,-2.231,-0.31871428571428567,9,,./report/pdb_by_site/site_all_9_74_2_2.sdf
74_2,-2.23,-0.31857142857142856,58,,./report/pdb_by_site/site_all_58_74_2_1.sdf
74_2,-2.22,-0.31714285714285717,56,,./report/pdb_by_site/site_all_56_74_2_1.sdf
74_2,-2.153,-0.30757142857142855,80,,./report/pdb_by_site/site_all_80_74_2_1.sdf
74_2,-2.1500000000000004,-0.3071428571428572,10,,./report/pdb_by_site/site_all_10_74_2_4.sdf
74_2,-2.143,-0.3061428571428571,74,,./report/pdb_by_site/site_all_74_74_2_1.sdf
74_2,-2.1399999999999997,-0.30571428571428566,30,,./report/pdb_by_site/site_all_30_74_2_3.sdf
74_2,-2.089,-0.29842857142857143,58,,./report/pdb_by_site/site_all_58_74_2_2.sdf
74_2,-2.0860000000000003,-0.29800000000000004,22,,./report/pdb_by_site/site_all_22_74_2_2.sdf
74_2,-2.08,-0.29714285714285715,77,,./report/pdb_by_site/site_all_77_74_2_1.sdf
74_2,-2.079,-0.29700000000000004,24,,./report/pdb_by_site/site_all_24_74_2_3.sdf
74_2,-2.0789999999999997,-0.297,85,,./report/pdb_by_site/site_all_85_74_2_1.sdf
74_2,-2.077,-0.2967142857142857,24,,./report/pdb_by_site/site_all_24_74_2_4.sdf
74_2,-2.0599999999999996,-0.2942857142857142,79,,./report/pdb_by_site/site_all_79_74_2_1.sdf
74_2,-2.0540000000000003,-0.2934285714285715,74,,./report/pdb_by_site/site_all_74_74_2_2.sdf
74_2,-2.036,-0.29085714285714287,75,,./report/pdb_by_site/site_all_75_74_2_2.sdf
74_2,-2.0311,-0.29015714285714284,38,,./report/pdb_by_site/site_all_38_74_2_1.sdf
74_2,-2.028,-0.2897142857142857,36,,./report/pdb_by_site/site_all_36_74_2_1.sdf
74_2,-2.027,-0.2895714285714286,81,,./report/pdb_by_site/site_all_81_74_2_1.sdf
74_2,-2.01,-0.2871428571428571,57,,./report/pdb_by_site/site_all_57_74_2_2.sdf
75,-5.949999999999999,-0.9916666666666666,3,,./report/pdb_by_site/site_all_3_75_1.sdf
75,-5.33,-0.8883333333333333,9,,./report/pdb_by_site/site_all_9_75_1.sdf
75,-4.84,-0.8066666666666666,2,,./report/pdb_by_site/site_all_2_75_1.sdf
75,-4.63,-0.7716666666666666,10,,./report/pdb_by_site/site_all_10_75_1.sdf
75,-4.58,-0.7633333333333333,10,,./report/pdb_by_site/site_all_10_75_2.sdf
75,-4.545999999999999,-0.7576666666666666,10,,./report/pdb_by_site/site_all_10_75_3.sdf
75,-4.5,-0.75,11,,./report/pdb_by_site/site_all_11_75_1.sdf
75,-4.32,-0.7200000000000001,2,,./report/pdb_by_site/site_all_2_75_2.sdf
75,-4.23,-0.7050000000000001,24,,./report/pdb_by_site/site_all_24_75_1.sdf
75,-4.16,-0.6933333333333334,2,,./report/pdb_by_site/site_all_2_75_3.sdf
75,-4.11,-0.685,17,,./report/pdb_by_site/site_all_17_75_1.sdf
75,-4.0600000000000005,-0.6766666666666667,5,,./report/pdb_by_site/site_all_5_75_1.sdf
75,-4.04,-0.6733333333333333,21,,./report/pdb_by_site/site_all_21_75_1.sdf
75,-4.03,-0.6716666666666667,10,,./report/pdb_by_site/site_all_10_75_4.sdf
75,-3.9400000000000004,-0.6566666666666667,12,,./report/pdb_by_site/site_all_12_75_1.sdf
75,-3.8600000000000003,-0.6433333333333334,15,,./report/pdb_by_site/site_all_15_75_1.sdf
75,-3.85,-0.6416666666666667,5,,./report/pdb_by_site/site_all_5_75_2.sdf
75,-3.8470000000000004,-0.6411666666666668,19,,./report/pdb_by_site/site_all_19_75_1.sdf
75,-3.8200000000000003,-0.6366666666666667,22,,./report/pdb_by_site/site_all_22_75_1.sdf
75,-3.6799999999999997,-0.6133333333333333,10,,./report/pdb_by_site/site_all_10_75_5.sdf
75,-3.66,-0.61,18,,./report/pdb_by_site/site_all_18_75_1.sdf
75,-3.49,-0.5816666666666667,41,,./report/pdb_by_site/site_all_41_75_1.sdf
75,-3.4899999999999998,-0.5816666666666667,2,,./report/pdb_by_site/site_all_2_75_4.sdf
75,-3.482,-0.5803333333333334,19,,./report/pdb_by_site/site_all_19_75_2.sdf
75,-3.48,-0.58,10,,./report/pdb_by_site/site_all_10_75_6.sdf
75,-3.4199999999999995,-0.57,26,,./report/pdb_by_site/site_all_26_75_1.sdf
75,-3.396,-0.566,20,,./report/pdb_by_site/site_all_20_75_1.sdf
75,-3.36,-0.5599999999999999,30,,./report/pdb_by_site/site_all_30_75_1.sdf
75,-3.345,-0.5575,3,,./report/pdb_by_site/site_all_3_75_2.sdf
75,-3.3200000000000007,-0.5533333333333335,20,,./report/pdb_by_site/site_all_20_75_2.sdf
75,-3.293,-0.5488333333333334,27,,./report/pdb_by_site/site_all_27_75_1.sdf
75,-3.2800000000000002,-0.5466666666666667,25,,./report/pdb_by_site/site_all_25_75_1.sdf
75,-3.28,-0.5466666666666666,27,,./report/pdb_by_site/site_all_27_75_2.sdf
75,-3.22,-0.5366666666666667,14,,./report/pdb_by_site/site_all_14_75_1.sdf
75,-3.17,-0.5283333333333333,56,,./report/pdb_by_site/site_all_56_75_1.sdf
75,-2.9799999999999995,-0.4966666666666666,30,,./report/pdb_by_site/site_all_30_75_2.sdf
75,-2.92,-0.48666666666666664,53,,./report/pdb_by_site/site_all_53_75_1.sdf
75,-2.9127,-0.48545,34,,./report/pdb_by_site/site_all_34_75_1.sdf
75,-2.7699999999999996,-0.4616666666666666,58,,./report/pdb_by_site/site_all_58_75_1.sdf
75,-2.75,-0.4583333333333333,3,,./report/pdb_by_site/site_all_3_75_3.sdf
75,-2.725,-0.45416666666666666,3,,./report/pdb_by_site/site_all_3_75_4.sdf
75,-2.7199999999999998,-0.4533333333333333,5,,./report/pdb_by_site/site_all_5_75_3.sdf
75,-2.71,-0.45166666666666666,30,,./report/pdb_by_site/site_all_30_75_3.sdf
75,-2.6900000000000004,-0.4483333333333334,44,,./report/pdb_by_site/site_all_44_75_1.sdf
75,-2.633,-0.43883333333333335,35,,./report/pdb_by_site/site_all_35_75_1.sdf
75,-2.6300000000000003,-0.4383333333333334,44,,./report/pdb_by_site/site_all_44_75_2.sdf
75,-2.579,-0.42983333333333335,25,,./report/pdb_by_site/site_all_25_75_2.sdf
75,-2.55,-0.425,9,,./report/pdb_by_site/site_all_9_75_2.sdf
75,-2.5220000000000002,-0.4203333333333334,3,,./report/pdb_by_site/site_all_3_75_5.sdf
75,-2.4939999999999998,-0.41566666666666663,17,,./report/pdb_by_site/site_all_17_75_2.sdf
75,-2.46,-0.41,79,,./report/pdb_by_site/site_all_79_75_1.sdf
75,-2.43,-0.405,58,,./report/pdb_by_site/site_all_58_75_2.sdf
75,-2.4000000000000004,-0.4000000000000001,75,,./report/pdb_by_site/site_all_75_75_1.sdf
75,-2.38,-0.39666666666666667,57,,./report/pdb_by_site/site_all_57_75_1.sdf
75,-2.3600000000000003,-0.39333333333333337,41,,./report/pdb_by_site/site_all_41_75_2.sdf
75,-2.35,-0.39166666666666666,24,,./report/pdb_by_site/site_all_24_75_2.sdf
75,-2.34,-0.38999999999999996,80,,./report/pdb_by_site/site_all_80_75_1.sdf
75,-2.33,-0.38833333333333336,56,,./report/pdb_by_site/site_all_56_75_2.sdf
75,-2.3200000000000003,-0.3866666666666667,81,,./report/pdb_by_site/site_all_81_75_1.sdf
75,-2.32,-0.38666666666666666,36,,./report/pdb_by_site/site_all_36_75_1.sdf
75,-2.3099999999999996,-0.38499999999999995,41,,./report/pdb_by_site/site_all_41_75_3.sdf
75,-2.301,-0.3835,38,,./report/pdb_by_site/site_all_38_75_1.sdf
75,-2.3000000000000003,-0.38333333333333336,41,,./report/pdb_by_site/site_all_41_75_4.sdf
75,-2.3,-0.3833333333333333,91,,./report/pdb_by_site/site_all_91_75_1.sdf
75,-2.283,-0.3805,26,,./report/pdb_by_site/site_all_26_75_2.sdf
75,-2.28,-0.37999999999999995,17,,./report/pdb_by_site/site_all_17_75_3.sdf
75,-2.26,-0.37666666666666665,27,,./report/pdb_by_site/site_all_27_75_3.sdf
75,-2.2399999999999998,-0.3733333333333333,36,,./report/pdb_by_site/site_all_36_75_2.sdf
75,-2.18,-0.36333333333333334,24,,./report/pdb_by_site/site_all_24_75_3.sdf
75,-2.1743,-0.36238333333333334,102,,./report/pdb_by_site/site_all_102_75_1.sdf
75,-2.17,-0.36166666666666664,85,,./report/pdb_by_site/site_all_85_75_1.sdf
75,-2.17,-0.36166666666666664,111,,./report/pdb_by_site/site_all_111_75_1.sdf
75,-2.16,-0.36000000000000004,85,,./report/pdb_by_site/site_all_85_75_2.sdf
75,-2.15,-0.35833333333333334,74,,./report/pdb_by_site/site_all_74_75_1.sdf
75,-2.1297,-0.35495000000000004,61,,./report/pdb_by_site/site_all_61_75_1.sdf
75,-2.11,-0.3516666666666666,77,,./report/pdb_by_site/site_all_77_75_1.sdf
75,-2.1,-0.35000000000000003,67,,./report/pdb_by_site/site_all_67_75_1.sdf
75,-2.0999999999999996,-0.3499999999999999,80,,./report/pdb_by_site/site_all_80_75_2.sdf
75,-2.08,-0.3466666666666667,11,,./report/pdb_by_site/site_all_11_75_2.sdf
75,-2.08,-0.3466666666666667,22,,./report/pdb_by_site/site_all_22_75_2.sdf
75,-2.05,-0.3416666666666666,31,,./report/pdb_by_site/site_all_31_75_1.sdf
75,-2.0300000000000002,-0.3383333333333334,41,,./report/pdb_by_site/site_all_41_75_5.sdf
75,-2.03,-0.3383333333333333,57,,./report/pdb_by_site/site_all_57_75_2.sdf
75,-2.01,-0.33499999999999996,108,,./report/pdb_by_site/site_all_108_75_1.sdf
76_1,-4.5600000000000005,-0.6514285714285715,2,,./report/pdb_by_site/site_all_2_76_1_1.sdf
76_1,-4.13,-0.59,17,,./report/pdb_by_site/site_all_17_76_1_1.sdf
76_1,-4.06,-0.58,5,,./report/pdb_by_site/site_all_5_76_1_1.sdf
76_1,-3.92,-0.5599999999999999,41,,./report/pdb_by_site/site_all_41_76_1_1.sdf
76_1,-3.8400000000000003,-0.5485714285714286,10,,./report/pdb_by_site/site_all_10_76_1_1.sdf
76_1,-3.83,-0.5471428571428572,30,,./report/pdb_by_site/site_all_30_76_1_1.sdf
76_1,-3.8200000000000003,-0.5457142857142857,9,,./report/pdb_by_site/site_all_9_76_1_1.sdf
76_1,-3.8,-0.5428571428571428,22,,./report/pdb_by_site/site_all_22_76_1_1.sdf
76_1,-3.7800000000000002,-0.54,10,,./report/pdb_by_site/site_all_10_76_1_2.sdf
76_1,-3.78,-0.5399999999999999,3,,./report/pdb_by_site/site_all_3_76_1_1.sdf
76_1,-3.6999999999999997,-0.5285714285714286,12,,./report/pdb_by_site/site_all_12_76_1_1.sdf
76_1,-3.69,-0.5271428571428571,11,,./report/pdb_by_site/site_all_11_76_1_1.sdf
76_1,-3.55,-0.5071428571428571,41,,./report/pdb_by_site/site_all_41_76_1_2.sdf
76_1,-3.5100000000000002,-0.5014285714285714,41,,./report/pdb_by_site/site_all_41_76_1_3.sdf
76_1,-3.41,-0.48714285714285716,18,,./report/pdb_by_site/site_all_18_76_1_1.sdf
76_1,-3.376,-0.48228571428571426,5,,./report/pdb_by_site/site_all_5_76_1_2.sdf
76_1,-3.34,-0.47714285714285715,56,,./report/pdb_by_site/site_all_56_76_1_1.sdf
76_1,-3.34,-0.47714285714285715,49,,./report/pdb_by_site/site_all_49_76_1_1.sdf
76_1,-3.2600000000000002,-0.46571428571428575,3,,./report/pdb_by_site/site_all_3_76_1_2.sdf
76_1,-3.24,-0.4628571428571429,44,,./report/pdb_by_site/site_all_44_76_1_1.sdf
76_1,-3.1799999999999997,-0.45428571428571424,78,,./report/pdb_by_site/site_all_78_76_1_1.sdf
76_1,-3.13,-0.4471428571428571,70,,./report/pdb_by_site/site_all_70_76_1_1.sdf
76_1,-3.06,-0.43714285714285717,22,,./report/pdb_by_site/site_all_22_76_1_2.sdf
76_1,-3.0300000000000002,-0.4328571428571429,57,,./report/pdb_by_site/site_all_57_76_1_1.sdf
76_1,-3.003,-0.429,3,,./report/pdb_by_site/site_all_3_76_1_3.sdf
76_1,-2.9850000000000003,-0.4264285714285715,21,,./report/pdb_by_site/site_all_21_76_1_1.sdf
76_1,-2.9770000000000003,-0.4252857142857143,98,,./report/pdb_by_site/site_all_98_76_1_1.sdf
76_1,-2.95,-0.42142857142857143,80,,./report/pdb_by_site/site_all_80_76_1_1.sdf
76_1,-2.93,-0.4185714285714286,25,,./report/pdb_by_site/site_all_25_76_1_1.sdf
76_1,-2.9,-0.41428571428571426,30,,./report/pdb_by_site/site_all_30_76_1_2.sdf
76_1,-2.8400000000000003,-0.40571428571428575,77,,./report/pdb_by_site/site_all_77_76_1_1.sdf
76_1,-2.81,-0.4014285714285714,10,,./report/pdb_by_site/site_all_10_76_1_3.sdf
76_1,-2.81,-0.4014285714285714,26,,./report/pdb_by_site/site_all_26_76_1_1.sdf
76_1,-2.8099999999999996,-0.40142857142857136,36,,./report/pdb_by_site/site_all_36_76_1_1.sdf
76_1,-2.74,-0.39142857142857146,36,,./report/pdb_by_site/site_all_36_76_1_2.sdf
76_1,-2.74,-0.39142857142857146,67,,./report/pdb_by_site/site_all_67_76_1_1.sdf
76_1,-2.6799999999999997,-0.38285714285714284,31,,./report/pdb_by_site/site_all_31_76_1_1.sdf
76_1,-2.65,-0.37857142857142856,91,,./report/pdb_by_site/site_all_91_76_1_1.sdf
76_1,-2.54,-0.3628571428571429,58,,./report/pdb_by_site/site_all_58_76_1_1.sdf
76_1,-2.5300000000000002,-0.3614285714285715,80,,./report/pdb_by_site/site_all_80_76_1_2.sdf
76_1,-2.52,-0.36,26,,./report/pdb_by_site/site_all_26_76_1_2.sdf
76_1,-2.52,-0.36,96,,./report/pdb_by_site/site_all_96_76_1_1.sdf
76_1,-2.52,-0.36,103,,./report/pdb_by_site/site_all_103_76_1_1.sdf
76_1,-2.5199999999999996,-0.35999999999999993,15,,./report/pdb_by_site/site_all_15_76_1_1.sdf
76_1,-2.48,-0.35428571428571426,14,,./report/pdb_by_site/site_all_14_76_1_1.sdf
76_1,-2.4600000000000004,-0.3514285714285715,79,,./report/pdb_by_site/site_all_79_76_1_1.sdf
76_1,-2.416,-0.34514285714285714,17,,./report/pdb_by_site/site_all_17_76_1_2.sdf
76_1,-2.4,-0.34285714285714286,27,,./report/pdb_by_site/site_all_27_76_1_1.sdf
76_1,-2.33,-0.33285714285714285,85,,./report/pdb_by_site/site_all_85_76_1_1.sdf
76_1,-2.29,-0.3271428571428571,94,,./report/pdb_by_site/site_all_94_76_1_1.sdf
76_1,-2.21,-0.3157142857142857,108,,./report/pdb_by_site/site_all_108_76_1_1.sdf
76_1,-2.1999999999999997,-0.3142857142857142,77,,./report/pdb_by_site/site_all_77_76_1_2.sdf
76_1,-2.19,-0.31285714285714283,120,,./report/pdb_by_site/site_all_120_76_1_1.sdf
76_1,-2.18,-0.31142857142857144,57,,./report/pdb_by_site/site_all_57_76_1_2.sdf
76_1,-2.17,-0.31,125,,./report/pdb_by_site/site_all_125_76_1_1.sdf
76_1,-2.14,-0.3057142857142857,87,,./report/pdb_by_site/site_all_87_76_1_1.sdf
76_1,-2.13,-0.30428571428571427,24,,./report/pdb_by_site/site_all_24_76_1_1.sdf
76_1,-2.1,-0.3,121,,./report/pdb_by_site/site_all_121_76_1_1.sdf
76_1,-2.09,-0.29857142857142854,27,,./report/pdb_by_site/site_all_27_76_1_2.sdf
76_1,-2.059,-0.29414285714285715,81,,./report/pdb_by_site/site_all_81_76_1_1.sdf
76_2,-4.92,-0.7028571428571428,5,,./report/pdb_by_site/site_all_5_76_2_1.sdf
76_2,-4.84,-0.6914285714285714,2,,./report/pdb_by_site/site_all_2_76_2_1.sdf
76_2,-4.727,-0.6752857142857144,12,,./report/pdb_by_site/site_all_12_76_2_1.sdf
76_2,-4.5600000000000005,-0.6514285714285715,17,,./report/pdb_by_site/site_all_17_76_2_1.sdf
76_2,-4.529999999999999,-0.647142857142857,36,,./report/pdb_by_site/site_all_36_76_2_1.sdf
76_2,-4.44,-0.6342857142857143,14,,./report/pdb_by_site/site_all_14_76_2_1.sdf
76_2,-4.26,-0.6085714285714285,4,,./report/pdb_by_site/site_all_4_76_2_1.sdf
76_2,-4.24,-0.6057142857142858,31,,./report/pdb_by_site/site_all_31_76_2_1.sdf
76_2,-4.226999999999999,-0.6038571428571428,58,,./report/pdb_by_site/site_all_58_76_2_1.sdf
76_2,-4.166,-0.5951428571428572,19,,./report/pdb_by_site/site_all_19_76_2_1.sdf
76_2,-4.09,-0.5842857142857143,9,,./report/pdb_by_site/site_all_9_76_2_1.sdf
76_2,-4.0,-0.5714285714285714,10,,./report/pdb_by_site/site_all_10_76_2_1.sdf
76_2,-3.933,-0.5618571428571428,11,,./report/pdb_by_site/site_all_11_76_2_1.sdf
76_2,-3.8899999999999997,-0.5557142857142857,25,,./report/pdb_by_site/site_all_25_76_2_1.sdf
76_2,-3.873,-0.5532857142857143,22,,./report/pdb_by_site/site_all_22_76_2_1.sdf
76_2,-3.71,-0.53,3,,./report/pdb_by_site/site_all_3_76_2_1.sdf
76_2,-3.6399999999999997,-0.5199999999999999,74,,./report/pdb_by_site/site_all_74_76_2_1.sdf
76_2,-3.62,-0.5171428571428571,26,,./report/pdb_by_site/site_all_26_76_2_1.sdf
76_2,-3.6,-0.5142857142857143,30,,./report/pdb_by_site/site_all_30_76_2_1.sdf
76_2,-3.55,-0.5071428571428571,44,,./report/pdb_by_site/site_all_44_76_2_1.sdf
76_2,-3.4800000000000004,-0.4971428571428572,2,,./report/pdb_by_site/site_all_2_76_2_2.sdf
76_2,-3.47,-0.4957142857142857,18,,./report/pdb_by_site/site_all_18_76_2_1.sdf
76_2,-3.4699999999999998,-0.49571428571428566,26,,./report/pdb_by_site/site_all_26_76_2_2.sdf
76_2,-3.4500000000000006,-0.49285714285714294,41,,./report/pdb_by_site/site_all_41_76_2_1.sdf
76_2,-3.4170000000000003,-0.48814285714285716,14,,./report/pdb_by_site/site_all_14_76_2_2.sdf
76_2,-3.412,-0.48742857142857143,48,,./report/pdb_by_site/site_all_48_76_2_1.sdf
76_2,-3.3200000000000003,-0.4742857142857143,79,,./report/pdb_by_site/site_all_79_76_2_1.sdf
76_2,-3.3,-0.4714285714285714,21,,./report/pdb_by_site/site_all_21_76_2_1.sdf
76_2,-3.215,-0.45928571428571424,60,,./report/pdb_by_site/site_all_60_76_2_1.sdf
76_2,-3.085,-0.4407142857142857,3,,./report/pdb_by_site/site_all_3_76_2_2.sdf
76_2,-3.08,-0.44,80,,./report/pdb_by_site/site_all_80_76_2_1.sdf
76_2,-3.06,-0.43714285714285717,96,,./report/pdb_by_site/site_all_96_76_2_1.sdf
76_2,-3.05,-0.43571428571428567,3,,./report/pdb_by_site/site_all_3_76_2_3.sdf
76_2,-3.0300000000000002,-0.4328571428571429,27,,./report/pdb_by_site/site_all_27_76_2_1.sdf
76_2,-3.0300000000000002,-0.4328571428571429,69,,./report/pdb_by_site/site_all_69_76_2_1.sdf
76_2,-2.9993,-0.42847142857142856,51,,./report/pdb_by_site/site_all_51_76_2_1.sdf
76_2,-2.99,-0.42714285714285716,67,,./report/pdb_by_site/site_all_67_76_2_1.sdf
76_2,-2.92,-0.41714285714285715,100,,./report/pdb_by_site/site_all_100_76_2_1.sdf
76_2,-2.918,-0.41685714285714287,53,,./report/pdb_by_site/site_all_53_76_2_1.sdf
76_2,-2.9043300000000003,-0.4149042857142858,38,,./report/pdb_by_site/site_all_38_76_2_1.sdf
76_2,-2.857,-0.4081428571428572,81,,./report/pdb_by_site/site_all_81_76_2_1.sdf
76_2,-2.84,-0.4057142857142857,5,,./report/pdb_by_site/site_all_5_76_2_2.sdf
76_2,-2.8213,-0.40304285714285715,24,,./report/pdb_by_site/site_all_24_76_2_1.sdf
76_2,-2.817,-0.40242857142857147,69,,./report/pdb_by_site/site_all_69_76_2_2.sdf
76_2,-2.795,-0.3992857142857143,40,,./report/pdb_by_site/site_all_40_76_2_1.sdf
76_2,-2.69,-0.3842857142857143,49,,./report/pdb_by_site/site_all_49_76_2_1.sdf
76_2,-2.6580000000000004,-0.3797142857142858,90,,./report/pdb_by_site/site_all_90_76_2_1.sdf
76_2,-2.658,-0.3797142857142857,4,,./report/pdb_by_site/site_all_4_76_2_2.sdf
76_2,-2.6300000000000003,-0.3757142857142858,56,,./report/pdb_by_site/site_all_56_76_2_1.sdf
76_2,-2.63,-0.3757142857142857,58,,./report/pdb_by_site/site_all_58_76_2_2.sdf
76_2,-2.62,-0.3742857142857143,69,,./report/pdb_by_site/site_all_69_76_2_3.sdf
76_2,-2.585,-0.3692857142857143,65,,./report/pdb_by_site/site_all_65_76_2_1.sdf
76_2,-2.58,-0.3685714285714286,66,,./report/pdb_by_site/site_all_66_76_2_1.sdf
76_2,-2.564,-0.36628571428571427,111,,./report/pdb_by_site/site_all_111_76_2_1.sdf
76_2,-2.549,-0.36414285714285716,35,,./report/pdb_by_site/site_all_35_76_2_1.sdf
76_2,-2.52,-0.36,93,,./report/pdb_by_site/site_all_93_76_2_1.sdf
76_2,-2.465,-0.35214285714285715,39,,./report/pdb_by_site/site_all_39_76_2_1.sdf
76_2,-2.465,-0.35214285714285715,75,,./report/pdb_by_site/site_all_75_76_2_1.sdf
76_2,-2.42,-0.3457142857142857,114,,./report/pdb_by_site/site_all_114_76_2_1.sdf
76_2,-2.3899999999999997,-0.34142857142857136,81,,./report/pdb_by_site/site_all_81_76_2_2.sdf
76_2,-2.365,-0.3378571428571429,22,,./report/pdb_by_site/site_all_22_76_2_2.sdf
76_2,-2.35,-0.33571428571428574,10,,./report/pdb_by_site/site_all_10_76_2_2.sdf
76_2,-2.34,-0.33428571428571424,80,,./report/pdb_by_site/site_all_80_76_2_2.sdf
76_2,-2.31,-0.33,27,,./report/pdb_by_site/site_all_27_76_2_2.sdf
76_2,-2.28,-0.3257142857142857,24,,./report/pdb_by_site/site_all_24_76_2_2.sdf
76_2,-2.248,-0.3211428571428572,102,,./report/pdb_by_site/site_all_102_76_2_1.sdf
76_2,-2.224,-0.3177142857142857,78,,./report/pdb_by_site/site_all_78_76_2_1.sdf
76_2,-2.22,-0.31714285714285717,91,,./report/pdb_by_site/site_all_91_76_2_1.sdf
76_2,-2.207,-0.3152857142857143,123,,./report/pdb_by_site/site_all_123_76_2_1.sdf
76_2,-2.16,-0.3085714285714286,92,,./report/pdb_by_site/site_all_92_76_2_1.sdf
76_2,-2.13,-0.30428571428571427,35,,./report/pdb_by_site/site_all_35_76_2_2.sdf
76_2,-2.085,-0.2978571428571429,112,,./report/pdb_by_site/site_all_112_76_2_1.sdf
76_2,-2.075,-0.29642857142857143,104,,./report/pdb_by_site/site_all_104_76_2_1.sdf
76_2,-2.04,-0.2914285714285714,109,,./report/pdb_by_site/site_all_109_76_2_1.sdf
76_2,-2.0389999999999997,-0.29128571428571426,74,,./report/pdb_by_site/site_all_74_76_2_2.sdf
76_2,-2.025,-0.28928571428571426,16,,./report/pdb_by_site/site_all_16_76_2_1.sdf
76_2,-2.025,-0.28928571428571426,93,,./report/pdb_by_site/site_all_93_76_2_2.sdf
76_2,-2.008,-0.28685714285714287,124,,./report/pdb_by_site/site_all_124_76_2_1.sdf
77,-5.9,-0.8428571428571429,3,,./report/pdb_by_site/site_all_3_77_1.sdf
77,-5.364999999999999,-0.7664285714285713,3,,./report/pdb_by_site/site_all_3_77_2.sdf
77,-4.954,-0.7077142857142856,10,,./report/pdb_by_site/site_all_10_77_1.sdf
77,-4.808,-0.6868571428571428,9,,./report/pdb_by_site/site_all_9_77_1.sdf
77,-4.386,-0.6265714285714286,2,,./report/pdb_by_site/site_all_2_77_1.sdf
77,-4.377,-0.6252857142857142,2,,./report/pdb_by_site/site_all_2_77_2.sdf
77,-4.300999999999999,-0.6144285714285713,3,,./report/pdb_by_site/site_all_3_77_3.sdf
77,-4.151,-0.593,2,,./report/pdb_by_site/site_all_2_77_3.sdf
77,-4.13,-0.59,5,,./report/pdb_by_site/site_all_5_77_1.sdf
77,-4.07,-0.5814285714285715,11,,./report/pdb_by_site/site_all_11_77_1.sdf
77,-3.9800000000000004,-0.5685714285714286,24,,./report/pdb_by_site/site_all_24_77_1.sdf
77,-3.6810000000000005,-0.5258571428571429,21,,./report/pdb_by_site/site_all_21_77_1.sdf
77,-3.6399999999999997,-0.5199999999999999,5,,./report/pdb_by_site/site_all_5_77_2.sdf
77,-3.6213,-0.5173285714285715,12,,./report/pdb_by_site/site_all_12_77_1.sdf
77,-3.5850000000000004,-0.5121428571428572,10,,./report/pdb_by_site/site_all_10_77_2.sdf
77,-3.54,-0.5057142857142857,17,,./report/pdb_by_site/site_all_17_77_1.sdf
77,-3.52,-0.5028571428571429,41,,./report/pdb_by_site/site_all_41_77_1.sdf
77,-3.476,-0.49657142857142855,10,,./report/pdb_by_site/site_all_10_77_3.sdf
77,-3.47,-0.4957142857142857,10,,./report/pdb_by_site/site_all_10_77_4.sdf
77,-3.4483,-0.4926142857142857,24,,./report/pdb_by_site/site_all_24_77_2.sdf
77,-3.3983,-0.48547142857142855,3,,./report/pdb_by_site/site_all_3_77_4.sdf
77,-3.34,-0.47714285714285715,5,,./report/pdb_by_site/site_all_5_77_3.sdf
77,-3.331,-0.47585714285714287,20,,./report/pdb_by_site/site_all_20_77_1.sdf
77,-3.281,-0.46871428571428575,25,,./report/pdb_by_site/site_all_25_77_1.sdf
77,-3.21,-0.4585714285714286,18,,./report/pdb_by_site/site_all_18_77_1.sdf
77,-3.1100000000000003,-0.44428571428571434,50,,./report/pdb_by_site/site_all_50_77_1.sdf
77,-3.0660000000000003,-0.43800000000000006,26,,./report/pdb_by_site/site_all_26_77_1.sdf
77,-3.0100000000000002,-0.43000000000000005,22,,./report/pdb_by_site/site_all_22_77_1.sdf
77,-3.0,-0.42857142857142855,20,,./report/pdb_by_site/site_all_20_77_2.sdf
77,-2.9659999999999997,-0.42371428571428565,27,,./report/pdb_by_site/site_all_27_77_1.sdf
77,-2.9509999999999996,-0.42157142857142854,3,,./report/pdb_by_site/site_all_3_77_5.sdf
77,-2.89,-0.41285714285714287,30,,./report/pdb_by_site/site_all_30_77_1.sdf
77,-2.8800000000000003,-0.4114285714285715,57,,./report/pdb_by_site/site_all_57_77_1.sdf
77,-2.8510000000000004,-0.40728571428571436,15,,./report/pdb_by_site/site_all_15_77_1.sdf
77,-2.85,-0.40714285714285714,30,,./report/pdb_by_site/site_all_30_77_2.sdf
77,-2.832,-0.4045714285714285,19,,./report/pdb_by_site/site_all_19_77_1.sdf
77,-2.77,-0.39571428571428574,56,,./report/pdb_by_site/site_all_56_77_1.sdf
77,-2.7399999999999998,-0.3914285714285714,58,,./report/pdb_by_site/site_all_58_77_1.sdf
77,-2.702,-0.386,27,,./report/pdb_by_site/site_all_27_77_2.sdf
77,-2.655,-0.3792857142857143,85,,./report/pdb_by_site/site_all_85_77_1.sdf
77,-2.6047999999999996,-0.3721142857142857,10,,./report/pdb_by_site/site_all_10_77_5.sdf
77,-2.58,-0.3685714285714286,36,,./report/pdb_by_site/site_all_36_77_1.sdf
77,-2.56,-0.3657142857142857,57,,./report/pdb_by_site/site_all_57_77_2.sdf
77,-2.531,-0.3615714285714286,44,,./report/pdb_by_site/site_all_44_77_1.sdf
77,-2.5109999999999997,-0.35871428571428565,80,,./report/pdb_by_site/site_all_80_77_1.sdf
77,-2.4320000000000004,-0.3474285714285715,41,,./report/pdb_by_site/site_all_41_77_2.sdf
77,-2.43,-0.34714285714285714,10,,./report/pdb_by_site/site_all_10_77_6.sdf
77,-2.41,-0.3442857142857143,57,,./report/pdb_by_site/site_all_57_77_3.sdf
77,-2.405,-0.3435714285714285,41,,./report/pdb_by_site/site_all_41_77_3.sdf
77,-2.401,-0.34299999999999997,38,,./report/pdb_by_site/site_all_38_77_1.sdf
77,-2.381,-0.34014285714285714,31,,./report/pdb_by_site/site_all_31_77_1.sdf
77,-2.38,-0.33999999999999997,17,,./report/pdb_by_site/site_all_17_77_2.sdf
77,-2.35,-0.33571428571428574,11,,./report/pdb_by_site/site_all_11_77_2.sdf
77,-2.3443000000000005,-0.3349000000000001,9,,./report/pdb_by_site/site_all_9_77_2.sdf
77,-2.34,-0.33428571428571424,80,,./report/pdb_by_site/site_all_80_77_2.sdf
77,-2.3000000000000003,-0.3285714285714286,58,,./report/pdb_by_site/site_all_58_77_2.sdf
77,-2.29,-0.3271428571428571,56,,./report/pdb_by_site/site_all_56_77_2.sdf
77,-2.2765,-0.32521428571428573,53,,./report/pdb_by_site/site_all_53_77_1.sdf
77,-2.262,-0.3231428571428571,79,,./report/pdb_by_site/site_all_79_77_1.sdf
77,-2.25,-0.32142857142857145,77,,./report/pdb_by_site/site_all_77_77_1.sdf
77,-2.2083000000000004,-0.3154714285714286,21,,./report/pdb_by_site/site_all_21_77_2.sdf
77,-2.1877000000000004,-0.3125285714285715,3,,./report/pdb_by_site/site_all_3_77_6.sdf
77,-2.18,-0.31142857142857144,41,,./report/pdb_by_site/site_all_41_77_4.sdf
77,-2.138,-0.30542857142857144,27,,./report/pdb_by_site/site_all_27_77_3.sdf
77,-2.111,-0.3015714285714286,115,,./report/pdb_by_site/site_all_115_77_1.sdf
77,-2.104,-0.3005714285714286,80,,./report/pdb_by_site/site_all_80_77_3.sdf
77,-2.101,-0.30014285714285716,36,,./report/pdb_by_site/site_all_36_77_2.sdf
77,-2.096,-0.29942857142857143,56,,./report/pdb_by_site/site_all_56_77_3.sdf
77,-2.086,-0.298,109,,./report/pdb_by_site/site_all_109_77_1.sdf
77,-2.0639999999999996,-0.2948571428571428,36,,./report/pdb_by_site/site_all_36_77_3.sdf
78_1,-4.57,-0.914,3,,./report/pdb_by_site/site_all_3_78_1_1.sdf
78_1,-3.96,-0.792,9,,./report/pdb_by_site/site_all_9_78_1_1.sdf
78_1,-3.67,-0.734,2,,./report/pdb_by_site/site_all_2_78_1_1.sdf
78_1,-3.617,-0.7234,4,,./report/pdb_by_site/site_all_4_78_1_1.sdf
78_1,-3.5300000000000002,-0.7060000000000001,10,,./report/pdb_by_site/site_all_10_78_1_1.sdf
78_1,-3.45,-0.6900000000000001,2,,./report/pdb_by_site/site_all_2_78_1_2.sdf
78_1,-3.4000000000000004,-0.68,11,,./report/pdb_by_site/site_all_11_78_1_1.sdf
78_1,-3.3,-0.6599999999999999,15,,./report/pdb_by_site/site_all_15_78_1_1.sdf
78_1,-3.29,-0.658,5,,./report/pdb_by_site/site_all_5_78_1_1.sdf
78_1,-3.27,-0.654,10,,./report/pdb_by_site/site_all_10_78_1_2.sdf
78_1,-3.2499999999999996,-0.6499999999999999,17,,./report/pdb_by_site/site_all_17_78_1_1.sdf
78_1,-3.15,-0.63,10,,./report/pdb_by_site/site_all_10_78_1_3.sdf
78_1,-3.1390000000000002,-0.6278,21,,./report/pdb_by_site/site_all_21_78_1_1.sdf
78_1,-3.0300000000000002,-0.6060000000000001,20,,./report/pdb_by_site/site_all_20_78_1_1.sdf
78_1,-3.02,-0.604,22,,./report/pdb_by_site/site_all_22_78_1_1.sdf
78_1,-3.02,-0.604,19,,./report/pdb_by_site/site_all_19_78_1_1.sdf
78_1,-3.0,-0.6,2,,./report/pdb_by_site/site_all_2_78_1_3.sdf
78_1,-2.9800000000000004,-0.5960000000000001,10,,./report/pdb_by_site/site_all_10_78_1_4.sdf
78_1,-2.98,-0.596,19,,./report/pdb_by_site/site_all_19_78_1_2.sdf
78_1,-2.97,-0.5940000000000001,12,,./report/pdb_by_site/site_all_12_78_1_1.sdf
78_1,-2.9299999999999997,-0.586,5,,./report/pdb_by_site/site_all_5_78_1_2.sdf
78_1,-2.9199999999999995,-0.5839999999999999,26,,./report/pdb_by_site/site_all_26_78_1_1.sdf
78_1,-2.91,-0.5820000000000001,22,,./report/pdb_by_site/site_all_22_78_1_2.sdf
78_1,-2.8899999999999997,-0.578,24,,./report/pdb_by_site/site_all_24_78_1_1.sdf
78_1,-2.87,-0.5740000000000001,5,,./report/pdb_by_site/site_all_5_78_1_3.sdf
78_1,-2.78,-0.5559999999999999,50,,./report/pdb_by_site/site_all_50_78_1_1.sdf
78_1,-2.77,-0.554,30,,./report/pdb_by_site/site_all_30_78_1_1.sdf
78_1,-2.7590000000000003,-0.5518000000000001,34,,./report/pdb_by_site/site_all_34_78_1_1.sdf
78_1,-2.66,-0.532,3,,./report/pdb_by_site/site_all_3_78_1_2.sdf
78_1,-2.6599999999999997,-0.5319999999999999,3,,./report/pdb_by_site/site_all_3_78_1_3.sdf
78_1,-2.65,-0.53,41,,./report/pdb_by_site/site_all_41_78_1_1.sdf
78_1,-2.6100000000000003,-0.522,25,,./report/pdb_by_site/site_all_25_78_1_1.sdf
78_1,-2.61,-0.522,57,,./report/pdb_by_site/site_all_57_78_1_1.sdf
78_1,-2.51,-0.502,27,,./report/pdb_by_site/site_all_27_78_1_1.sdf
78_1,-2.42,-0.484,56,,./report/pdb_by_site/site_all_56_78_1_1.sdf
78_1,-2.41,-0.48200000000000004,27,,./report/pdb_by_site/site_all_27_78_1_2.sdf
78_1,-2.41,-0.48200000000000004,17,,./report/pdb_by_site/site_all_17_78_1_2.sdf
78_1,-2.37,-0.47400000000000003,20,,./report/pdb_by_site/site_all_20_78_1_2.sdf
78_1,-2.33,-0.466,30,,./report/pdb_by_site/site_all_30_78_1_2.sdf
78_1,-2.31,-0.462,18,,./report/pdb_by_site/site_all_18_78_1_1.sdf
78_1,-2.28,-0.45599999999999996,53,,./report/pdb_by_site/site_all_53_78_1_1.sdf
78_1,-2.28,-0.45599999999999996,41,,./report/pdb_by_site/site_all_41_78_1_2.sdf
78_1,-2.228,-0.44560000000000005,38,,./report/pdb_by_site/site_all_38_78_1_1.sdf
78_1,-2.22,-0.44400000000000006,35,,./report/pdb_by_site/site_all_35_78_1_1.sdf
78_1,-2.21,-0.442,30,,./report/pdb_by_site/site_all_30_78_1_3.sdf
78_1,-2.18,-0.43600000000000005,41,,./report/pdb_by_site/site_all_41_78_1_3.sdf
78_1,-2.17,-0.434,3,,./report/pdb_by_site/site_all_3_78_1_4.sdf
78_1,-2.13,-0.426,58,,./report/pdb_by_site/site_all_58_78_1_1.sdf
78_1,-2.1,-0.42000000000000004,22,,./report/pdb_by_site/site_all_22_78_1_3.sdf
78_1,-2.0999999999999996,-0.41999999999999993,80,,./report/pdb_by_site/site_all_80_78_1_1.sdf
78_1,-2.0100000000000002,-0.402,58,,./report/pdb_by_site/site_all_58_78_1_2.sdf
78_1,-2.0013,-0.40026,61,,./report/pdb_by_site/site_all_61_78_1_1.sdf
78_2,-3.404,-0.6808,39,,./report/pdb_by_site/site_all_39_78_2_1.sdf
78_2,-3.4,-0.6799999999999999,36,,./report/pdb_by_site/site_all_36_78_2_1.sdf
78_2,-3.26,-0.6519999999999999,36,,./report/pdb_by_site/site_all_36_78_2_2.sdf
78_2,-3.2300000000000004,-0.6460000000000001,14,,./report/pdb_by_site/site_all_14_78_2_1.sdf
78_2,-3.13,-0.626,5,,./report/pdb_by_site/site_all_5_78_2_1.sdf
78_2,-3.09,-0.618,36,,./report/pdb_by_site/site_all_36_78_2_3.sdf
78_2,-2.75,-0.55,12,,./report/pdb_by_site/site_all_12_78_2_1.sdf
78_2,-2.728,-0.5456000000000001,38,,./report/pdb_by_site/site_all_38_78_2_1.sdf
78_2,-2.66,-0.532,31,,./report/pdb_by_site/site_all_31_78_2_1.sdf
78_2,-2.62,-0.524,5,,./report/pdb_by_site/site_all_5_78_2_2.sdf
78_2,-2.5810000000000004,-0.5162000000000001,81,,./report/pdb_by_site/site_all_81_78_2_1.sdf
78_2,-2.54,-0.508,22,,./report/pdb_by_site/site_all_22_78_2_1.sdf
78_2,-2.49,-0.49800000000000005,2,,./report/pdb_by_site/site_all_2_78_2_1.sdf
78_2,-2.37,-0.47400000000000003,34,,./report/pdb_by_site/site_all_34_78_2_1.sdf
78_2,-2.3070000000000004,-0.4614000000000001,31,,./report/pdb_by_site/site_all_31_78_2_2.sdf
78_2,-2.29,-0.458,40,,./report/pdb_by_site/site_all_40_78_2_1.sdf
78_2,-2.281,-0.45620000000000005,4,,./report/pdb_by_site/site_all_4_78_2_1.sdf
78_2,-2.2800000000000002,-0.45600000000000007,9,,./report/pdb_by_site/site_all_9_78_2_1.sdf
78_2,-2.25,-0.45,26,,./report/pdb_by_site/site_all_26_78_2_1.sdf
78_2,-2.22,-0.44400000000000006,9,,./report/pdb_by_site/site_all_9_78_2_2.sdf
78_2,-2.2199999999999998,-0.44399999999999995,86,,./report/pdb_by_site/site_all_86_78_2_1.sdf
78_2,-2.17,-0.434,15,,./report/pdb_by_site/site_all_15_78_2_1.sdf
78_2,-2.1620000000000004,-0.43240000000000006,12,,./report/pdb_by_site/site_all_12_78_2_2.sdf
78_2,-2.1399999999999997,-0.42799999999999994,22,,./report/pdb_by_site/site_all_22_78_2_2.sdf
78_2,-2.12,-0.42400000000000004,58,,./report/pdb_by_site/site_all_58_78_2_1.sdf
78_2,-2.1,-0.42000000000000004,10,,./report/pdb_by_site/site_all_10_78_2_1.sdf
78_2,-2.0999999999999996,-0.41999999999999993,75,,./report/pdb_by_site/site_all_75_78_2_1.sdf
78_2,-2.07,-0.414,21,,./report/pdb_by_site/site_all_21_78_2_1.sdf
78_2,-2.05,-0.41,65,,./report/pdb_by_site/site_all_65_78_2_1.sdf
78_2,-2.05,-0.41,15,,./report/pdb_by_site/site_all_15_78_2_2.sdf
78_2,-2.04,-0.40800000000000003,69,,./report/pdb_by_site/site_all_69_78_2_1.sdf
78_2,-2.036,-0.4072,53,,./report/pdb_by_site/site_all_53_78_2_1.sdf
78_2,-2.0300000000000002,-0.406,76,,./report/pdb_by_site/site_all_76_78_2_1.sdf
78_2,-2.012,-0.4024,12,,./report/pdb_by_site/site_all_12_78_2_3.sdf
78_2,-2.01,-0.40199999999999997,5,,./report/pdb_by_site/site_all_5_78_2_3.sdf
78_2,-2.01,-0.40199999999999997,25,,./report/pdb_by_site/site_all_25_78_2_1.sdf
79,-6.109999999999999,-1.0183333333333333,3,,./report/pdb_by_site/site_all_3_79_1.sdf
79,-5.619999999999999,-0.9366666666666665,10,,./report/pdb_by_site/site_all_10_79_1.sdf
79,-5.53,-0.9216666666666667,2,,./report/pdb_by_site/site_all_2_79_1.sdf
79,-5.41,-0.9016666666666667,9,,./report/pdb_by_site/site_all_9_79_1.sdf
79,-4.880000000000001,-0.8133333333333335,11,,./report/pdb_by_site/site_all_11_79_1.sdf
79,-4.82,-0.8033333333333333,10,,./report/pdb_by_site/site_all_10_79_2.sdf
79,-4.41,-0.735,5,,./report/pdb_by_site/site_all_5_79_1.sdf
79,-4.32,-0.7200000000000001,2,,./report/pdb_by_site/site_all_2_79_2.sdf
79,-4.118,-0.6863333333333334,21,,./report/pdb_by_site/site_all_21_79_1.sdf
79,-4.1,-0.6833333333333332,19,,./report/pdb_by_site/site_all_19_79_1.sdf
79,-4.09,-0.6816666666666666,10,,./report/pdb_by_site/site_all_10_79_3.sdf
79,-4.0600000000000005,-0.6766666666666667,27,,./report/pdb_by_site/site_all_27_79_1.sdf
79,-4.04,-0.6733333333333333,17,,./report/pdb_by_site/site_all_17_79_1.sdf
79,-4.01,-0.6683333333333333,24,,./report/pdb_by_site/site_all_24_79_1.sdf
79,-3.9899999999999998,-0.6649999999999999,18,,./report/pdb_by_site/site_all_18_79_1.sdf
79,-3.9899999999999998,-0.6649999999999999,15,,./report/pdb_by_site/site_all_15_79_1.sdf
79,-3.97,-0.6616666666666667,12,,./report/pdb_by_site/site_all_12_79_1.sdf
79,-3.9,-0.65,26,,./report/pdb_by_site/site_all_26_79_1.sdf
79,-3.8200000000000003,-0.6366666666666667,22,,./report/pdb_by_site/site_all_22_79_1.sdf
79,-3.71,-0.6183333333333333,41,,./report/pdb_by_site/site_all_41_79_1.sdf
79,-3.62,-0.6033333333333334,20,,./report/pdb_by_site/site_all_20_79_1.sdf
79,-3.5500000000000003,-0.5916666666666667,10,,./report/pdb_by_site/site_all_10_79_4.sdf
79,-3.4699999999999998,-0.5783333333333333,30,,./report/pdb_by_site/site_all_30_79_1.sdf
79,-3.42,-0.57,25,,./report/pdb_by_site/site_all_25_79_1.sdf
79,-3.3200000000000003,-0.5533333333333333,3,,./report/pdb_by_site/site_all_3_79_2.sdf
79,-3.3,-0.5499999999999999,5,,./report/pdb_by_site/site_all_5_79_2.sdf
79,-3.29,-0.5483333333333333,14,,./report/pdb_by_site/site_all_14_79_1.sdf
79,-3.28,-0.5466666666666666,5,,./report/pdb_by_site/site_all_5_79_3.sdf
79,-3.2600000000000002,-0.5433333333333333,30,,./report/pdb_by_site/site_all_30_79_2.sdf
79,-3.25,-0.5416666666666666,20,,./report/pdb_by_site/site_all_20_79_2.sdf
79,-3.22,-0.5366666666666667,19,,./report/pdb_by_site/site_all_19_79_2.sdf
79,-3.2199999999999998,-0.5366666666666666,56,,./report/pdb_by_site/site_all_56_79_1.sdf
79,-3.2,-0.5333333333333333,44,,./report/pdb_by_site/site_all_44_79_1.sdf
79,-3.1900000000000004,-0.5316666666666667,20,,./report/pdb_by_site/site_all_20_79_3.sdf
79,-3.13,-0.5216666666666666,51,,./report/pdb_by_site/site_all_51_79_1.sdf
79,-3.083,-0.5138333333333334,9,,./report/pdb_by_site/site_all_9_79_2.sdf
79,-3.0100000000000002,-0.5016666666666667,21,,./report/pdb_by_site/site_all_21_79_2.sdf
79,-3.0,-0.5,53,,./report/pdb_by_site/site_all_53_79_1.sdf
79,-2.9997,-0.49994999999999995,4,,./report/pdb_by_site/site_all_4_79_1.sdf
79,-2.94,-0.49,36,,./report/pdb_by_site/site_all_36_79_1.sdf
79,-2.92,-0.48666666666666664,27,,./report/pdb_by_site/site_all_27_79_2.sdf
79,-2.8899999999999997,-0.48166666666666663,41,,./report/pdb_by_site/site_all_41_79_2.sdf
79,-2.873,-0.4788333333333334,15,,./report/pdb_by_site/site_all_15_79_2.sdf
79,-2.8099999999999996,-0.46833333333333327,80,,./report/pdb_by_site/site_all_80_79_1.sdf
79,-2.8000000000000003,-0.46666666666666673,58,,./report/pdb_by_site/site_all_58_79_1.sdf
79,-2.7800000000000002,-0.4633333333333334,24,,./report/pdb_by_site/site_all_24_79_2.sdf
79,-2.7299999999999995,-0.4549999999999999,36,,./report/pdb_by_site/site_all_36_79_2.sdf
79,-2.71,-0.45166666666666666,22,,./report/pdb_by_site/site_all_22_79_2.sdf
79,-2.67,-0.445,49,,./report/pdb_by_site/site_all_49_79_1.sdf
79,-2.662,-0.44366666666666665,38,,./report/pdb_by_site/site_all_38_79_1.sdf
79,-2.6390000000000002,-0.43983333333333335,3,,./report/pdb_by_site/site_all_3_79_3.sdf
79,-2.62,-0.4366666666666667,85,,./report/pdb_by_site/site_all_85_79_1.sdf
79,-2.6199999999999997,-0.4366666666666666,41,,./report/pdb_by_site/site_all_41_79_3.sdf
79,-2.61,-0.435,58,,./report/pdb_by_site/site_all_58_79_2.sdf
79,-2.5700000000000003,-0.4283333333333334,3,,./report/pdb_by_site/site_all_3_79_4.sdf
79,-2.57,-0.4283333333333333,31,,./report/pdb_by_site/site_all_31_79_1.sdf
79,-2.52,-0.42,34,,./report/pdb_by_site/site_all_34_79_1.sdf
79,-2.51,-0.4183333333333333,94,,./report/pdb_by_site/site_all_94_79_1.sdf
79,-2.46,-0.41,77,,./report/pdb_by_site/site_all_77_79_1.sdf
79,-2.42,-0.4033333333333333,57,,./report/pdb_by_site/site_all_57_79_1.sdf
79,-2.38,-0.39666666666666667,81,,./report/pdb_by_site/site_all_81_79_1.sdf
79,-2.35,-0.39166666666666666,17,,./report/pdb_by_site/site_all_17_79_2.sdf
79,-2.34,-0.38999999999999996,79,,./report/pdb_by_site/site_all_79_79_1.sdf
79,-2.33,-0.38833333333333336,36,,./report/pdb_by_site/site_all_36_79_3.sdf
79,-2.3200000000000003,-0.3866666666666667,56,,./report/pdb_by_site/site_all_56_79_2.sdf
79,-2.3,-0.3833333333333333,14,,./report/pdb_by_site/site_all_14_79_2.sdf
79,-2.25,-0.375,75,,./report/pdb_by_site/site_all_75_79_1.sdf
79,-2.2399999999999998,-0.3733333333333333,115,,./report/pdb_by_site/site_all_115_79_1.sdf
79,-2.19,-0.365,80,,./report/pdb_by_site/site_all_80_79_2.sdf
79,-2.19,-0.365,67,,./report/pdb_by_site/site_all_67_79_1.sdf
79,-2.18,-0.36333333333333334,111,,./report/pdb_by_site/site_all_111_79_1.sdf
79,-2.12,-0.35333333333333333,121,,./report/pdb_by_site/site_all_121_79_1.sdf
79,-2.0900000000000003,-0.3483333333333334,109,,./report/pdb_by_site/site_all_109_79_1.sdf
79,-2.09,-0.34833333333333333,111,,./report/pdb_by_site/site_all_111_79_2.sdf
79,-2.063,-0.3438333333333334,85,,./report/pdb_by_site/site_all_85_79_2.sdf
79,-2.046,-0.34099999999999997,108,,./report/pdb_by_site/site_all_108_79_1.sdf
79,-2.0300000000000002,-0.3383333333333334,61,,./report/pdb_by_site/site_all_61_79_1.sdf
79,-2.02,-0.33666666666666667,75,,./report/pdb_by_site/site_all_75_79_2.sdf
79,-2.01,-0.33499999999999996,11,,./report/pdb_by_site/site_all_11_79_2.sdf
80,-5.35,-0.7642857142857142,3,,./report/pdb_by_site/site_all_3_80_1.sdf
80,-4.890000000000001,-0.6985714285714286,2,,./report/pdb_by_site/site_all_2_80_1.sdf
80,-4.7,-0.6714285714285715,2,,./report/pdb_by_site/site_all_2_80_2.sdf
80,-4.59,-0.6557142857142857,9,,./report/pdb_by_site/site_all_9_80_1.sdf
80,-4.42,-0.6314285714285715,10,,./report/pdb_by_site/site_all_10_80_1.sdf
80,-4.26,-0.6085714285714285,11,,./report/pdb_by_site/site_all_11_80_1.sdf
80,-4.09,-0.5842857142857143,5,,./report/pdb_by_site/site_all_5_80_1.sdf
80,-4.06,-0.58,10,,./report/pdb_by_site/site_all_10_80_2.sdf
80,-4.0,-0.5714285714285714,18,,./report/pdb_by_site/site_all_18_80_1.sdf
80,-3.99,-0.5700000000000001,10,,./report/pdb_by_site/site_all_10_80_3.sdf
80,-3.8900000000000006,-0.5557142857142858,17,,./report/pdb_by_site/site_all_17_80_1.sdf
80,-3.86,-0.5514285714285714,41,,./report/pdb_by_site/site_all_41_80_1.sdf
80,-3.8400000000000003,-0.5485714285714286,24,,./report/pdb_by_site/site_all_24_80_1.sdf
80,-3.84,-0.5485714285714286,26,,./report/pdb_by_site/site_all_26_80_1.sdf
80,-3.8200000000000007,-0.5457142857142858,12,,./report/pdb_by_site/site_all_12_80_1.sdf
80,-3.8,-0.5428571428571428,10,,./report/pdb_by_site/site_all_10_80_4.sdf
80,-3.7100000000000004,-0.53,24,,./report/pdb_by_site/site_all_24_80_2.sdf
80,-3.6899999999999995,-0.527142857142857,5,,./report/pdb_by_site/site_all_5_80_2.sdf
80,-3.68,-0.5257142857142857,2,,./report/pdb_by_site/site_all_2_80_3.sdf
80,-3.6300000000000003,-0.5185714285714286,15,,./report/pdb_by_site/site_all_15_80_1.sdf
80,-3.57,-0.51,19,,./report/pdb_by_site/site_all_19_80_1.sdf
80,-3.56,-0.5085714285714286,41,,./report/pdb_by_site/site_all_41_80_2.sdf
80,-3.53,-0.5042857142857142,20,,./report/pdb_by_site/site_all_20_80_1.sdf
80,-3.46,-0.4942857142857143,25,,./report/pdb_by_site/site_all_25_80_1.sdf
80,-3.45,-0.4928571428571429,5,,./report/pdb_by_site/site_all_5_80_3.sdf
80,-3.3000000000000007,-0.47142857142857153,3,,./report/pdb_by_site/site_all_3_80_2.sdf
80,-3.296,-0.4708571428571428,21,,./report/pdb_by_site/site_all_21_80_1.sdf
80,-3.2800000000000002,-0.4685714285714286,30,,./report/pdb_by_site/site_all_30_80_1.sdf
80,-3.2600000000000002,-0.46571428571428575,27,,./report/pdb_by_site/site_all_27_80_1.sdf
80,-3.24,-0.4628571428571429,17,,./report/pdb_by_site/site_all_17_80_2.sdf
80,-3.2,-0.4571428571428572,22,,./report/pdb_by_site/site_all_22_80_1.sdf
80,-3.16,-0.45142857142857146,44,,./report/pdb_by_site/site_all_44_80_1.sdf
80,-3.1499999999999995,-0.4499999999999999,57,,./report/pdb_by_site/site_all_57_80_1.sdf
80,-3.13,-0.4471428571428571,36,,./report/pdb_by_site/site_all_36_80_1.sdf
80,-3.0500000000000003,-0.4357142857142858,27,,./report/pdb_by_site/site_all_27_80_2.sdf
80,-2.95,-0.42142857142857143,80,,./report/pdb_by_site/site_all_80_80_1.sdf
80,-2.94,-0.42,36,,./report/pdb_by_site/site_all_36_80_2.sdf
80,-2.9399999999999995,-0.41999999999999993,30,,./report/pdb_by_site/site_all_30_80_2.sdf
80,-2.935,-0.4192857142857143,15,,./report/pdb_by_site/site_all_15_80_2.sdf
80,-2.88,-0.4114285714285714,21,,./report/pdb_by_site/site_all_21_80_2.sdf
80,-2.7499999999999996,-0.3928571428571428,9,,./report/pdb_by_site/site_all_9_80_2.sdf
80,-2.726,-0.3894285714285714,27,,./report/pdb_by_site/site_all_27_80_3.sdf
80,-2.71,-0.3871428571428571,19,,./report/pdb_by_site/site_all_19_80_2.sdf
80,-2.67,-0.3814285714285714,58,,./report/pdb_by_site/site_all_58_80_1.sdf
80,-2.6600000000000006,-0.38000000000000006,17,,./report/pdb_by_site/site_all_17_80_3.sdf
80,-2.66,-0.38,91,,./report/pdb_by_site/site_all_91_80_1.sdf
80,-2.64,-0.37714285714285717,58,,./report/pdb_by_site/site_all_58_80_2.sdf
80,-2.57,-0.3671428571428571,53,,./report/pdb_by_site/site_all_53_80_1.sdf
80,-2.56,-0.3657142857142857,41,,./report/pdb_by_site/site_all_41_80_3.sdf
80,-2.5599999999999996,-0.36571428571428566,85,,./report/pdb_by_site/site_all_85_80_1.sdf
80,-2.547,-0.3638571428571429,38,,./report/pdb_by_site/site_all_38_80_1.sdf
80,-2.54,-0.3628571428571429,31,,./report/pdb_by_site/site_all_31_80_1.sdf
80,-2.52,-0.36,57,,./report/pdb_by_site/site_all_57_80_2.sdf
80,-2.46,-0.3514285714285714,57,,./report/pdb_by_site/site_all_57_80_3.sdf
80,-2.46,-0.3514285714285714,79,,./report/pdb_by_site/site_all_79_80_1.sdf
80,-2.4499999999999997,-0.35,67,,./report/pdb_by_site/site_all_67_80_1.sdf
80,-2.43,-0.34714285714285714,41,,./report/pdb_by_site/site_all_41_80_4.sdf
80,-2.38,-0.33999999999999997,77,,./report/pdb_by_site/site_all_77_80_1.sdf
80,-2.3549999999999995,-0.33642857142857135,3,,./report/pdb_by_site/site_all_3_80_3.sdf
80,-2.3500000000000005,-0.3357142857142858,67,,./report/pdb_by_site/site_all_67_80_2.sdf
80,-2.35,-0.33571428571428574,75,,./report/pdb_by_site/site_all_75_80_1.sdf
80,-2.35,-0.33571428571428574,80,,./report/pdb_by_site/site_all_80_80_2.sdf
80,-2.35,-0.33571428571428574,115,,./report/pdb_by_site/site_all_115_80_1.sdf
80,-2.33,-0.33285714285714285,24,,./report/pdb_by_site/site_all_24_80_3.sdf
80,-2.3200000000000003,-0.33142857142857146,87,,./report/pdb_by_site/site_all_87_80_1.sdf
80,-2.3,-0.32857142857142857,81,,./report/pdb_by_site/site_all_81_80_1.sdf
80,-2.294,-0.32771428571428574,38,,./report/pdb_by_site/site_all_38_80_2.sdf
80,-2.245,-0.32071428571428573,3,,./report/pdb_by_site/site_all_3_80_4.sdf
80,-2.24,-0.32,116,,./report/pdb_by_site/site_all_116_80_1.sdf
80,-2.239,-0.31985714285714284,35,,./report/pdb_by_site/site_all_35_80_1.sdf
80,-2.214,-0.3162857142857143,21,,./report/pdb_by_site/site_all_21_80_3.sdf
80,-2.16,-0.3085714285714286,75,,./report/pdb_by_site/site_all_75_80_2.sdf
80,-2.16,-0.3085714285714286,30,,./report/pdb_by_site/site_all_30_80_3.sdf
80,-2.136,-0.30514285714285716,74,,./report/pdb_by_site/site_all_74_80_1.sdf
80,-2.078,-0.2968571428571428,24,,./report/pdb_by_site/site_all_24_80_4.sdf
80,-2.07,-0.2957142857142857,56,,./report/pdb_by_site/site_all_56_80_1.sdf
80,-2.05,-0.2928571428571428,109,,./report/pdb_by_site/site_all_109_80_1.sdf
80,-2.034,-0.29057142857142854,44,,./report/pdb_by_site/site_all_44_80_2.sdf
80,-2.03,-0.29,108,,./report/pdb_by_site/site_all_108_80_1.sdf
80,-2.02,-0.2885714285714286,70,,./report/pdb_by_site/site_all_70_80_1.sdf
81_1,-5.64,-0.8057142857142857,3,,./report/pdb_by_site/site_all_3_81_1_1.sdf
81_1,-5.47,-0.7814285714285714,2,,./report/pdb_by_site/site_all_2_81_1_1.sdf
81_1,-5.279999999999999,-0.7542857142857142,9,,./report/pdb_by_site/site_all_9_81_1_1.sdf
81_1,-4.96,-0.7085714285714285,17,,./report/pdb_by_site/site_all_17_81_1_1.sdf
81_1,-4.8100000000000005,-0.6871428571428572,11,,./report/pdb_by_site/site_all_11_81_1_1.sdf
81_1,-4.48,-0.64,18,,./report/pdb_by_site/site_all_18_81_1_1.sdf
81_1,-4.47,-0.6385714285714286,10,,./report/pdb_by_site/site_all_10_81_1_1.sdf
81_1,-4.4399999999999995,-0.6342857142857142,41,,./report/pdb_by_site/site_all_41_81_1_1.sdf
81_1,-4.43,-0.6328571428571428,2,,./report/pdb_by_site/site_all_2_81_1_2.sdf
81_1,-4.380000000000001,-0.6257142857142858,10,,./report/pdb_by_site/site_all_10_81_1_2.sdf
81_1,-4.35,-0.6214285714285713,5,,./report/pdb_by_site/site_all_5_81_1_1.sdf
81_1,-4.2299999999999995,-0.6042857142857142,5,,./report/pdb_by_site/site_all_5_81_1_2.sdf
81_1,-4.22,-0.6028571428571429,30,,./report/pdb_by_site/site_all_30_81_1_1.sdf
81_1,-4.209999999999999,-0.6014285714285713,12,,./report/pdb_by_site/site_all_12_81_1_1.sdf
81_1,-4.16,-0.5942857142857143,21,,./report/pdb_by_site/site_all_21_81_1_1.sdf
81_1,-4.15,-0.5928571428571429,22,,./report/pdb_by_site/site_all_22_81_1_1.sdf
81_1,-4.0200000000000005,-0.5742857142857144,41,,./report/pdb_by_site/site_all_41_81_1_2.sdf
81_1,-4.01,-0.5728571428571428,10,,./report/pdb_by_site/site_all_10_81_1_3.sdf
81_1,-3.9299999999999997,-0.5614285714285714,19,,./report/pdb_by_site/site_all_19_81_1_1.sdf
81_1,-3.9200000000000004,-0.56,41,,./report/pdb_by_site/site_all_41_81_1_3.sdf
81_1,-3.8800000000000003,-0.5542857142857144,25,,./report/pdb_by_site/site_all_25_81_1_1.sdf
81_1,-3.86,-0.5514285714285714,27,,./report/pdb_by_site/site_all_27_81_1_1.sdf
81_1,-3.79,-0.5414285714285715,3,,./report/pdb_by_site/site_all_3_81_1_2.sdf
81_1,-3.72,-0.5314285714285715,24,,./report/pdb_by_site/site_all_24_81_1_1.sdf
81_1,-3.6,-0.5142857142857143,56,,./report/pdb_by_site/site_all_56_81_1_1.sdf
81_1,-3.5999999999999996,-0.5142857142857142,26,,./report/pdb_by_site/site_all_26_81_1_1.sdf
81_1,-3.55,-0.5071428571428571,57,,./report/pdb_by_site/site_all_57_81_1_1.sdf
81_1,-3.4400000000000004,-0.4914285714285715,10,,./report/pdb_by_site/site_all_10_81_1_4.sdf
81_1,-3.3000000000000003,-0.4714285714285715,44,,./report/pdb_by_site/site_all_44_81_1_1.sdf
81_1,-3.27,-0.46714285714285714,21,,./report/pdb_by_site/site_all_21_81_1_2.sdf
81_1,-3.26,-0.4657142857142857,58,,./report/pdb_by_site/site_all_58_81_1_1.sdf
81_1,-3.25,-0.4642857142857143,80,,./report/pdb_by_site/site_all_80_81_1_1.sdf
81_1,-3.22,-0.46,36,,./report/pdb_by_site/site_all_36_81_1_1.sdf
81_1,-3.1919999999999997,-0.45599999999999996,3,,./report/pdb_by_site/site_all_3_81_1_3.sdf
81_1,-3.17,-0.45285714285714285,20,,./report/pdb_by_site/site_all_20_81_1_1.sdf
81_1,-3.0999999999999996,-0.4428571428571428,27,,./report/pdb_by_site/site_all_27_81_1_2.sdf
81_1,-3.06,-0.43714285714285717,36,,./report/pdb_by_site/site_all_36_81_1_2.sdf
81_1,-2.88,-0.4114285714285714,77,,./report/pdb_by_site/site_all_77_81_1_1.sdf
81_1,-2.8727,-0.4103857142857143,17,,./report/pdb_by_site/site_all_17_81_1_2.sdf
81_1,-2.87,-0.41000000000000003,67,,./report/pdb_by_site/site_all_67_81_1_1.sdf
81_1,-2.82,-0.40285714285714286,24,,./report/pdb_by_site/site_all_24_81_1_2.sdf
81_1,-2.73,-0.39,15,,./report/pdb_by_site/site_all_15_81_1_1.sdf
81_1,-2.6900000000000004,-0.38428571428571434,10,,./report/pdb_by_site/site_all_10_81_1_5.sdf
81_1,-2.6800000000000006,-0.38285714285714295,103,,./report/pdb_by_site/site_all_103_81_1_1.sdf
81_1,-2.68,-0.3828571428571429,91,,./report/pdb_by_site/site_all_91_81_1_1.sdf
81_1,-2.68,-0.3828571428571429,79,,./report/pdb_by_site/site_all_79_81_1_1.sdf
81_1,-2.6799999999999997,-0.38285714285714284,58,,./report/pdb_by_site/site_all_58_81_1_2.sdf
81_1,-2.66,-0.38,85,,./report/pdb_by_site/site_all_85_81_1_1.sdf
81_1,-2.62,-0.3742857142857143,96,,./report/pdb_by_site/site_all_96_81_1_1.sdf
81_1,-2.6100000000000003,-0.3728571428571429,57,,./report/pdb_by_site/site_all_57_81_1_2.sdf
81_1,-2.56,-0.3657142857142857,80,,./report/pdb_by_site/site_all_80_81_1_2.sdf
81_1,-2.5599999999999996,-0.36571428571428566,22,,./report/pdb_by_site/site_all_22_81_1_2.sdf
81_1,-2.55,-0.36428571428571427,98,,./report/pdb_by_site/site_all_98_81_1_1.sdf
81_1,-2.5,-0.35714285714285715,108,,./report/pdb_by_site/site_all_108_81_1_1.sdf
81_1,-2.5,-0.35714285714285715,81,,./report/pdb_by_site/site_all_81_81_1_1.sdf
81_1,-2.488,-0.3554285714285714,20,,./report/pdb_by_site/site_all_20_81_1_2.sdf
81_1,-2.48,-0.35428571428571426,111,,./report/pdb_by_site/site_all_111_81_1_1.sdf
81_1,-2.48,-0.35428571428571426,41,,./report/pdb_by_site/site_all_41_81_1_4.sdf
81_1,-2.42,-0.3457142857142857,50,,./report/pdb_by_site/site_all_50_81_1_1.sdf
81_1,-2.34,-0.33428571428571424,11,,./report/pdb_by_site/site_all_11_81_1_2.sdf
81_1,-2.3317,-0.3331,53,,./report/pdb_by_site/site_all_53_81_1_1.sdf
81_1,-2.3200000000000003,-0.33142857142857146,75,,./report/pdb_by_site/site_all_75_81_1_1.sdf
81_1,-2.29,-0.3271428571428571,85,,./report/pdb_by_site/site_all_85_81_1_2.sdf
81_1,-2.2800000000000002,-0.32571428571428573,87,,./report/pdb_by_site/site_all_87_81_1_1.sdf
81_1,-2.25,-0.32142857142857145,24,,./report/pdb_by_site/site_all_24_81_1_3.sdf
81_1,-2.25,-0.32142857142857145,104,,./report/pdb_by_site/site_all_104_81_1_1.sdf
81_1,-2.22,-0.31714285714285717,125,,./report/pdb_by_site/site_all_125_81_1_1.sdf
81_1,-2.16,-0.3085714285714286,56,,./report/pdb_by_site/site_all_56_81_1_2.sdf
81_1,-2.15,-0.3071428571428571,21,,./report/pdb_by_site/site_all_21_81_1_3.sdf
81_1,-2.15,-0.3071428571428571,57,,./report/pdb_by_site/site_all_57_81_1_3.sdf
81_1,-2.146,-0.30657142857142855,9,,./report/pdb_by_site/site_all_9_81_1_2.sdf
81_1,-2.1390000000000002,-0.3055714285714286,22,,./report/pdb_by_site/site_all_22_81_1_3.sdf
81_1,-2.134,-0.3048571428571428,38,,./report/pdb_by_site/site_all_38_81_1_1.sdf
81_1,-2.12,-0.3028571428571429,113,,./report/pdb_by_site/site_all_113_81_1_1.sdf
81_1,-2.071,-0.2958571428571429,74,,./report/pdb_by_site/site_all_74_81_1_1.sdf
81_1,-2.065,-0.295,76,,./report/pdb_by_site/site_all_76_81_1_1.sdf
81_2,-5.36,-0.7657142857142858,5,,./report/pdb_by_site/site_all_5_81_2_1.sdf
81_2,-5.359999999999999,-0.7657142857142857,2,,./report/pdb_by_site/site_all_2_81_2_1.sdf
81_2,-5.260000000000001,-0.7514285714285716,12,,./report/pdb_by_site/site_all_12_81_2_1.sdf
81_2,-5.15,-0.7357142857142858,17,,./report/pdb_by_site/site_all_17_81_2_1.sdf
81_2,-5.021,-0.7172857142857143,4,,./report/pdb_by_site/site_all_4_81_2_1.sdf
81_2,-4.98,-0.7114285714285715,3,,./report/pdb_by_site/site_all_3_81_2_1.sdf
81_2,-4.739999999999999,-0.677142857142857,31,,./report/pdb_by_site/site_all_31_81_2_1.sdf
81_2,-4.73,-0.6757142857142858,36,,./report/pdb_by_site/site_all_36_81_2_1.sdf
81_2,-4.6850000000000005,-0.6692857142857144,9,,./report/pdb_by_site/site_all_9_81_2_1.sdf
81_2,-4.41,-0.63,5,,./report/pdb_by_site/site_all_5_81_2_2.sdf
81_2,-4.41,-0.63,25,,./report/pdb_by_site/site_all_25_81_2_1.sdf
81_2,-4.36,-0.6228571428571429,22,,./report/pdb_by_site/site_all_22_81_2_1.sdf
81_2,-4.34,-0.62,10,,./report/pdb_by_site/site_all_10_81_2_1.sdf
81_2,-4.3100000000000005,-0.6157142857142858,11,,./report/pdb_by_site/site_all_11_81_2_1.sdf
81_2,-4.27,-0.61,14,,./report/pdb_by_site/site_all_14_81_2_1.sdf
81_2,-4.260000000000001,-0.6085714285714287,3,,./report/pdb_by_site/site_all_3_81_2_2.sdf
81_2,-4.253,-0.6075714285714285,26,,./report/pdb_by_site/site_all_26_81_2_1.sdf
81_2,-4.07,-0.5814285714285715,36,,./report/pdb_by_site/site_all_36_81_2_2.sdf
81_2,-4.050000000000001,-0.5785714285714286,58,,./report/pdb_by_site/site_all_58_81_2_1.sdf
81_2,-4.03,-0.5757142857142857,18,,./report/pdb_by_site/site_all_18_81_2_1.sdf
81_2,-3.9400000000000004,-0.562857142857143,14,,./report/pdb_by_site/site_all_14_81_2_2.sdf
81_2,-3.867,-0.5524285714285714,36,,./report/pdb_by_site/site_all_36_81_2_3.sdf
81_2,-3.863,-0.5518571428571428,19,,./report/pdb_by_site/site_all_19_81_2_1.sdf
81_2,-3.8099999999999996,-0.5442857142857143,30,,./report/pdb_by_site/site_all_30_81_2_1.sdf
81_2,-3.7799999999999994,-0.5399999999999999,44,,./report/pdb_by_site/site_all_44_81_2_1.sdf
81_2,-3.691,-0.5272857142857142,19,,./report/pdb_by_site/site_all_19_81_2_2.sdf
81_2,-3.674,-0.5248571428571428,15,,./report/pdb_by_site/site_all_15_81_2_1.sdf
81_2,-3.649,-0.5212857142857142,41,,./report/pdb_by_site/site_all_41_81_2_1.sdf
81_2,-3.62,-0.5171428571428571,27,,./report/pdb_by_site/site_all_27_81_2_1.sdf
81_2,-3.601,-0.5144285714285715,38,,./report/pdb_by_site/site_all_38_81_2_1.sdf
81_2,-3.58,-0.5114285714285715,21,,./report/pdb_by_site/site_all_21_81_2_1.sdf
81_2,-3.55,-0.5071428571428571,79,,./report/pdb_by_site/site_all_79_81_2_1.sdf
81_2,-3.5079999999999996,-0.5011428571428571,12,,./report/pdb_by_site/site_all_12_81_2_2.sdf
81_2,-3.497,-0.49957142857142856,36,,./report/pdb_by_site/site_all_36_81_2_4.sdf
81_2,-3.4909999999999997,-0.49871428571428567,21,,./report/pdb_by_site/site_all_21_81_2_2.sdf
81_2,-3.4699999999999998,-0.49571428571428566,27,,./report/pdb_by_site/site_all_27_81_2_2.sdf
81_2,-3.354,-0.47914285714285715,38,,./report/pdb_by_site/site_all_38_81_2_2.sdf
81_2,-3.2600000000000002,-0.46571428571428575,80,,./report/pdb_by_site/site_all_80_81_2_1.sdf
81_2,-3.26,-0.4657142857142857,75,,./report/pdb_by_site/site_all_75_81_2_1.sdf
81_2,-3.26,-0.4657142857142857,48,,./report/pdb_by_site/site_all_48_81_2_1.sdf
81_2,-3.22,-0.46,41,,./report/pdb_by_site/site_all_41_81_2_2.sdf
81_2,-3.17,-0.45285714285714285,69,,./report/pdb_by_site/site_all_69_81_2_1.sdf
81_2,-3.16,-0.45142857142857146,2,,./report/pdb_by_site/site_all_2_81_2_2.sdf
81_2,-3.12,-0.44571428571428573,96,,./report/pdb_by_site/site_all_96_81_2_1.sdf
81_2,-3.0447000000000006,-0.43495714285714293,48,,./report/pdb_by_site/site_all_48_81_2_2.sdf
81_2,-2.991,-0.4272857142857143,31,,./report/pdb_by_site/site_all_31_81_2_2.sdf
81_2,-2.9770000000000003,-0.4252857142857143,81,,./report/pdb_by_site/site_all_81_81_2_1.sdf
81_2,-2.96,-0.4228571428571429,67,,./report/pdb_by_site/site_all_67_81_2_1.sdf
81_2,-2.926,-0.41800000000000004,109,,./report/pdb_by_site/site_all_109_81_2_1.sdf
81_2,-2.874,-0.4105714285714286,22,,./report/pdb_by_site/site_all_22_81_2_2.sdf
81_2,-2.859,-0.4084285714285714,24,,./report/pdb_by_site/site_all_24_81_2_1.sdf
81_2,-2.8410000000000006,-0.40585714285714297,4,,./report/pdb_by_site/site_all_4_81_2_2.sdf
81_2,-2.8400000000000007,-0.4057142857142858,40,,./report/pdb_by_site/site_all_40_81_2_1.sdf
81_2,-2.787,-0.39814285714285713,65,,./report/pdb_by_site/site_all_65_81_2_1.sdf
81_2,-2.78,-0.39714285714285713,30,,./report/pdb_by_site/site_all_30_81_2_2.sdf
81_2,-2.7699999999999996,-0.39571428571428563,15,,./report/pdb_by_site/site_all_15_81_2_2.sdf
81_2,-2.7529999999999997,-0.39328571428571424,53,,./report/pdb_by_site/site_all_53_81_2_1.sdf
81_2,-2.7439999999999998,-0.39199999999999996,9,,./report/pdb_by_site/site_all_9_81_2_2.sdf
81_2,-2.71,-0.3871428571428571,77,,./report/pdb_by_site/site_all_77_81_2_1.sdf
81_2,-2.6599999999999997,-0.37999999999999995,24,,./report/pdb_by_site/site_all_24_81_2_2.sdf
81_2,-2.655,-0.3792857142857143,35,,./report/pdb_by_site/site_all_35_81_2_1.sdf
81_2,-2.607,-0.37242857142857144,111,,./report/pdb_by_site/site_all_111_81_2_1.sdf
81_2,-2.5909999999999997,-0.3701428571428571,15,,./report/pdb_by_site/site_all_15_81_2_3.sdf
81_2,-2.59,-0.37,118,,./report/pdb_by_site/site_all_118_81_2_1.sdf
81_2,-2.572,-0.36742857142857144,75,,./report/pdb_by_site/site_all_75_81_2_2.sdf
81_2,-2.56,-0.3657142857142857,17,,./report/pdb_by_site/site_all_17_81_2_2.sdf
81_2,-2.54,-0.3628571428571429,38,,./report/pdb_by_site/site_all_38_81_2_3.sdf
81_2,-2.5380000000000003,-0.3625714285714286,39,,./report/pdb_by_site/site_all_39_81_2_1.sdf
81_2,-2.527,-0.36100000000000004,24,,./report/pdb_by_site/site_all_24_81_2_3.sdf
81_2,-2.451,-0.35014285714285714,90,,./report/pdb_by_site/site_all_90_81_2_1.sdf
81_2,-2.4483,-0.3497571428571429,76,,./report/pdb_by_site/site_all_76_81_2_1.sdf
81_2,-2.43,-0.34714285714285714,57,,./report/pdb_by_site/site_all_57_81_2_1.sdf
81_2,-2.4299999999999997,-0.3471428571428571,97,,./report/pdb_by_site/site_all_97_81_2_1.sdf
81_2,-2.415,-0.34500000000000003,56,,./report/pdb_by_site/site_all_56_81_2_1.sdf
81_2,-2.4,-0.34285714285714286,114,,./report/pdb_by_site/site_all_114_81_2_1.sdf
81_2,-2.3663,-0.33804285714285714,83,,./report/pdb_by_site/site_all_83_81_2_1.sdf
81_2,-2.35,-0.33571428571428574,114,,./report/pdb_by_site/site_all_114_81_2_2.sdf
81_2,-2.334,-0.33342857142857146,3,,./report/pdb_by_site/site_all_3_81_2_3.sdf
81_2,-2.3299999999999996,-0.3328571428571428,92,,./report/pdb_by_site/site_all_92_81_2_1.sdf
81_2,-2.32,-0.3314285714285714,109,,./report/pdb_by_site/site_all_109_81_2_2.sdf
81_2,-2.2880000000000003,-0.3268571428571429,74,,./report/pdb_by_site/site_all_74_81_2_1.sdf
81_2,-2.269,-0.3241428571428572,39,,./report/pdb_by_site/site_all_39_81_2_2.sdf
81_2,-2.234,-0.3191428571428571,69,,./report/pdb_by_site/site_all_69_81_2_2.sdf
81_2,-2.2199999999999998,-0.3171428571428571,93,,./report/pdb_by_site/site_all_93_81_2_1.sdf
81_2,-2.198,-0.314,53,,./report/pdb_by_site/site_all_53_81_2_2.sdf
81_2,-2.1870000000000003,-0.31242857142857144,116,,./report/pdb_by_site/site_all_116_81_2_1.sdf
81_2,-2.1799999999999997,-0.3114285714285714,24,,./report/pdb_by_site/site_all_24_81_2_4.sdf
81_2,-2.1799999999999997,-0.3114285714285714,67,,./report/pdb_by_site/site_all_67_81_2_2.sdf
81_2,-2.17,-0.31,106,,./report/pdb_by_site/site_all_106_81_2_1.sdf
81_2,-2.1610000000000005,-0.3087142857142858,78,,./report/pdb_by_site/site_all_78_81_2_1.sdf
81_2,-2.1599999999999997,-0.30857142857142855,85,,./report/pdb_by_site/site_all_85_81_2_1.sdf
81_2,-2.12,-0.3028571428571429,57,,./report/pdb_by_site/site_all_57_81_2_2.sdf
81_2,-2.04,-0.2914285714285714,72,,./report/pdb_by_site/site_all_72_81_2_1.sdf
81_2,-2.028,-0.2897142857142857,134,,./report/pdb_by_site/site_all_134_81_2_1.sdf
81_2,-2.02,-0.2885714285714286,113,,./report/pdb_by_site/site_all_113_81_2_1.sdf
81_2,-2.0077,-0.2868142857142857,55,,./report/pdb_by_site/site_all_55_81_2_1.sdf
