,MCC,Threshold
0,0.6071428571428571,1
1,0.8100925873009825,1
2,1.0,1
3,0.769800358919501,1
4,0.6546536707079772,1
